Keyword,Currency,Avg. monthly searches,Three month change,YoY change,Competition,Competition (indexed value),Top of page bid (low range),Top of page bid (high range),Ad impression share,Organic impression share,Organic average position,In account?,In plan?,Searches: Apr 2025,Searches: May 2025,Searches: Jun 2025,Searches: Jul 2025,Searches: Aug 2025,Searches: Sep 2025,Searches: Oct 2025,Searches: Nov 2025,Searches: Dec 2025,Searches: Jan 2026,Searches: Feb 2026,Searches: Mar 2026
deck builders,USD,4400,14%,39%,Low,25,6.39,31.23,9%,,,Y,,880,1300,1000,880,5400,6600,8100,14800,6600,880,880,1000
deck builder near me,USD,1000,60%,-45%,Low,32,12.86,48.69,15%,,,Y,,1300,1000,1000,590,880,880,1000,1000,1000,1000,880,1600
deck company near me,USD,210,325%,-76%,High,94,17.73,50.74,42%,,,,,260,320,320,140,210,260,320,390,170,40,140,170
deck construction near me,USD,20,-80%,-67%,High,67,,,10%,,,Y,,10,20,20,10,10,20,10,10,10,50,10,10
best deck builders near me,USD,30,100%,0%,High,71,14.65,73.6,35%,,,Y,,20,10,50,20,30,30,50,20,20,10,10,20
deck contractors near me,USD,1000,60%,-45%,Low,32,12.86,48.69,15%,,,,,1300,1000,1000,590,880,880,1000,1000,1000,1000,880,1600
deck company,USD,3600,150%,-55%,High,78,15.36,46.5,38%,,,Y,,70,90,50,50,4400,5400,8100,14800,6600,20,10,50
deck and patio builders near me,USD,10,0%,-67%,Medium,38,,,10%,,,,,40,20,10,10,10,10,10,10,10,10,10,10
deck installers near me,USD,20,50%,0%,Medium,53,14.85,50,33%,,,Y,,40,20,10,10,20,20,10,10,10,20,90,30
deck contractor,USD,2900,57%,-48%,Low,31,7.6,41.82,16%,,,Y,,170,170,170,140,4400,5400,6600,14800,6600,70,50,110
affordable deck builders near me,USD,10,?,0%,High,100,,,,,,,,0,10,0,10,0,10,10,10,0,0,10,10
decks near me,USD,1000,60%,-45%,Low,32,12.86,48.69,15%,,,,,1300,1000,1000,590,880,880,1000,1000,1000,1000,880,1600
deck replacement near me,USD,30,100%,33%,Medium,52,15.8,44.07,5%,,,Y,,90,10,20,20,40,20,10,10,10,20,70,40
deck designers near me,USD,10,?,0%,High,100,,,,,,,,10,10,10,10,10,10,10,10,10,0,0,10
deck and patio contractors near me,USD,20,-86%,-33%,High,75,31.07,63.6,10%,,,Y,,40,30,10,10,20,10,10,10,10,140,10,20
deck quotes near me,USD,10,0%,?,High,75,,,10%,,,,,0,10,10,10,10,0,10,0,0,10,0,10
deck remodeling near me,USD,10,0%,-50%,Medium,62,14.26,69.43,,,,Y,,20,20,10,10,10,20,10,40,10,10,10,10
deck replacement contractors,USD,30,200%,50%,Low,18,,,3%,,,Y,,10,20,40,70,30,140,20,10,10,10,20,30
custom deck builders near me,USD,30,40%,600%,Low,11,,,7%,,,Y,,70,10,20,10,50,30,10,10,0,50,10,70
decks by design,USD,10,0%,0%,Medium,43,,,,,,Y,,10,0,10,0,10,0,0,0,10,10,10,10
virginia deck builders,USD,50,-59%,75%,Medium,56,9.56,40.1,20%,,,Y,,40,40,70,30,70,40,50,30,10,170,70,70
wood deck builders near me,USD,10,?,?,High,100,,,,,,Y,,0,10,10,10,0,0,10,0,0,0,0,10
deck building companies near me,USD,1000,60%,-45%,Low,32,12.86,48.69,15%,,,Y,,1300,1000,1000,590,880,880,1000,1000,1000,1000,880,1600
deck repair contractors near me,USD,10,0%,0%,High,97,13.38,22.51,30%,,,,,0,10,10,10,10,10,10,0,10,10,10,10
patio builders near me,USD,90,-29%,-44%,High,94,11.59,46.01,4%,,,,,70,110,210,50,170,140,90,30,70,70,20,50
patio and deck builders near me,USD,10,0%,-67%,Medium,38,,,10%,,,,,40,20,10,10,10,10,10,10,10,10,10,10
deck builders in my area,USD,20,0%,0%,High,75,15.88,25.29,20%,,,Y,,50,50,40,20,20,10,10,10,0,10,0,10
deck remodeling,USD,20,300%,0%,High,69,11.2,30,8%,,,Y,,40,30,30,30,30,10,10,10,10,10,10,40
amish deck builders near me,USD,10,?,0%,High,86,,,,,,,,0,10,10,10,10,10,10,0,10,0,10,10
custom decks near me,USD,30,40%,600%,Low,11,,,7%,,,Y,,70,10,20,10,50,30,10,10,0,50,10,70
deck replacement contractors near me,USD,10,0%,?,High,100,,,40%,,,Y,,0,10,0,0,10,0,10,0,0,10,0,10
custom decks,USD,10,-67%,0%,Low,14,,,,,,Y,,10,10,10,10,10,10,10,10,10,30,20,10
deck work near me,USD,10,?,?,High,83,3.37,51.71,20%,,,,,10,10,10,0,10,10,0,10,0,0,0,10
deck builders with financing near me,USD,10,0%,0%,High,93,,,,,,,,0,10,0,10,0,10,0,10,10,10,0,10
deck and patio builders,USD,10,50%,200%,Medium,34,15.16,30.83,7%,,,Y,,10,20,10,10,10,10,20,10,10,20,10,30
deck and porch builders near me,USD,10,0%,0%,Medium,60,,,,,,Y,,10,10,30,10,10,10,10,10,10,10,0,10
deck installers,USD,90,100%,-33%,Low,14,9.2,24.82,2%,,,Y,,110,70,50,30,90,110,140,90,20,70,170,140
porch and deck builders near me,USD,10,0%,0%,Medium,60,,,,,,Y,,10,10,30,10,10,10,10,10,10,10,0,10
local deck builders,USD,10,0%,0%,Medium,44,,,,,,Y,,10,10,20,10,20,70,10,10,10,10,10,10
composite deck builders near me,USD,20,0%,0%,High,77,,,10%,,,Y,,10,10,10,20,10,30,90,20,10,10,10,10
deck renovation near me,USD,10,0%,0%,Medium,66,,,,,,,,0,10,10,10,10,10,10,10,10,10,10,10
decks decks and more decks,USD,10,0%,-100%,Unknown,,,,,,,Y,,0,0,10,0,0,0,0,0,0,0,0,0
deck construction,USD,70,133%,0%,Medium,34,6.48,23.77,7%,,,Y,,90,50,110,50,90,90,40,30,50,30,30,70
best deck contractors near me,USD,10,0%,-50%,Low,25,,,,,,Y,,0,10,0,0,10,0,10,0,0,10,0,10
decks and more,USD,10,-100%,0%,Unknown,,,,,,,,,10,0,10,10,10,10,10,0,0,10,10,0
deck remodelers near me,USD,10,0%,-100%,Unknown,,,,,,,Y,,0,10,10,0,0,0,0,0,0,0,0,0
outdoor deck builders near me,USD,10,?,-50%,High,100,,,,,,Y,,10,10,10,10,0,0,0,0,0,0,0,10
deck replacement,USD,40,100%,0%,High,89,11.35,33.65,35%,,,Y,,40,70,40,20,30,70,50,20,10,20,10,40
trex deck builders near me,USD,20,0%,?,High,67,,,50%,,,Y,,10,10,10,10,10,30,70,40,40,10,10,10
deck contractors in my area,USD,10,?,0%,High,73,5.33,31.71,10%,,,Y,,10,10,10,10,20,10,10,10,10,0,10,10
deck repair contractors,USD,50,250%,250%,Low,5,,,,,,Y,,20,40,70,70,110,90,50,30,10,20,20,70
decks and porches,USD,10,0%,-67%,High,75,3.12,29.18,,,,Y,,20,10,20,10,20,10,10,10,20,10,10,10
deck services near me,USD,10,0%,-67%,High,71,19.51,51.03,30%,,,Y,,10,10,10,10,10,10,10,10,0,10,10,10
patio and deck contractors near me,USD,20,-86%,-33%,High,75,31.07,63.6,10%,,,Y,,40,30,10,10,20,10,10,10,10,140,10,20
wood deck contractors near me,USD,10,?,0%,High,100,,,,,,Y,,10,0,0,0,10,0,0,0,0,0,0,10
local deck builders near me,USD,10,0%,?,Low,29,,,,,,Y,,10,10,10,20,10,10,10,10,10,10,0,10
composite deck installers near me,USD,10,0%,-100%,Unknown,,,,,,,Y,,10,0,10,0,0,10,0,0,10,0,0,0
backyard deck builders near me,USD,10,-100%,0%,Unknown,,,,,,,Y,,0,0,0,0,0,0,10,10,0,10,0,0
deck building companies,USD,10,0%,-67%,Medium,60,,,20%,,,Y,,10,10,10,10,10,10,10,10,0,10,10,10
patio deck builders near me,USD,10,0%,-100%,Unknown,,,,,,,Y,,0,0,0,0,10,0,0,0,0,0,0,0
deck builders reviews,USD,10,0%,0%,Medium,39,,,,,,,,10,10,10,10,0,0,10,0,0,10,0,10
composite deck contractors near me,USD,10,0%,-50%,Medium,36,,,,,,Y,,30,10,10,10,10,0,10,0,10,10,0,10
deck design,USD,110,22%,-35%,High,82,2.38,6.69,11%,,,Y,,170,140,140,140,90,110,140,110,50,90,70,110
deck construction companies near me,USD,10,0%,-67%,Low,9,,,,,,Y,,20,10,10,10,70,20,10,0,0,10,10,10
porch builders near me,USD,260,0%,125%,Medium,38,8.48,30.51,10%,,,,,70,210,260,50,320,480,590,720,390,90,20,90
deck and porch contractors near me,USD,10,0%,0%,Low,0,,,,,,Y,,0,10,0,0,10,0,0,0,0,10,10,10
trex deck builder,USD,20,100%,-33%,Low,10,,,,,,Y,,10,20,20,10,30,50,10,10,40,10,10,20
deck cost,USD,30,100%,-71%,High,77,2.63,7.14,25%,,,Y,,40,70,50,30,40,30,20,20,10,10,20,20
deck rebuild near me,USD,10,0%,0%,High,71,22.41,45.04,,,,Y,,10,10,10,10,10,0,10,10,10,10,10,10
deck restoration near me,USD,10,200%,-40%,Medium,62,15.43,35.66,20%,,,Y,,20,20,20,10,20,10,10,10,10,10,10,30
local deck contractors,USD,10,0%,0%,Low,0,,,,,,Y,,30,20,20,10,10,10,0,0,0,10,0,10
deck building contractors near me,USD,10,0%,?,High,100,,,10%,,,Y,,10,10,0,0,10,0,10,0,0,10,0,10
wood deck repair near me,USD,10,0%,0%,Low,24,,,,,,Y,,10,10,10,10,0,10,10,10,0,10,10,10
trex deck installers near me,USD,10,0%,0%,High,95,,,,,,Y,,10,10,10,10,10,10,10,10,10,10,10,10
porch installation near me,USD,10,?,-98%,Low,0,,,,,,,,140,10,10,10,0,10,10,0,0,0,0,10
deck and patio contractors,USD,10,-50%,-50%,Low,0,,,,,,Y,,50,20,30,10,10,10,10,0,10,20,10,10
deck and porch builders,USD,10,?,0%,Low,25,,,,,,Y,,10,0,10,0,10,0,0,0,10,0,10,10
trex installers near me,USD,10,?,0%,High,100,,,10%,,,Y,,10,10,10,10,10,10,10,0,0,0,10,10
deck design tool,USD,10,0%,-50%,Medium,58,1.46,8.6,,,,,,20,20,20,10,10,20,10,10,10,10,10,10
deck installation companies,USD,10,?,?,Low,17,,,,,,Y,,0,0,0,0,0,10,10,0,10,0,0,10
deck repair near me,USD,140,271%,-19%,High,93,10.26,33.07,42%,,,Y,,320,210,260,140,170,170,110,50,20,70,50,260
deck building plans,USD,10,100%,0%,Medium,51,1.33,5.34,5%,,,,,20,20,20,10,10,10,20,10,10,10,10,20
deck repair companies near me,USD,10,0%,0%,Medium,64,4.8,19.68,40%,,,Y,,10,0,10,10,20,10,10,10,10,10,10,10
trex deck designer,USD,90,120%,267%,Low,13,0.75,6.84,2%,,,Y,,90,70,90,260,140,140,90,50,20,50,50,110
wood deck repair contractors near me,USD,10,?,0%,Medium,43,,,,,,Y,,10,10,0,10,10,0,10,0,0,0,10,10
cost to build a deck,USD,30,100%,-20%,Medium,53,2.91,7.27,13%,,,Y,,30,70,50,40,30,40,30,20,20,20,20,40
home deck builders near me,USD,10,0%,-100%,Unknown,,,,,,,Y,,10,0,0,10,10,0,0,0,0,0,0,0
patio deck contractors near me,USD,20,-86%,-33%,High,75,31.07,63.6,10%,,,,,40,30,10,10,20,10,10,10,10,140,10,20
deck replacement cost,USD,50,75%,0%,Medium,54,2.74,20.56,10%,,,Y,,70,90,50,90,70,40,50,30,20,40,40,70
amish deck builders,USD,10,?,?,Medium,54,5.08,13.12,10%,,,,,10,10,10,10,10,10,10,0,0,0,10,10
cheap deck builders near me,USD,10,0%,0%,Unknown,,,,,,,,,10,0,0,0,0,0,10,0,0,0,0,0
outdoor deck contractors near me,USD,10,?,0%,Medium,50,,,,,,,,0,0,0,0,0,0,10,0,0,0,0,10
deck professionals near me,USD,10,0%,0%,Unknown,,,,,,,,,10,10,0,0,10,10,10,10,10,0,0,0
deck replacement companies near me,USD,10,?,-67%,Medium,50,,,,,,Y,,10,10,0,10,10,10,0,10,0,0,10,10
best deck companies near me,USD,10,-50%,-50%,High,88,14.71,46.68,60%,,,,,30,10,10,10,10,10,10,10,10,20,10,10
deck estimates near me,USD,10,?,?,Medium,62,,,10%,,,Y,,10,0,0,10,0,10,0,10,0,0,10,10
decks and porches near me,USD,10,0%,0%,Unknown,,,,,,,,,10,0,0,0,0,0,0,10,10,0,10,0
new deck cost,USD,20,100%,-33%,Medium,65,3.47,12.89,30%,,,Y,,40,50,30,30,30,20,10,10,10,10,10,20
porch builder,USD,2900,0%,-40%,Low,16,8.85,19.1,3%,,,Y,,40,40,50,70,4400,5400,6600,12100,5400,30,10,30
deck installation companies near me,USD,20,50%,0%,Medium,53,14.85,50,33%,,,Y,,40,20,10,10,20,20,10,10,10,20,90,30
patio company near me,USD,260,0%,-93%,Medium,62,17.91,59.28,5%,,,,,390,170,260,70,260,320,390,480,210,110,210,110
top rated deck builders near me,USD,10,?,0%,High,80,,,,,,,,10,0,10,10,10,0,10,0,10,0,10,10
deck planner,USD,70,200%,0%,Medium,44,1.76,5.5,3%,,,,,110,90,110,110,70,70,70,40,30,30,50,90
porch and deck contractors near me,USD,10,0%,0%,Unknown,,,,,,,Y,,0,0,0,10,0,0,0,0,0,0,0,0
deck and fence company,USD,20,100%,-33%,High,93,4.31,37.62,5%,,,Y,,50,30,50,20,10,10,20,10,10,10,10,20
deck experts near me,USD,10,0%,-100%,Unknown,,,,,,,,,10,0,0,0,10,0,10,0,0,0,0,0
deck specialists near me,USD,10,0%,0%,Low,32,,,30%,,,,,10,10,10,10,0,10,10,10,10,10,30,10
deck installation cost,USD,20,300%,100%,Medium,39,4.65,27.27,8%,,,,,30,40,30,30,20,20,20,10,10,10,20,40
covered deck builders near me,USD,10,0%,0%,Unknown,,,,,,,,,20,10,0,0,10,10,0,0,0,0,0,0
best deck installers near me,USD,10,?,0%,Medium,57,,,10%,,,Y,,10,0,0,0,10,0,0,0,0,0,10,10
deck calculator,USD,90,175%,0%,Low,31,1.43,5.16,5%,,,,,110,140,110,90,110,90,110,30,30,40,50,110
outdoor deck builders,USD,10,?,?,High,100,,,10%,,,Y,,0,0,0,0,0,0,0,20,10,0,0,10
deck quote,USD,10,?,0%,High,80,12.44,59.93,50%,,,,,10,10,10,10,10,10,10,10,0,0,10,10
deck repair,USD,170,55%,-47%,Medium,62,6.06,23.67,23%,,,Y,,390,210,210,210,170,140,140,90,50,110,50,170
deck plans free,USD,10,0%,-50%,Medium,66,2.29,6.67,,,,,,20,20,20,30,10,10,10,10,10,10,10,10
deck porch builders near me,USD,10,?,?,High,100,,,,,,Y,,0,0,10,10,0,0,0,0,0,0,0,10
free deck designer,USD,10,0%,0%,Medium,51,1.49,7.81,30%,,,,,10,10,10,10,10,10,10,10,10,10,10,10
online deck designer,USD,10,0%,0%,High,77,1.73,4.82,10%,,,,,10,10,10,10,10,10,10,10,10,10,10,10
deck financing near me,USD,10,0%,0%,Low,17,,,10%,,,,,10,0,10,0,0,10,0,0,0,10,10,10
trex contractors,USD,10,0%,0%,Low,24,,,,,,Y,,10,10,10,10,10,0,10,10,10,10,10,10
trex decking contractors near me,USD,10,?,0%,High,100,,,,,,Y,,10,10,10,0,0,10,0,10,10,0,0,10
trex decking installers near me,USD,10,0%,0%,High,95,,,,,,Y,,10,10,10,10,10,10,10,10,10,10,10,10
deck design near me,USD,10,-80%,0%,Low,29,,,,,,,,10,10,10,10,20,0,0,0,0,50,0,10
composite deck builders,USD,10,0%,0%,Low,10,,,,,,Y,,30,20,20,10,20,10,10,10,10,10,10,10
deck rebuild contractor,USD,10,0%,0%,Low,0,,,,,,,,10,10,10,10,10,10,10,10,10,10,10,10
contractors for decks near me,USD,10,?,?,Low,29,,,,,,,,0,0,10,10,0,0,0,0,0,0,0,10
deck estimate,USD,10,0%,0%,High,86,7.7,32.85,60%,,,,,10,10,10,10,10,10,0,10,10,10,10,10
deck makers near me,USD,10,?,?,Low,0,,,,,,,,0,0,10,0,0,0,0,0,0,0,10,10
design a deck online free,USD,10,?,0%,Medium,62,1.15,5.33,,,,,,10,10,10,10,10,10,10,10,10,0,0,10
deck repair services near me,USD,10,0%,0%,High,93,,,10%,,,Y,,50,0,10,10,10,0,10,0,0,10,0,10
covered deck contractors near me,USD,10,?,?,High,71,,,,,,,,10,0,10,0,10,10,0,0,0,0,0,10
deck services,USD,10,0%,0%,Medium,60,,,,,,Y,,10,10,10,10,10,30,30,10,0,10,10,10
deck renovation,USD,20,300%,0%,High,69,11.2,30,8%,,,Y,,40,30,30,30,30,10,10,10,10,10,10,40
deck builders that offer financing,USD,10,0%,0%,Unknown,,,,,,,,,0,10,0,0,0,10,0,0,0,0,0,0
back porch builders near me,USD,10,?,?,Low,0,,,,,,,,10,0,0,0,0,0,0,0,0,0,0,10
i need a deck built,USD,10,0%,0%,Unknown,,,,,,,,,0,0,0,0,10,0,0,0,0,0,0,0
timbertech deck designer,USD,10,0%,0%,Low,24,,,,,,,,10,10,10,10,10,20,10,10,10,10,10,10
covered patio builders near me,USD,10,0%,?,Medium,37,,,,,,,,0,0,0,0,0,0,0,0,0,10,10,10
patio deck,USD,90,120%,-48%,High,90,3.49,16.74,13%,,,,,140,140,110,110,140,70,70,50,40,50,70,110
deck cost calculator,USD,20,100%,100%,Medium,35,2.75,5.12,5%,,,,,20,20,30,30,20,20,10,10,10,10,10,20
outdoor deck,USD,30,300%,-20%,High,98,2.41,11.94,13%,,,,,40,40,40,50,30,20,30,10,20,10,10,40
diy deck,USD,20,200%,50%,High,94,0.58,4.5,,,,,,50,40,20,30,20,20,20,20,10,10,10,30
top deck builders near me,USD,10,?,0%,High,100,,,30%,,,,,30,10,20,0,10,0,10,0,0,0,10,10
deck pricing,USD,10,0%,-50%,High,69,2.82,6.06,,,,,,20,20,20,20,20,10,10,10,10,10,10,10
professional deck builder,USD,10,?,0%,Low,29,,,,,,Y,,10,10,10,10,10,10,0,10,10,0,10,10
patio builders in my area,USD,10,0%,0%,Unknown,,,,,,,,,0,10,0,10,0,0,0,0,0,0,0,0
deck experts,USD,10,-100%,-100%,Unknown,,,,,,,Y,,10,10,10,10,10,0,0,10,0,10,0,0
outdoor deck installers near me,USD,0,0%,0%,Unknown,,,,,,,Y,,0,0,0,0,0,0,0,0,0,0,0,0
affordable decks near me,USD,10,?,?,High,71,,,,,,,,10,0,10,0,0,0,0,0,10,0,0,10
deck financing,USD,10,0%,0%,High,79,5.96,23.19,10%,,,,,10,10,10,10,10,10,10,0,10,10,10,10
deck estimate cost,USD,10,0%,-50%,High,86,2.55,8.56,10%,,,,,20,20,10,10,10,10,10,10,10,10,10,10
front porch builders near me,USD,10,0%,0%,Low,20,,,,,,,,10,10,10,10,10,10,10,10,0,10,10,10
deck and screened porch contractors near me,USD,10,?,0%,Low,0,,,,,,Y,,0,10,10,10,0,0,0,0,0,0,10,10
trex installers,USD,10,0%,-100%,Unknown,,,,,,,,,0,0,10,0,0,0,0,0,0,0,0,0
deck builders near me reviews,USD,10,0%,-100%,Unknown,,,,,,,,,0,0,0,10,0,0,0,0,0,0,0,0
backyard deck,USD,50,0%,0%,High,99,2.66,8.1,10%,,,Y,,70,50,50,70,70,30,50,50,20,40,20,40
deck blueprints,USD,70,200%,0%,Medium,44,1.76,5.5,3%,,,,,110,90,110,110,70,70,70,40,30,30,50,90
average cost to build a deck,USD,10,0%,0%,Medium,54,,,,,,Y,,10,10,10,10,10,10,10,10,10,10,10,10
loudoun deck,USD,40,750%,143%,Low,28,5.8,27.58,64%,,,Y,,70,50,30,20,10,10,10,10,10,20,20,170
patio deck builders,USD,10,0%,?,Medium,60,,,,,,Y,,10,10,10,0,10,10,10,0,10,10,10,10
composite decking companies near me,USD,10,?,?,High,100,,,,,,Y,,0,10,0,0,0,10,0,0,0,0,10,10
deck materials,USD,110,180%,-18%,High,90,1.36,4.86,7%,,,Y,,170,210,140,170,170,140,110,50,70,50,70,140
free deck design tool,USD,20,100%,0%,Medium,65,1.78,8.28,,,,,,10,20,30,20,20,10,10,10,20,10,10,20
deck and patio,USD,90,120%,-48%,High,90,3.49,16.74,13%,,,Y,,140,140,110,110,140,70,70,50,40,50,70,110
deck material calculator,USD,20,100%,0%,Medium,46,1.49,5.61,5%,,,,,40,20,20,20,10,10,20,10,10,10,10,20
deck renovation contractors near me,USD,10,0%,?,Low,0,,,,,,,,10,10,10,0,10,0,10,0,10,10,10,10
deck ideas,USD,140,240%,-35%,High,99,1.31,4.59,6%,,,,,260,260,170,140,140,140,110,70,30,50,40,170
patio decks near me,USD,10,0%,-67%,Medium,38,,,10%,,,,,40,20,10,10,10,10,10,10,10,10,10,10
deck repair cost,USD,20,200%,50%,Low,14,2.2,5.3,3%,,,,,30,30,40,40,30,20,20,20,10,10,20,30
build a deck near me,USD,10,0%,0%,Unknown,,,,,,,Y,,10,0,10,10,10,0,0,0,10,0,0,0
trex deck contractors,USD,20,100%,100%,Low,3,,,,,,,,40,40,40,30,30,20,10,10,10,10,10,20
average deck cost,USD,10,0%,-67%,Medium,63,2.3,12.3,10%,,,Y,,20,20,10,10,10,20,10,10,10,10,10,10
deck remodeling contractors near me,USD,0,0%,0%,Unknown,,,,,,,,,0,0,0,0,0,0,0,0,0,0,0,0
trex deck repair near me,USD,10,?,0%,High,86,,,30%,,,Y,,10,10,10,10,10,10,10,10,0,0,10,10
trex deck planner,USD,10,0%,0%,Medium,39,1.96,8.28,,,,,,10,10,10,10,10,20,20,10,10,10,10,10
small deck builders near me,USD,10,?,?,High,86,,,10%,,,,,10,10,0,0,10,0,0,0,0,0,0,10
patio contractor,USD,2900,67%,0%,Low,32,20.98,54,,,,,,30,50,50,50,4400,5400,6600,14800,5400,30,10,50
companies that build decks near me,USD,10,0%,?,Low,0,,,,,,,,0,0,10,0,0,0,10,0,0,10,10,10
deck building calculator,USD,90,175%,0%,Low,31,1.43,5.16,5%,,,,,110,140,110,90,110,90,110,30,30,40,50,110
deck pros near me,USD,10,0%,0%,Unknown,,,,,,,,,0,10,0,0,0,0,0,0,0,0,0,0
backyard builders,USD,10,0%,0%,Low,29,,,,,,,,10,20,10,20,10,10,10,10,10,10,10,10
deck price calculator,USD,10,0%,-50%,High,86,2.55,8.56,10%,,,,,20,20,10,10,10,10,10,10,10,10,10,10
new deck,USD,20,200%,200%,Medium,52,4.17,12.85,3%,,,Y,,20,40,20,10,30,10,10,10,10,10,10,30
timber tech near me,USD,10,0%,0%,Unknown,,,,,,,,,0,0,10,10,10,0,0,0,0,0,0,0
deck installers in my area,USD,10,0%,0%,Unknown,,,,,,,Y,,0,0,10,0,0,0,0,0,0,0,0,0
deck design plans,USD,10,100%,100%,High,67,3.05,8.75,,,,,,10,10,20,10,10,10,10,10,10,10,10,20
backyard deck cost,USD,10,?,0%,High,100,,,,,,Y,,0,10,0,10,10,10,0,10,10,0,0,10
cheap deck repair near me,USD,10,0%,-100%,Unknown,,,,,,,,,0,10,0,10,10,0,0,0,10,0,0,0
backyard deck builders,USD,10,0%,0%,Low,29,,,,,,Y,,10,10,10,10,10,10,10,10,10,10,0,10
deck repair fairfax,USD,70,0%,40%,Medium,34,8.99,36.54,6%,,,,,50,30,110,170,70,50,70,30,70,70,170,70
need a deck built,USD,0,0%,0%,Unknown,,,,,,,Y,,0,0,0,0,0,0,0,0,0,0,0,0
labor cost to build a deck calculator,USD,10,0%,0%,Unknown,,,,,,,,,10,0,0,0,0,0,0,10,0,0,0,0
deck patio builders near me,USD,10,0%,-100%,Unknown,,,,,,,Y,,0,10,0,10,10,0,0,0,10,0,0,0
deck builders with financing,USD,10,?,?,High,86,,,,,,,,0,0,0,10,0,0,0,0,0,0,0,10
covered porch builders near me,USD,10,0%,0%,Unknown,,,,,,,,,10,0,20,10,0,0,0,0,10,0,0,0
back deck builders near me,USD,10,?,?,High,100,,,,,,,,0,0,0,0,0,0,0,0,0,0,0,10
local deck repair,USD,10,0%,?,High,75,,,60%,,,Y,,10,0,10,0,0,0,0,10,10,10,0,10
deck plus,USD,10,0%,0%,Medium,52,,,,,,,,10,10,10,10,10,10,10,10,10,10,10,10
deck companies with financing,USD,10,?,?,High,86,,,,,,,,0,10,0,10,0,10,0,10,0,0,0,10
deck repair stafford va,USD,10,0%,0%,High,80,,,,,,,,20,20,20,20,40,20,10,10,10,10,10,10
porch construction near me,USD,10,0%,-100%,Unknown,,,,,,,,,10,10,0,10,10,10,10,10,10,0,10,0
patio and deck builders,USD,10,50%,200%,Medium,34,15.16,30.83,7%,,,Y,,10,20,10,10,10,10,20,10,10,20,10,30
deck roof builders near me,USD,10,-100%,0%,Unknown,,,,,,,,,0,0,0,0,0,0,0,0,0,10,0,0
contractor to build a deck,USD,10,?,0%,High,86,,,,,,,,10,0,0,10,0,10,0,0,0,0,0,10
best deck repair near me,USD,10,0%,0%,High,75,10.42,22.01,60%,,,Y,,10,10,10,10,10,0,10,0,10,10,10,10
deck resurfacing,USD,40,150%,67%,High,82,3.83,17.11,48%,,,Y,,70,90,70,50,40,30,20,10,10,20,20,50
licensed deck builders near me,USD,10,-100%,0%,Unknown,,,,,,,,,10,0,0,10,0,0,0,0,0,10,0,0
deck construction cost,USD,30,100%,-20%,Medium,53,2.91,7.27,13%,,,,,30,70,50,40,30,40,30,20,20,20,20,40
deck repair in my area,USD,10,?,0%,Medium,62,,,20%,,,,,10,0,0,0,10,10,0,0,10,0,10,10
composite deck installation near me,USD,10,0%,0%,Low,20,,,,,,Y,,10,0,0,0,0,10,10,0,0,10,10,10
composite deck cost calculator,USD,10,0%,0%,Medium,49,1.89,6.28,,,,,,10,10,10,10,10,10,10,10,10,10,10,10
deck builder online,USD,10,0%,0%,Medium,43,,,,,,,,10,10,10,10,10,10,10,0,10,10,10,10
decking companies in my area,USD,10,-100%,0%,Unknown,,,,,,,Y,,20,40,30,0,10,10,0,10,10,10,10,0
backyard deck contractors near me,USD,10,0%,?,High,100,,,20%,,,,,0,0,10,0,0,0,0,0,0,10,0,10
deck rebuild cost,USD,10,?,0%,High,86,,,10%,,,Y,,10,10,10,10,10,10,10,10,0,0,10,10
deck and porch repair near me,USD,10,?,?,High,100,,,,,,Y,,10,0,0,10,0,0,0,0,0,0,0,10
trex decking installation near me,USD,10,?,?,High,86,,,,,,,,30,10,0,10,10,0,0,0,0,0,0,10
wood deck companies near me,USD,10,0%,0%,Unknown,,,,,,,Y,,10,0,0,0,0,0,0,0,0,0,10,0
deck railing contractors near me,USD,10,0%,0%,Unknown,,,,,,,,,10,0,0,0,0,0,0,10,0,0,0,0
contractor for deck building,USD,0,0%,0%,Unknown,,,,,,,,,0,0,0,0,0,0,0,0,0,0,0,0
deck and pergola builders near me,USD,10,0%,0%,Low,0,,,,,,,,0,0,10,0,0,0,0,0,10,10,10,10
porch and patio contractors near me,USD,10,-100%,0%,Unknown,,,,,,,,,10,10,10,0,0,10,10,0,10,10,0,0
deck layout tool,USD,10,?,?,Medium,38,,,,,,,,10,0,10,10,10,10,0,10,0,0,10,10
design your own deck,USD,10,?,?,High,71,,,,,,,,10,10,0,10,0,0,0,10,0,0,0,10
3d deck design,USD,10,0%,0%,Low,6,,,,,,,,10,10,10,0,10,0,10,10,10,10,10,10
home deck builders,USD,10,0%,?,High,100,,,10%,,,Y,,0,10,0,0,0,0,10,0,0,10,0,10
deck and fence company near me,USD,10,-100%,-100%,Unknown,,,,,,,Y,,110,10,10,10,10,10,10,10,10,10,10,0
deck renovation cost,USD,10,0%,0%,Medium,43,11.5,34.97,,,,,,10,10,10,10,10,10,10,10,10,10,10,10
build your own deck,USD,10,0%,0%,High,100,,,,,,,,0,0,10,10,10,10,10,0,0,10,10,10
backyard deck designs,USD,10,0%,0%,High,81,2.42,4.77,,,,,,10,20,10,10,10,10,10,10,10,10,10,10
loudoun deck repair,USD,30,300%,0%,High,74,5,21.28,100%,,,,,50,30,30,20,40,30,30,30,10,10,10,40
price to build a deck,USD,30,100%,-20%,Medium,53,2.91,7.27,13%,,,Y,,30,70,50,40,30,40,30,20,20,20,20,40
trex contractors near me,USD,10,0%,-100%,Unknown,,,,,,,Y,,10,0,10,0,10,0,10,0,0,0,0,0
the deck and fence company,USD,20,100%,-33%,High,93,4.31,37.62,5%,,,Y,,50,30,50,20,10,10,20,10,10,10,10,20
cheap deck builders,USD,10,0%,0%,High,100,,,,,,Y,,10,10,0,0,0,0,10,0,10,10,0,10
trex find a builder,USD,10,?,0%,Medium,57,,,20%,,,Y,,10,0,0,0,10,0,10,0,10,0,0,10
fence and deck builders near me,USD,10,0%,-100%,Unknown,,,,,,,Y,,0,0,10,10,0,0,0,0,0,0,0,0
deck repair company,USD,10,0%,0%,Medium,50,,,,,,Y,,10,10,10,10,10,10,10,10,10,10,10,10
deck estimate calculator,USD,10,0%,0%,Unknown,,,,,,,,,0,0,10,10,10,10,10,10,10,0,10,0
deck professionals,USD,20,0%,0%,Low,16,,,,,,Y,,10,20,30,20,20,20,20,10,20,10,10,10
deck layout,USD,10,0%,-50%,Low,24,3.93,9.28,,,,,,10,10,10,10,10,10,10,10,10,10,10,10
deck and fence builders near me,USD,10,?,0%,High,86,,,,,,Y,,0,10,0,0,0,0,0,0,0,0,0,10
deck repair woodbridge va,USD,40,100%,33%,High,99,8.34,35.29,8%,,,,,90,50,40,40,40,40,30,10,10,20,20,40
deck repair and restoration,USD,10,0%,-100%,Unknown,,,,,,,Y,,10,10,10,0,0,10,0,0,0,0,0,0
deck building and repair near me,USD,10,0%,0%,Unknown,,,,,,,Y,,10,0,0,0,0,10,0,0,0,0,0,0
wood deck installers near me,USD,10,0%,0%,Unknown,,,,,,,Y,,0,0,0,0,10,0,0,0,0,0,0,0
outdoor decks near me,USD,10,0%,?,Medium,43,,,,,,,,10,0,0,0,10,0,0,0,0,10,10,10
deck and fence,USD,40,200%,-40%,High,89,12.36,39.88,17%,,,Y,,70,90,50,40,50,30,30,20,30,10,10,30
deck rebuild,USD,10,0%,0%,High,92,5,37.89,30%,,,Y,,10,10,10,10,10,10,10,0,10,10,10,10
fence and deck companies near me,USD,10,-100%,-100%,Unknown,,,,,,,,,110,10,10,10,10,10,10,10,10,10,10,0
porches and decks near me,USD,10,0%,-100%,Unknown,,,,,,,,,10,10,0,0,0,0,0,0,10,0,0,0
new decks near me,USD,10,-100%,-100%,Unknown,,,,,,,,,10,10,0,0,10,10,0,0,0,10,0,0
porch builders in my area,USD,10,?,?,Low,14,,,,,,,,0,10,0,10,0,10,0,0,0,0,0,10
decks built near me,USD,10,0%,0%,Unknown,,,,,,,,,0,0,0,0,10,10,0,0,0,0,0,0
looking for deck builders,USD,0,0%,0%,Unknown,,,,,,,Y,,0,0,0,0,0,0,0,0,0,0,0,0
decking builders,USD,10,0%,?,Low,0,,,,,,,,10,10,10,10,10,10,0,0,10,10,10,10
back porch builders,USD,10,0%,?,Low,4,,,,,,,,0,0,10,0,10,70,0,10,0,10,10,10
deck repair manassas va,USD,10,0%,?,High,100,,,,,,,,10,10,10,10,20,10,10,10,10,10,10,10
outdoor deck companies near me,USD,10,0%,?,Low,0,,,,,,Y,,0,0,0,0,0,0,10,0,0,10,0,10
residential patio contractors near me,USD,0,0%,-100%,Unknown,,,,,,,,,0,0,0,0,0,0,0,0,0,0,0,0
average cost of deck replacement,USD,10,0%,0%,Medium,66,6.92,16.13,,,,Y,,10,10,10,10,10,10,10,10,0,10,10,10
timbertech dealers near me,USD,10,0%,0%,High,96,0.71,16.74,,,,,,10,10,10,10,10,10,10,10,0,10,0,10
3d deck design free,USD,10,0%,0%,Unknown,,,,,,,,,10,10,10,0,0,10,0,0,0,0,0,0
labor cost to build a deck,USD,10,0%,0%,Medium,50,,,,,,Y,,0,10,10,10,10,10,10,10,10,10,0,10
building a deck frame,USD,10,0%,0%,Low,7,,,,,,,,10,10,10,0,10,10,0,10,0,10,0,10
deck repair and restoration near me,USD,10,0%,-100%,Unknown,,,,,,,,,10,0,10,0,0,0,10,0,10,0,0,0
get a deck built,USD,0,0%,0%,Unknown,,,,,,,Y,,0,0,0,0,0,0,0,0,0,0,0,0
backyard patio builders,USD,10,0%,?,Low,0,,,,,,,,0,0,0,0,0,0,0,10,0,10,0,10
licensed deck contractor near me,USD,10,0%,?,Low,14,,,,,,,,10,0,10,0,10,10,0,0,10,10,0,10
deck and gazebo builders near me,USD,0,0%,0%,Unknown,,,,,,,,,0,0,0,0,0,0,0,0,0,0,0,0
deck design calculator,USD,10,0%,0%,Unknown,,,,,,,,,10,0,10,10,0,10,0,0,0,0,0,0
deck planning tool,USD,10,?,0%,Medium,62,3.68,7.04,,,,,,10,10,10,10,10,10,10,0,10,0,10,10
deck and patio companies near me,USD,10,0%,0%,Low,21,,,,,,,,0,10,10,0,0,30,0,0,0,10,0,10
outdoor builders near me,USD,10,0%,0%,Unknown,,,,,,,,,0,0,0,10,0,0,10,0,0,0,0,0
deck drawings for permit,USD,10,0%,0%,High,86,2.39,14.78,,,,,,10,10,10,10,10,10,10,10,10,10,10,10
deck repair cost calculator,USD,10,0%,0%,Low,22,,,,,,,,10,10,10,10,10,10,10,10,10,10,10,10
patio deck repair,USD,10,0%,0%,High,100,,,,,,,,10,10,10,10,0,0,0,10,0,10,0,10
free deck estimates near me,USD,10,?,0%,High,71,,,,,,,,10,10,0,10,10,0,0,0,10,0,0,10
deck replacement cost calculator,USD,10,0%,0%,Low,26,,,,,,,,10,30,20,20,20,10,10,10,10,10,10,10
trex deck installation,USD,50,750%,325%,Low,6,2.98,24.44,< 1%,,,Y,,40,50,50,70,70,50,20,20,10,20,50,170
balcony builders,USD,10,0%,?,Low,0,,,,,,,,0,0,0,0,10,0,0,0,0,10,10,10
covered patio contractors,USD,10,0%,?,Low,0,,,,,,,,0,10,10,10,10,10,10,0,0,10,10,10
deck repair northern virginia,USD,10,200%,200%,High,88,16.55,33.39,17%,,,,,20,40,10,20,10,10,10,10,10,10,10,30
design my deck,USD,10,?,0%,High,86,,,,,,,,10,10,0,0,10,0,0,0,10,0,10,10
deck and stairs builders,USD,10,0%,0%,Unknown,,,,,,,,,0,10,0,0,0,0,0,0,0,0,0,0
new deck builders near me,USD,10,0%,0%,Unknown,,,,,,,,,0,10,0,10,10,0,0,0,10,0,0,0
local deck companies,USD,10,0%,?,High,79,,,,,,Y,,10,0,0,0,0,0,0,0,0,10,0,10
deck stairs contractor near me,USD,10,0%,0%,Unknown,,,,,,,,,0,0,0,0,0,10,0,0,0,0,0,0
timbertech deck builder,USD,10,0%,?,Low,0,,,,,,Y,,0,10,0,0,10,0,0,0,0,10,0,10
cost to build a deck calculator,USD,10,?,?,Medium,62,,,,,,,,10,0,10,10,0,10,10,0,0,0,0,10
deck replacement cost estimator,USD,10,?,?,High,86,,,,,,,,0,0,10,0,0,0,0,0,0,0,0,10
wood deck replacement near me,USD,10,?,0%,High,100,28.08,51.4,10%,,,Y,,0,10,0,0,0,10,10,0,0,0,0,10
composite decks near me,USD,10,-100%,-100%,Unknown,,,,,,,Y,,10,10,10,10,10,10,10,0,10,50,10,0
find a deck builder near me,USD,10,-100%,0%,Unknown,,,,,,,Y,,0,0,0,10,10,0,0,0,0,10,0,0
local deck contractors near me,USD,0,0%,0%,Unknown,,,,,,,,,0,0,0,0,0,0,0,0,0,0,0,0
deck construction contractors near me,USD,0,0%,0%,Unknown,,,,,,,Y,,0,0,0,0,0,0,0,0,0,0,0,0
cost to have a deck built,USD,10,?,?,High,79,,,,,,,,10,10,0,0,10,0,0,0,10,0,0,10
pro deck,USD,10,0%,0%,Medium,45,5.61,20.02,,,,Y,,10,10,10,20,10,10,10,10,10,10,10,10
affordable deck builders,USD,10,0%,-100%,Unknown,,,,,,,,,0,10,10,0,0,0,0,0,0,0,0,0
patio deck repair near me,USD,10,0%,?,Low,0,,,,,,Y,,0,10,0,0,0,0,10,0,0,10,10,10
deck building materials,USD,10,0%,-50%,Low,22,,,,,,,,20,20,20,10,20,20,10,10,10,10,10,10
deck framing calculator,USD,10,0%,0%,Low,0,,,,,,,,10,10,10,0,10,10,10,10,10,10,0,10
trex deck design tool,USD,10,0%,0%,Low,0,,,,,,,,10,10,10,10,10,10,10,0,0,10,10,10
deck construction company,USD,10,100%,-33%,Low,6,,,,,,Y,,30,10,10,10,10,0,10,0,10,10,10,20
deck and railing contractors near me,USD,0,0%,0%,Unknown,,,,,,,,,0,0,0,0,0,0,0,0,0,0,0,0
composite deck installers,USD,70,175%,267%,Low,14,3.93,17.68,< 1%,,,Y,,40,90,110,110,110,70,110,50,30,40,20,110
deck visualizer,USD,10,-100%,-100%,Unknown,,,,,,,,,10,0,10,0,0,10,0,0,10,10,0,0
composite deck contractors,USD,20,0%,0%,Low,4,,,,,,Y,,20,30,30,30,10,70,50,10,10,10,10,10
composite deck repair near me,USD,10,0%,0%,Unknown,,,,,,,Y,,0,0,0,10,0,0,10,0,0,0,0,0
trex builders near me,USD,10,?,0%,Medium,43,,,,,,,,10,0,10,0,0,0,0,0,0,0,0,10
composite deck builder near me,USD,20,0%,0%,High,77,,,10%,,,Y,,10,10,10,20,10,30,90,20,10,10,10,10
wooden deck builders,USD,10,0%,0%,Low,0,,,,,,Y,,10,10,10,10,10,0,10,10,0,10,10,10
outdoor deck designs,USD,10,0%,0%,Medium,34,,,,,,,,10,10,10,10,10,10,10,10,0,10,10,10
my deck,USD,10,0%,0%,Medium,48,,,10%,,,Y,,0,10,10,0,10,0,10,0,10,10,10,10
deck builders northern virginia,USD,20,0%,-80%,High,86,23.86,57.92,10%,,,Y,,20,20,10,10,20,20,10,10,10,10,10,10
deck design companies near me,USD,10,?,0%,High,100,,,,,,,,0,0,0,0,0,0,0,0,0,0,0,10
deck framing guide,USD,30,100%,0%,Medium,54,,,5%,,,,,20,40,50,70,30,30,20,10,10,10,10,20
azek deck designer,USD,10,0%,?,Medium,36,,,,,,,,10,10,10,0,0,10,10,0,0,10,0,10
under decking installers near me,USD,10,0%,0%,Unknown,,,,,,,,,0,10,0,0,10,0,0,0,0,0,0,0
patio deck contractors,USD,10,?,?,Low,0,,,,,,Y,,0,0,0,0,10,0,0,0,0,0,0,10
leesburg decks,USD,10,0%,0%,High,71,14.51,33.05,100%,,,,,10,10,10,10,10,10,10,10,10,10,10,10
deck design services,USD,10,?,0%,Low,0,,,,,,,,10,10,10,10,10,10,10,10,0,0,10,10
outdoor deck contractors,USD,10,0%,0%,Unknown,,,,,,,Y,,0,0,10,10,0,0,0,0,10,0,10,0
deck price per square foot,USD,10,0%,0%,High,93,,,,,,,,10,10,10,10,10,10,10,10,0,10,10,10
deck design and build near me,USD,10,0%,0%,Unknown,,,,,,,,,0,10,0,0,0,10,0,10,0,0,0,0
build a deck on the ground,USD,10,0%,0%,High,90,0.99,7.17,,,,,,10,10,10,10,10,10,10,10,10,10,10,10
patio remodeling contractors near me,USD,10,?,?,High,100,,,,,,,,10,10,10,0,0,0,0,0,10,0,0,10
free deck blueprints,USD,10,0%,-50%,Medium,66,2.29,6.67,,,,,,20,20,20,30,10,10,10,10,10,10,10,10
trex designer,USD,10,0%,0%,Medium,54,,,,,,Y,,10,10,10,10,10,10,10,10,10,10,10,10
wood deck contractors,USD,10,0%,0%,Unknown,,,,,,,Y,,10,0,10,10,0,10,10,0,0,0,0,0
porch designer,USD,10,0%,0%,Low,29,,,,,,,,10,0,0,10,10,10,0,0,0,10,0,10
patio remodeling contractors,USD,10,?,?,Medium,50,,,,,,,,10,0,0,0,10,10,0,10,0,0,0,10
new deck cost estimator,USD,10,?,0%,High,86,,,,,,,,0,0,10,0,0,0,0,10,0,0,10,10
porch deck builders near me,USD,10,0%,0%,Unknown,,,,,,,Y,,0,0,0,0,0,0,0,10,0,0,0,0
deck construction guide,USD,10,0%,0%,Low,0,,,,,,,,10,0,10,10,10,10,10,10,10,10,0,10
reputable deck builders near me,USD,10,?,?,High,100,,,20%,,,,,0,10,0,0,0,0,0,0,0,0,0,10
contractor for deck repair,USD,50,250%,250%,Low,5,,,,,,,,20,40,70,70,110,90,50,30,10,20,20,70
timbertech near me,USD,10,0%,0%,Medium,45,,,20%,,,,,10,10,10,10,10,10,10,0,10,10,0,10
deck builder tool,USD,20,100%,100%,Low,24,0.45,4.74,,,,,,20,20,30,20,20,30,20,10,10,10,10,20
build my deck,USD,10,0%,0%,Unknown,,,,,,,,,10,0,0,0,0,10,0,0,0,0,0,0
deck construction plans,USD,10,100%,0%,Medium,51,1.33,5.34,5%,,,,,20,20,20,10,10,10,20,10,10,10,10,20
affordable decking,USD,10,0%,0%,Medium,62,,,,,,,,30,30,20,10,10,10,0,0,0,10,10,10
house decks,USD,30,50%,0%,Medium,56,3.33,8.74,13%,,,Y,,40,30,30,20,20,30,30,20,20,20,10,30
labor cost to build a composite deck,USD,10,0%,-100%,Unknown,,,,,,,,,0,10,0,0,0,10,0,0,0,0,0,0
design my deck online free,USD,10,0%,0%,Unknown,,,,,,,,,0,0,0,10,0,0,0,0,0,0,0,0
deck fixers,USD,10,?,0%,Low,0,,,,,,,,10,0,10,0,0,0,10,10,0,0,0,10
outdoor living space contractors near me,USD,10,-100%,0%,Unknown,,,,,,,,,0,0,0,0,0,0,10,0,10,10,0,0
roof and deck contractors,USD,10,-100%,0%,Unknown,,,,,,,,,0,10,0,0,0,0,10,10,0,10,0,0
back porch contractors near me,USD,0,0%,0%,Unknown,,,,,,,,,0,0,0,0,0,0,0,0,0,0,0,0
deck drawings,USD,10,0%,-50%,Medium,38,4.16,6.85,20%,,,,,10,20,10,10,10,10,20,10,10,10,10,10
deck builders around me,USD,10,0%,-100%,Unknown,,,,,,,,,0,0,0,0,0,0,0,0,0,0,10,0
deck project,USD,10,0%,0%,Medium,36,,,,,,Y,,10,10,10,10,10,0,0,0,0,10,10,10
screened porch builders,USD,40,800%,-18%,Low,7,6.16,25.5,,,,,,110,70,40,50,40,30,10,10,10,10,20,90
patio deck designs,USD,10,100%,100%,High,92,1.72,5.61,,,,Y,,10,20,10,30,10,10,10,0,10,10,10,20
wood deck cost,USD,10,-100%,-100%,Unknown,,,,,,,,,10,10,10,10,10,10,10,10,10,10,10,0
porch deck,USD,20,100%,-50%,High,88,2.04,15.67,10%,,,Y,,20,20,10,20,20,20,20,10,10,10,10,20
composite deck builders in my area,USD,10,0%,0%,Unknown,,,,,,,,,0,0,0,0,0,0,0,0,10,0,0,0
timbertech installers near me,USD,10,-100%,-100%,Unknown,,,,,,,Y,,0,0,10,10,0,0,0,0,0,10,0,0
outdoor patio companies near me,USD,10,0%,0%,High,93,,,,,,,,10,10,0,0,0,10,10,0,0,10,0,10
deck plans for permit,USD,10,?,0%,Low,29,,,,,,,,0,10,10,10,10,10,10,10,0,0,10,10
custom patio builders near me,USD,10,0%,0%,Unknown,,,,,,,,,0,0,0,0,10,0,0,0,0,0,0,0
quote for deck installation,USD,10,0%,0%,Unknown,,,,,,,,,0,10,0,0,0,0,0,0,0,0,0,0
deck and patio near me,USD,10,0%,0%,Low,30,,,10%,,,,,20,10,10,10,10,10,10,10,10,10,10,10
deck construction and repair near me,USD,0,0%,0%,Unknown,,,,,,,Y,,0,0,0,0,0,0,0,0,0,0,0,0
northern virginia deck and fence,USD,30,100%,0%,Medium,58,5.62,19.94,18%,,,Y,,30,50,30,30,40,30,20,10,20,20,20,40
deck repair estimate,USD,10,?,0%,High,100,,,40%,,,,,10,10,10,0,10,10,10,0,10,0,10,10
new deck installation,USD,10,0%,0%,Low,0,,,,,,Y,,10,0,0,10,0,0,10,0,0,10,0,10
trex installer near me,USD,10,?,?,High,86,,,,,,,,0,0,0,0,0,10,0,0,0,0,0,10
deck repair leesburg va,USD,20,0%,-67%,High,82,,,60%,,,Y,,40,10,30,20,20,40,10,10,10,10,10,10
deck building guide,USD,10,0%,0%,Low,0,,,,,,,,10,0,10,10,10,10,10,10,10,10,0,10
deck and fence builders,USD,10,0%,?,High,97,,,40%,,,Y,,0,0,10,0,0,10,10,0,0,10,10,10
deck repair quote,USD,10,?,0%,High,100,,,,,,,,0,10,0,0,10,0,10,0,0,0,0,10
composite deck designs,USD,10,0%,0%,Low,29,1,3,,,,Y,,10,10,20,10,10,10,10,10,10,10,10,10
deck building quotes,USD,10,0%,0%,Unknown,,,,,,,,,0,10,10,0,10,10,0,0,10,0,0,0
trex certified installer,USD,10,0%,?,High,71,,,,,,Y,,10,0,0,10,10,0,10,0,0,10,10,10
fence and deck contractors near me,USD,0,0%,0%,Unknown,,,,,,,Y,,0,0,0,0,0,0,0,0,0,0,0,0
companies who build decks,USD,0,0%,0%,Unknown,,,,,,,Y,,0,0,0,0,0,0,0,0,0,0,0,0
deck designers and builders near me,USD,10,0%,0%,Unknown,,,,,,,Y,,0,0,10,0,0,10,0,10,0,0,0,0
deck plans online,USD,10,?,0%,Medium,64,,,,,,,,0,10,10,10,10,0,0,0,0,0,10,10
deck layout calculator,USD,10,-100%,0%,Unknown,,,,,,,,,0,10,10,10,0,10,0,0,0,10,10,0
design your deck,USD,10,0%,0%,Unknown,,,,,,,,,10,10,0,0,0,0,10,0,0,0,0,0
best deck and patio contractors near me,USD,10,0%,0%,High,100,,,,,,,,10,10,0,10,10,0,0,10,0,10,0,10
deck repair sterling va,USD,10,0%,0%,High,98,,,60%,,,,,10,40,20,20,20,20,10,10,10,10,10,10
timbertech designer,USD,10,0%,?,Medium,40,,,,,,,,10,0,10,10,10,0,10,10,10,10,10,10
i need a new deck,USD,10,0%,0%,Unknown,,,,,,,,,0,0,0,0,0,0,0,0,10,0,0,0
wood deck calculator,USD,10,?,0%,Medium,43,,,10%,,,,,10,10,10,10,10,10,0,0,0,0,0,10
house deck builders near me,USD,10,0%,-100%,Unknown,,,,,,,,,10,0,0,0,0,0,0,0,0,0,0,0
deck carpenters,USD,10,0%,0%,Unknown,,,,,,,Y,,0,10,10,10,10,0,0,0,0,0,0,0
deck framing design tool,USD,10,0%,0%,Unknown,,,,,,,,,0,10,0,0,0,0,10,0,0,0,0,0
backyard deck near me,USD,0,0%,0%,Unknown,,,,,,,,,0,0,0,0,0,0,0,0,0,0,0,0
home decks,USD,20,50%,50%,Medium,43,4.87,11,10%,,,,,30,30,20,40,20,10,20,10,20,20,10,30
timbertech decking near me,USD,10,-100%,-100%,Unknown,,,,,,,,,0,0,10,10,10,10,0,10,0,10,10,0
deck and fence contractors near me,USD,10,?,0%,High,86,,,,,,Y,,0,0,0,0,0,0,10,0,0,0,0,10
company that builds decks,USD,0,0%,0%,Unknown,,,,,,,Y,,0,0,0,0,0,0,0,0,0,0,0,0
deck building contractor,USD,50,100%,0%,Low,12,,,,,,,,50,50,70,70,50,70,30,20,20,20,20,40
wood decks near me,USD,10,?,?,High,86,,,,,,Y,,0,0,10,10,0,0,10,10,0,0,0,10
backyard deck contractors,USD,10,0%,0%,Low,0,,,,,,Y,,0,0,0,10,10,0,0,0,0,10,10,10
deck reconstruction,USD,10,0%,0%,Unknown,,,,,,,Y,,0,0,0,0,10,0,10,0,0,0,0,0
deck repair services,USD,10,0%,0%,Medium,39,,,10%,,,,,10,10,10,10,10,10,10,10,10,10,0,10
deck design company,USD,10,0%,0%,Unknown,,,,,,,,,0,0,0,10,10,0,0,0,0,0,0,0
outdoor construction companies near me,USD,10,?,?,High,100,,,,,,,,10,0,0,0,10,0,10,0,0,0,0,10
ipe deck installers near me,USD,10,0%,0%,Unknown,,,,,,,,,0,0,0,0,0,10,0,0,0,0,0,0
decks in a day,USD,10,0%,0%,Unknown,,,,,,,,,0,0,10,0,10,0,0,0,0,0,0,0
backyard deck installation,USD,10,0%,0%,Unknown,,,,,,,Y,,0,0,0,0,10,0,0,0,0,0,0,0
composite deck estimate,USD,10,0%,-100%,Unknown,,,,,,,,,10,10,10,10,10,0,0,0,0,0,0,0
wood deck plans,USD,10,0%,0%,High,75,,,,,,,,10,10,10,10,0,10,0,0,10,10,0,10
deck builders manassas va,USD,20,100%,100%,High,79,13.7,56.12,15%,,,,,30,20,30,20,20,10,20,10,10,10,10,20
custom decks and designs,USD,10,0%,0%,Unknown,,,,,,,Y,,0,0,0,0,10,0,0,0,0,0,0,0
trex builders,USD,10,?,0%,High,86,,,10%,,,Y,,10,10,0,0,0,0,10,10,0,0,0,10
deck repair springfield va,USD,10,0%,0%,High,100,,,,,,,,10,10,20,20,10,20,10,0,10,10,10,10
screened in deck builders near me,USD,10,0%,?,Medium,57,,,10%,,,,,0,10,10,10,10,0,10,10,0,10,0,10
deck repair replacement near me,USD,10,0%,0%,Unknown,,,,,,,Y,,0,0,10,0,0,10,0,10,0,0,0,0
best patio contractors near me,USD,10,?,0%,High,100,,,10%,,,,,0,10,10,10,0,0,0,0,10,0,10,10
wood deck cost calculator,USD,10,?,0%,Medium,50,,,,,,,,10,10,10,0,10,0,0,10,10,0,10,10
cost of a deck replacement,USD,50,75%,0%,Medium,54,2.74,20.56,10%,,,,,70,90,50,90,70,40,50,30,20,40,40,70
contractors near me for deck building,USD,, --, --,Unknown,,,,,,,,,,,,,,,,,,,,
wood deck installation near me,USD,10,0%,0%,Unknown,,,,,,,,,0,0,10,0,0,0,0,0,0,0,0,0
cost for composite deck,USD,10,0%,0%,High,88,1.98,5.23,,,,,,10,10,20,10,10,10,10,0,10,10,10,10
porch building companies,USD,0,0%,0%,Unknown,,,,,,,Y,,0,0,0,0,0,0,0,0,0,0,0,0
contractors decks near me,USD,, --, --,Unknown,,,,,,,,,,,,,,,,,,,,
professional deck builders near me,USD,10,0%,0%,Unknown,,,,,,,,,0,0,0,0,0,10,0,10,0,0,0,0
deck & fence company,USD,10,0%,0%,Unknown,,,,,,,Y,,0,10,0,10,0,10,10,0,0,0,0,0
deck built,USD,10,-100%,0%,Unknown,,,,,,,Y,,10,10,10,0,10,10,10,0,0,10,0,0
outdoor deck installation,USD,10,-100%,-100%,Unknown,,,,,,,Y,,10,10,0,0,0,0,10,0,0,10,0,0
estimate for deck replacement,USD,10,?,0%,High,79,,,,,,Y,,10,10,10,10,0,10,10,10,0,0,0,10
small deck,USD,10,0%,0%,High,100,,,,,,,,30,20,10,20,10,20,10,10,10,10,10,10
front porch installation near me,USD,10,?,0%,Medium,57,,,,,,,,0,0,0,0,0,0,0,10,10,0,0,10
companies that build porches,USD,10,0%,0%,Unknown,,,,,,,Y,,0,10,0,0,0,0,0,0,0,0,0,0
framing a deck,USD,50,33%,-20%,Low,25,,,5%,,,,,70,70,50,50,50,70,50,30,10,30,20,40
deck designs with trex,USD,10,0%,0%,Medium,62,1.28,5.98,10%,,,,,10,20,30,10,10,10,10,10,10,10,10,10
all decks,USD,10,?,0%,Low,14,,,,,,,,0,0,0,0,0,0,0,10,10,0,10,10
custom deck company,USD,0,0%,0%,Unknown,,,,,,,Y,,0,0,0,0,0,0,0,0,0,0,0,0
average cost of deck installation,USD,10,0%,0%,Medium,61,2.59,5.65,,,,Y,,10,10,10,10,0,10,10,0,0,10,0,10
custom built decks,USD,10,0%,0%,Low,0,,,,,,Y,,0,0,10,0,0,10,10,0,0,10,0,10
wood patio builders near me,USD,0,0%,0%,Unknown,,,,,,,,,0,0,0,0,0,0,0,0,0,0,0,0
best deck company,USD,10,0%,0%,Low,17,,,,,,,,10,0,0,10,10,10,10,0,0,10,10,10
rooftop deck contractors,USD,10,0%,0%,Low,0,,,,,,,,0,10,10,10,10,10,10,10,10,10,10,10
small deck builders,USD,10,?,0%,High,67,,,,,,,,10,10,10,10,10,10,10,10,0,0,10,10
cost to build composite deck,USD,10,-100%,0%,Unknown,,,,,,,,,10,0,10,10,0,0,10,10,0,10,0,0
exterior deck contractors near me,USD,10,0%,0%,Unknown,,,,,,,,,0,0,10,0,0,0,0,0,0,0,0,0
porch deck builders,USD,10,?,0%,Low,25,,,,,,,,10,0,10,0,10,0,0,0,10,0,10,10
new deck estimate,USD,10,?,?,Low,14,,,,,,Y,,10,0,10,10,0,0,0,0,0,0,0,10
outdoor deck construction,USD,10,0%,0%,Low,0,,,,,,Y,,10,10,10,0,10,10,10,10,0,10,0,10
deck tech near me,USD,10,0%,0%,Unknown,,,,,,,,,0,0,0,0,0,0,0,0,0,0,10,0
best deck building companies near me,USD,10,0%,0%,Unknown,,,,,,,,,10,10,0,0,0,0,0,0,0,0,0,0
trex deck designer tool,USD,90,120%,267%,Low,13,0.75,6.84,2%,,,,,90,70,90,260,140,140,90,50,20,50,50,110
cost to build a new deck,USD,10,-100%,-100%,Unknown,,,,,,,Y,,10,0,10,10,10,10,10,10,10,10,10,0
timbertech deck design,USD,10,0%,0%,Medium,51,1.44,12.66,,,,,,0,10,10,10,10,10,10,10,10,10,10,10
average cost for deck replacement,USD,10,0%,0%,Medium,66,6.92,16.13,,,,Y,,10,10,10,10,10,10,10,10,0,10,10,10
deck building services,USD,10,0%,0%,Low,0,,,,,,Y,,10,10,10,10,10,50,10,10,10,10,0,10
contractor to build a deck near me,USD,, --, --,Unknown,,,,,,,,,,,,,,,,,,,,
trex deck estimate,USD,10,100%,100%,Medium,43,0.95,8.41,,,,Y,,20,20,20,20,20,20,10,10,10,10,10,20
wood deck builder,USD,10,0%,0%,Low,0,,,,,,Y,,10,10,10,10,10,0,10,10,0,10,10,10
deck builder fairfax va,USD,390,0%,5800%,Low,2,6.58,29.46,1%,,,Y,,40,70,140,210,110,110,70,10,170,590,2400,590
patio and decks near me,USD,10,0%,?,Medium,57,,,,,,,,10,10,10,10,0,10,0,0,0,10,0,10
deck remodeling cost,USD,10,0%,0%,Medium,43,11.5,34.97,,,,,,10,10,10,10,10,10,10,10,10,10,10,10
need deck built,USD,0,0%,0%,Unknown,,,,,,,Y,,0,0,0,0,0,0,0,0,0,0,0,0
deck labor cost,USD,10,-100%,-100%,Unknown,,,,,,,,,10,10,10,10,10,10,0,0,0,10,0,0
cheapest way to build a deck,USD,10,?,?,High,100,,,,,,,,10,10,0,0,0,0,0,0,0,0,0,10
deck building financing,USD,10,0%,-100%,Unknown,,,,,,,,,10,10,0,0,0,10,0,0,0,0,0,0
materials needed to build a deck,USD,10,0%,-100%,Unknown,,,,,,,,,0,10,10,0,0,10,10,10,0,0,0,0
platinum decking,USD,10,?,?,Low,29,,,,,,Y,,0,0,0,10,0,10,0,0,10,0,0,10
deck and fence contractors,USD,10,?,0%,Low,0,,,,,,Y,,10,10,0,0,0,10,10,0,0,0,0,10
design your deck online free,USD,10,0%,0%,Unknown,,,,,,,,,0,10,0,0,10,0,0,0,0,0,0,0
3d deck builder,USD,10,?,0%,Medium,57,,,,,,,,0,0,10,10,0,10,0,10,0,0,0,10
estimate for deck installation,USD,10,?,?,High,86,,,,,,,,0,10,10,0,0,0,0,0,0,0,0,10
new deck construction,USD,10,-100%,-100%,Unknown,,,,,,,Y,,10,0,0,0,0,0,0,0,10,10,0,0
deck project calculator,USD,10,0%,0%,Unknown,,,,,,,,,0,10,10,0,10,0,0,0,10,0,0,0
deck construction contractors,USD,2900,57%,-48%,Low,31,7.6,41.82,16%,,,,,170,170,170,140,4400,5400,6600,14800,6600,70,50,110
best deck builders in my area,USD,10,0%,-100%,Unknown,,,,,,,,,10,10,0,0,0,0,0,0,0,0,0,0
cost of new deck with stairs,USD,10,0%,-100%,Unknown,,,,,,,,,0,10,10,0,10,10,0,10,10,0,10,0
composite deck estimate cost,USD,10,0%,-100%,Unknown,,,,,,,,,0,10,10,0,0,0,0,0,0,0,0,0
build a new deck,USD,10,0%,0%,High,100,,,,,,Y,,10,10,0,10,10,10,10,0,10,10,10,10
house deck cost,USD,10,-100%,-100%,Unknown,,,,,,,Y,,0,10,10,0,0,10,10,0,10,10,10,0
amish built decks,USD,10,0%,0%,Unknown,,,,,,,,,0,0,10,10,10,0,0,0,0,0,10,0
covered porch builders,USD,10,0%,?,Low,5,,,,,,,,0,10,10,10,10,10,10,10,10,10,10,10
wood deck replacement cost,USD,10,?,0%,High,86,,,10%,,,Y,,10,10,0,10,0,10,0,10,0,0,0,10
add a deck to your house,USD,10,0%,0%,Unknown,,,,,,,,,0,0,10,0,0,0,0,0,0,0,0,0
building a porch deck,USD,10,0%,0%,High,93,,,,,,,,0,0,10,0,0,10,0,0,0,10,0,10
deck and patio designers near me,USD,10,0%,0%,Unknown,,,,,,,,,10,0,0,0,0,0,0,0,0,0,10,0
deck remodeling contractors,USD,10,0%,?,Medium,46,,,10%,,,,,10,10,10,10,10,10,10,10,10,10,10,10
deck framing plans,USD,10,0%,0%,Low,27,,,,,,,,10,10,10,10,10,10,10,10,0,10,10,10
deck build estimator,USD,10,0%,0%,High,81,3.5,17.16,,,,,,10,10,10,10,10,0,0,0,0,10,10,10
amish porch builders,USD,10,0%,0%,Unknown,,,,,,,,,0,0,0,0,0,0,0,10,0,0,0,0
cost of a new deck calculator,USD,10,0%,0%,Unknown,,,,,,,,,10,10,0,0,0,10,0,0,0,0,0,0
deck roof contractors,USD,10,0%,0%,Low,4,,,,,,,,10,10,10,10,10,0,10,0,0,10,10,10
dream deck,USD,10,0%,0%,Medium,61,3.33,9.53,30%,,,Y,,10,10,10,0,10,10,10,10,10,10,10,10
deck structure design,USD,10,-100%,0%,Unknown,,,,,,,,,10,0,0,0,10,10,0,10,0,10,0,0
rooftop deck construction,USD,10,0%,0%,Low,0,,,,,,,,10,10,10,10,10,10,10,10,10,10,10,10
front porch construction near me,USD,10,?,0%,Medium,57,,,,,,,,0,0,0,10,0,10,0,10,10,0,0,10
deck and patio repair,USD,10,0%,0%,High,100,,,,,,,,10,10,10,10,0,0,0,10,0,10,0,10
fence and deck repair,USD,10,0%,0%,High,100,,,,,,,,10,10,10,10,10,0,10,0,0,10,0,10
wood porch builders near me,USD,0,0%,0%,Unknown,,,,,,,,,0,0,0,0,0,0,0,0,0,0,0,0
free deck builder,USD,10,0%,0%,High,67,,,,,,,,0,10,10,0,10,10,0,10,0,10,0,10
best deck designs,USD,10,0%,0%,High,69,,,10%,,,,,10,10,10,10,10,10,10,0,0,10,10,10
deck fix near me,USD,10,0%,-100%,Unknown,,,,,,,,,10,10,10,10,10,10,0,0,0,0,10,0
outdoor deck cost,USD,10,0%,0%,Medium,57,,,,,,Y,,0,0,10,0,10,0,0,0,0,10,0,10
decking builder,USD,40,0%,50%,Low,28,2.99,15.62,,,,,,20,30,50,40,50,50,50,50,50,30,20,30
northern virginia deck,USD,10,0%,-50%,Medium,58,10.7,46.93,10%,,,Y,,30,10,10,10,20,10,10,10,10,10,10,10
best deck contractors,USD,10,0%,0%,Low,16,,,30%,,,Y,,10,20,10,0,20,10,0,0,10,10,10,10
porch cost calculator,USD,10,0%,0%,Unknown,,,,,,,,,10,10,0,0,0,0,0,0,0,0,0,0
deck layouts,USD,10,0%,-50%,Low,24,3.93,9.28,,,,,,10,10,10,10,10,10,10,10,10,10,10,10
screened in porch northern virginia,USD,10,0%,0%,High,86,,,,,,,,10,10,10,10,10,10,10,0,0,10,10,10
all weather deck,USD,10,0%,0%,Low,0,,,,,,,,10,0,10,10,10,10,10,10,0,10,10,10
loudoun fence and deck,USD,170,256%,0%,Medium,54,1.47,15,51%,,,Y,,260,320,260,210,170,170,170,110,90,90,110,320
custom deck design,USD,10,0%,-86%,Low,11,,,,,,Y,,50,30,10,10,10,10,10,0,0,10,10,10
new custom decks,USD,0,0%,0%,Unknown,,,,,,,Y,,0,0,0,0,0,0,0,0,0,0,0,0
patio deck installers near me,USD,10,0%,0%,Unknown,,,,,,,,,10,0,0,0,0,0,0,0,0,0,0,0
residential deck construction,USD,10,?,?,Medium,33,,,,,,,,0,0,0,0,10,0,0,0,0,0,10,10
average cost of a deck replacement,USD,10,0%,-100%,Unknown,,,,,,,Y,,0,10,0,0,10,10,0,10,0,0,0,0
design a porch online free,USD,10,0%,0%,Unknown,,,,,,,,,0,10,10,0,0,0,10,0,10,0,0,0
patio deck cost,USD,10,?,0%,Medium,43,,,,,,,,10,10,10,0,10,0,10,10,0,0,10,10
fence and deck builders,USD,10,0%,?,High,97,,,40%,,,Y,,0,0,10,0,0,10,10,0,0,10,10,10
timbertech contractors,USD,10,?,0%,High,79,,,,,,Y,,0,0,10,0,0,10,10,0,0,0,10,10
trex deck planning tool,USD,10,0%,0%,Unknown,,,,,,,,,0,0,0,0,0,10,10,0,0,0,0,0
backyard deck estimate,USD,0,0%,0%,Unknown,,,,,,,,,0,0,0,0,0,0,0,0,0,0,0,0
porch estimate calculator,USD,10,0%,0%,Unknown,,,,,,,,,0,10,10,10,0,0,0,10,0,0,0,0
average cost of a new deck,USD,10,0%,0%,High,86,2.2,5.27,,,,,,10,10,10,10,10,10,10,0,10,10,0,10
making a deck,USD,40,100%,-43%,Medium,60,2.73,8.71,8%,,,,,50,70,70,50,40,50,40,30,20,20,30,40
deck builders woodbridge va,USD,20,0%,-75%,Low,26,,,,,,,,50,30,10,10,20,30,10,10,10,10,10,10
amish decks near me,USD,0,0%,0%,Unknown,,,,,,,,,0,0,0,0,0,0,0,0,0,0,0,0
deck building services near me,USD,10,?,?,Low,0,,,,,,,,10,10,0,0,10,0,0,0,0,0,0,10
the deck and patio company,USD,10,?,?,Low,0,,,,,,,,0,0,10,10,0,0,0,0,0,0,0,10
best rated deck builders near me,USD,10,-100%,0%,Unknown,,,,,,,,,0,0,0,0,10,0,0,0,0,10,0,0
deck and patio repair near me,USD,10,0%,0%,Unknown,,,,,,,Y,,0,0,10,0,0,0,0,0,10,0,0,0
deck builder design tool,USD,10,0%,-100%,Unknown,,,,,,,,,0,10,10,10,0,0,0,0,0,0,0,0
precision deck,USD,10,0%,0%,Low,0,,,,,,,,0,0,0,10,10,10,0,0,0,10,0,10
companies that do decks,USD,10,?,?,High,71,,,,,,,,0,0,0,10,0,0,0,0,0,0,0,10
deck for backyard cost,USD,0,0%,-100%,Unknown,,,,,,,Y,,0,0,0,0,0,0,0,0,0,0,0,0
average price of a deck,USD,10,0%,-67%,Medium,63,2.3,12.3,10%,,,,,20,20,10,10,10,20,10,10,10,10,10,10
trex decking builders near me,USD,0,0%,0%,Unknown,,,,,,,,,0,0,0,0,0,0,0,0,0,0,0,0
cheap deck installation,USD,10,0%,0%,Unknown,,,,,,,,,0,0,0,0,10,0,0,0,0,0,0,0
decking stores near me,USD,10,0%,0%,High,84,3.16,8.24,20%,,,,,10,10,10,20,10,10,10,10,10,10,10,10
backyard deck company,USD,0,0%,0%,Unknown,,,,,,,Y,,0,0,0,0,0,0,0,0,0,0,0,0
best trex deck builders near me,USD,10,0%,0%,Unknown,,,,,,,,,0,0,10,0,10,0,0,0,0,0,0,0
amish decks,USD,10,?,0%,High,100,,,,,,,,10,0,0,0,0,0,0,0,0,0,10,10
deck and porch repair,USD,10,?,0%,Medium,50,,,10%,,,,,0,0,0,10,10,0,10,0,0,0,10,10
trex pro installer,USD,10,0%,0%,Unknown,,,,,,,,,0,0,10,0,0,0,0,0,0,0,0,0
deck repair and replacement,USD,10,0%,-100%,Unknown,,,,,,,,,0,10,10,0,0,10,10,10,0,0,0,0
porch designer tool,USD,10,0%,-100%,Unknown,,,,,,,,,10,0,0,0,0,0,0,0,0,0,10,0
wood deck installation,USD,10,?,0%,Low,5,,,,,,Y,,10,10,10,10,10,10,0,0,0,0,10,10
deck building design,USD,10,0%,0%,Low,19,,,,,,,,10,10,10,0,10,0,10,10,0,10,0,10
long deck,USD,10,0%,-50%,High,69,4.03,17.61,70%,,,,,10,20,10,10,10,10,10,10,10,10,10,10
fence and deck contractors,USD,10,?,0%,Low,0,,,,,,Y,,0,0,0,0,10,10,0,0,0,0,10,10
average price to build a deck,USD,10,0%,0%,Medium,54,,,,,,Y,,10,10,10,10,10,10,10,10,10,10,10,10
deck and fence repair,USD,10,?,0%,High,81,,,10%,,,,,10,10,10,10,10,0,10,0,0,0,0,10
outdoor deck builder,USD,10,?,?,High,71,,,,,,Y,,0,10,10,0,10,0,0,10,0,0,0,10
deck builders stafford va,USD,20,100%,-33%,High,88,17.76,41.89,,,,,,50,20,30,20,10,30,20,10,10,10,10,20
porch building plans,USD,10,?,0%,Low,22,,,,,,,,0,0,0,10,0,0,0,0,0,0,10,10
deck drawing tool,USD,10,0%,-100%,Unknown,,,,,,,,,0,10,0,0,10,10,0,0,0,0,0,0
add a deck,USD,10,0%,-100%,Unknown,,,,,,,Y,,10,0,0,0,10,10,10,10,10,0,0,0
local deck installers,USD,0,0%,0%,Unknown,,,,,,,Y,,0,0,0,0,0,0,0,0,0,0,0,0
trex online deck designer,USD,10,?,?,High,71,,,,,,,,10,0,0,0,0,10,10,0,0,0,0,10
average deck replacement cost,USD,10,0%,0%,Medium,66,6.92,16.13,,,,,,10,10,10,10,10,10,10,10,0,10,10,10
outdoor renovation companies,USD,10,0%,-100%,Unknown,,,,,,,,,0,0,10,0,0,0,0,0,0,0,0,0
house deck designs,USD,10,0%,0%,High,74,,,,,,,,10,10,10,10,10,10,0,10,10,10,10,10
pro deck builders,USD,10,?,0%,High,100,,,10%,,,Y,,10,20,10,10,10,10,50,10,10,0,10,10
outdoor deck plans,USD,10,0%,-100%,Unknown,,,,,,,,,10,0,10,0,10,0,10,0,0,0,0,0
patio and deck designs,USD,70,150%,-64%,High,96,1.46,4.12,4%,,,Y,,140,170,90,70,50,70,30,20,10,20,30,50
small deck cost,USD,10,?,0%,High,93,,,,,,,,10,10,0,10,10,10,10,0,0,0,10,10
custom deck plans,USD,10,0%,?,Low,21,,,,,,,,0,0,0,0,10,0,0,0,0,10,0,10
patio deck replacement,USD,10,0%,0%,Unknown,,,,,,,,,0,0,0,0,10,0,0,0,0,0,0,0
back deck designs,USD,10,0%,0%,High,79,,,,,,,,10,10,10,10,10,10,10,0,10,10,0,10
deck remodeling services,USD,10,0%,0%,Unknown,,,,,,,,,0,0,10,0,10,10,0,0,0,0,0,0
deck installation labor cost,USD,10,?,?,High,86,,,,,,,,10,10,10,0,10,10,0,0,0,0,0,10
deck builder website,USD,10,-100%,0%,Unknown,,,,,,,,,10,10,0,10,10,10,0,0,0,10,0,0
build a porch near me,USD,0,0%,0%,Unknown,,,,,,,,,0,0,0,0,0,0,0,0,0,0,0,0
outdoor living builders near me,USD,140,129%,?,Low,1,,,< 1%,,,,,10,0,10,10,0,0,10,0,0,210,1000,480
wood deck designs,USD,10,-100%,-100%,Unknown,,,,,,,,,10,10,10,10,10,10,0,10,10,10,10,0
porch and patio builders near me,USD,10,0%,0%,Unknown,,,,,,,,,0,0,0,0,10,0,0,0,0,0,0,0
deck replacement companies,USD,10,?,0%,High,88,4.61,54.97,10%,,,,,10,10,10,0,0,0,0,0,0,0,0,10
covered deck contractors,USD,10,0%,?,Low,0,,,,,,Y,,10,10,10,10,10,0,0,0,0,10,10,10
timbertech design,USD,10,?,0%,Medium,57,,,,,,,,10,0,10,0,0,0,10,0,0,0,10,10
deck fixers near me,USD,10,-100%,-100%,Unknown,,,,,,,Y,,10,0,0,10,10,0,0,0,0,10,0,0
deck quote calculator,USD,10,?,?,High,86,,,,,,,,0,0,0,0,0,0,0,0,0,0,0,10
covered deck cost calculator,USD,10,?,0%,Medium,43,,,,,,,,10,0,0,0,10,0,10,10,0,0,0,10
best way to build a deck,USD,10,0%,0%,Unknown,,,,,,,Y,,0,0,10,10,0,10,0,10,0,0,0,0
online deck design tool,USD,10,0%,-100%,Unknown,,,,,,,,,0,0,10,0,0,10,0,10,0,0,10,0
timbertech deck planner,USD,10,?,?,Medium,43,,,,,,,,0,10,0,10,10,0,0,0,0,0,0,10
custom deck builder,USD,20,0%,0%,High,90,3.62,11.7,40%,,,Y,,10,30,10,10,10,70,50,10,10,10,10,10
deck styles and designs,USD,0,0%,0%,Unknown,,,,,,,,,0,0,0,0,0,0,0,0,0,0,0,0
wood deck installation cost,USD,10,0%,?,Medium,43,,,,,,,,0,10,0,10,10,10,0,10,0,10,10,10
backyard deck quotes,USD,0,0%,0%,Unknown,,,,,,,,,0,0,0,0,0,0,0,0,0,0,0,0
certified trex installers,USD,10,?,?,High,100,,,,,,Y,,0,0,10,0,0,0,0,0,0,0,0,10
prefabricated decks,USD,10,0%,-50%,High,90,,,,,,,,10,10,10,10,10,10,10,10,10,10,10,10
cost to resurface a deck with composite,USD,10,0%,-100%,Unknown,,,,,,,,,10,10,10,10,10,0,10,10,10,0,10,0
average labor cost to build a deck,USD,10,0%,-100%,Unknown,,,,,,,,,0,10,10,0,0,0,0,0,0,0,0,0
backyard deck repair,USD,10,?,?,Low,0,,,,,,,,0,0,0,10,0,0,0,10,0,0,0,10
fiberon deck designer,USD,10,0%,-100%,Unknown,,,,,,,,,0,0,10,0,10,0,10,0,0,0,10,0
small deck plans,USD,10,-100%,-100%,Unknown,,,,,,,,,10,10,10,10,10,10,10,0,10,10,0,0
trex authorized installer,USD,10,?,?,High,100,,,,,,Y,,0,0,0,10,0,0,10,0,0,0,0,10
fix my deck near me,USD,0,0%,0%,Unknown,,,,,,,,,0,0,0,0,0,0,0,0,0,0,0,0
professional decking installation,USD,10,0%,0%,Unknown,,,,,,,,,10,0,0,10,10,0,10,0,0,0,10,0
cost to build a small deck,USD,10,0%,-100%,Unknown,,,,,,,,,0,10,0,0,10,0,0,10,0,0,10,0
deck roof builders,USD,0,0%,0%,Unknown,,,,,,,,,0,0,0,0,0,0,0,0,0,0,0,0
patio deck company near me,USD,10,0%,-100%,Unknown,,,,,,,Y,,0,0,10,10,10,0,0,0,0,0,10,0
composite deck plans,USD,10,0%,0%,Unknown,,,,,,,,,10,0,10,0,0,0,0,0,0,0,0,0
porch calculator,USD,10,?,?,Medium,43,,,,,,,,0,0,10,0,0,0,0,0,0,0,0,10
deck maintenance and repair near me,USD,10,0%,0%,Unknown,,,,,,,,,10,10,0,0,0,0,0,0,0,0,0,0
contractors that build decks near me,USD,, --, --,Unknown,,,,,,,,,,,,,,,,,,,,
azek installers near me,USD,10,0%,0%,Unknown,,,,,,,,,0,0,0,10,0,0,0,0,0,0,0,0
contractors who build decks near me,USD,10,?,?,High,71,,,,,,,,0,0,0,0,0,0,0,0,0,0,0,10
deck material cost calculator,USD,10,?,0%,Medium,57,,,,,,,,10,0,10,10,10,10,10,0,0,0,0,10
build patio near me,USD,10,?,?,High,86,,,,,,,,0,0,0,0,0,10,0,0,0,0,0,10
trex deck company,USD,10,-100%,0%,Unknown,,,,,,,,,10,0,10,0,0,10,10,10,0,10,0,0
licensed deck contractor,USD,10,0%,?,Low,0,,,,,,Y,,0,0,0,10,10,0,0,0,0,10,10,10
design trex deck,USD,10,0%,0%,Unknown,,,,,,,,,0,10,0,0,0,0,0,0,0,0,0,0
new deck installation cost,USD,10,0%,0%,Unknown,,,,,,,,,0,10,10,10,0,0,0,0,0,0,0,0
estimated cost to build a deck,USD,10,0%,-100%,Unknown,,,,,,,Y,,0,0,0,0,10,0,0,10,10,0,0,0
custom deck and porch,USD,10,0%,0%,Low,0,,,,,,Y,,10,10,10,10,20,10,0,0,10,10,10,10
elevated deck plans,USD,10,0%,?,Low,6,,,,,,,,10,10,0,10,10,0,0,0,10,10,0,10
deck framing design,USD,10,0%,-100%,Unknown,,,,,,,,,10,10,0,10,0,0,0,0,0,0,0,0
wood deck estimator,USD,10,0%,0%,Unknown,,,,,,,,,0,0,0,0,0,10,0,0,0,0,0,0
deck maintenance cost,USD,10,-100%,-100%,Unknown,,,,,,,,,10,10,0,0,0,0,0,0,0,10,0,0
loudon fence,USD,10,?,0%,Medium,52,,,20%,,,,,10,0,0,0,10,10,10,10,0,0,0,10
deck rendering,USD,10,0%,0%,Unknown,,,,,,,,,0,0,0,0,0,0,0,0,0,0,10,0
ground level deck plans,USD,10,100%,-33%,High,79,,,10%,,,,,30,30,20,10,20,10,10,10,10,10,10,20
create a deck,USD,10,?,0%,High,86,,,,,,,,0,10,0,0,10,10,10,10,10,0,0,10
places that build decks near me,USD,, --, --,Unknown,,,,,,,,,,,,,,,,,,,,
custom deck and patio,USD,10,0%,0%,Medium,39,,,20%,,,,,0,10,10,10,10,10,0,0,0,10,10,10
cheapest deck material,USD,10,?,0%,High,100,,,,,,,,10,10,10,10,0,10,10,0,10,0,0,10
trex deck visualizer,USD,10,-100%,-100%,Unknown,,,,,,,,,0,0,0,0,0,0,10,10,10,10,0,0
we build decks,USD,10,0%,0%,Unknown,,,,,,,Y,,0,0,10,0,0,0,0,0,0,0,0,0
outdoor deck companies,USD,10,0%,0%,Low,25,,,,,,Y,,10,0,0,0,0,0,0,10,0,10,10,10
deck and patio construction,USD,10,0%,?,Medium,50,,,10%,,,Y,,0,0,10,0,10,0,0,0,0,10,10,10
trex pros,USD,10,0%,?,High,83,,,,,,,,0,10,10,10,10,10,0,10,10,10,10,10
elevated fence,USD,10,0%,0%,Unknown,,,,,,,,,0,0,10,0,10,0,0,10,10,0,0,0
elevated deck cost,USD,10,-100%,-100%,Unknown,,,,,,,,,10,0,10,10,10,0,0,10,10,10,0,0
deck repair free estimate,USD,10,0%,0%,Unknown,,,,,,,,,0,0,0,0,10,0,0,0,0,0,0,0
back patio builders,USD,0,0%,0%,Unknown,,,,,,,,,0,0,0,0,0,0,0,0,0,0,0,0
backyard deck plans,USD,10,0%,0%,High,69,0.93,5.16,,,,,,10,0,10,0,10,0,10,10,0,10,0,10
trex pro decking,USD,10,0%,0%,Unknown,,,,,,,Y,,0,0,0,10,0,10,0,0,0,0,0,0
deck builder online free,USD,10,0%,-100%,Unknown,,,,,,,,,10,0,0,0,10,0,0,0,0,0,0,0
covered patio installation near me,USD,, --, --,Unknown,,,,,,,,,,,,,,,,,,,,
backyard deck construction,USD,10,0%,0%,Low,29,,,,,,Y,,10,10,10,10,10,10,10,10,10,10,0,10
deck maintenance companies near me,USD,10,0%,0%,Unknown,,,,,,,,,0,0,10,0,0,0,10,0,0,0,0,0
porch rebuild contractors,USD,10,-100%,0%,Unknown,,,,,,,,,10,0,0,10,0,10,0,0,0,10,0,0
deck and fence near me,USD,10,?,0%,High,82,,,,,,,,10,10,10,10,10,10,10,10,0,0,10,10
decks online,USD,10,?,?,High,86,,,,,,,,0,10,10,0,10,0,10,0,0,0,10,10
patio building companies near me,USD,10,0%,-100%,Unknown,,,,,,,,,10,0,0,0,0,0,0,0,0,0,0,0
deck builder trex,USD,20,100%,-33%,Low,10,,,,,,Y,,10,20,20,10,30,50,10,10,40,10,10,20
cost of adding a deck to a house,USD,10,0%,-100%,Unknown,,,,,,,,,0,10,0,0,0,10,10,0,0,0,0,0
backyard deck cost estimate,USD,10,0%,0%,Unknown,,,,,,,,,0,0,10,0,0,0,0,0,0,0,0,0
new deck designs,USD,10,0%,?,High,86,,,,,,,,10,10,0,10,10,10,0,0,0,10,0,10
licensed deck builder,USD,10,0%,0%,Unknown,,,,,,,Y,,0,0,10,0,0,0,0,0,0,0,0,0
outdoor deck replacement,USD,10,?,0%,High,100,,,,,,,,0,10,0,0,0,0,0,0,0,0,0,10
3d deck designer,USD,10,0%,0%,Medium,64,,,,,,,,10,10,10,0,10,10,10,10,10,10,10,10
deck builder jobs,USD,10,-100%,0%,Unknown,,,,,,,,,10,10,10,10,0,10,10,10,10,10,0,0
deck with roof plans,USD,10,-100%,-100%,Unknown,,,,,,,,,10,10,10,10,10,10,0,10,0,10,10,0
material cost for deck,USD,10,0%,0%,High,100,,,,,,,,10,10,0,10,10,10,10,10,10,10,0,10
deck refinishing companies,USD,10,0%,-100%,Unknown,,,,,,,Y,,10,10,0,10,10,10,0,10,0,0,0,0
wood deck construction,USD,10,?,0%,Low,0,,,,,,Y,,0,10,10,10,10,10,10,10,0,0,10,10
custom porch builders,USD,10,0%,?,Low,0,,,,,,,,0,0,0,0,0,10,0,10,10,10,10,10
porch and patio near me,USD,10,0%,0%,Unknown,,,,,,,,,10,0,10,0,0,0,0,0,0,0,0,0
small deck replacement cost,USD,10,0%,-100%,Unknown,,,,,,,,,10,0,0,0,0,10,10,10,0,0,0,0
build your deck,USD,10,0%,0%,Unknown,,,,,,,,,0,0,0,0,10,10,10,10,0,0,0,0
wood decking installation contractors near me,USD,, --, --,Unknown,,,,,,,Y,,,,,,,,,,,,,
deck and patio companies,USD,10,0%,?,High,88,16.32,38.09,20%,,,,,10,10,0,0,0,0,0,0,10,10,10,10
new deck materials,USD,10,0%,0%,Medium,52,0.85,6.62,,,,,,10,10,10,10,10,0,10,10,10,10,10,10
affordable deck repair,USD,10,0%,-100%,Unknown,,,,,,,,,10,0,0,10,0,0,0,0,0,0,0,0
cheap deck replacement,USD,10,?,0%,High,100,,,,,,,,10,10,0,10,10,0,0,0,0,0,0,10
deck design plans online,USD,0,0%,0%,Unknown,,,,,,,,,0,0,0,0,0,0,0,0,0,0,0,0
patios builders,USD,20,50%,-73%,Medium,36,6.26,26.4,13%,,,,,50,30,30,30,10,10,30,10,10,20,10,30
price for deck installation,USD,10,?,0%,Low,0,,,,,,,,10,10,10,10,10,10,0,10,10,0,10,10
trex find a contractor,USD,0,0%,0%,Unknown,,,,,,,,,0,0,0,0,0,0,0,0,0,0,0,0
deck builders by me,USD,0,0%,0%,Unknown,,,,,,,,,0,0,0,0,0,0,0,0,0,0,0,0
prefab decks near me,USD,10,0%,0%,Unknown,,,,,,,,,10,0,0,10,0,10,0,0,0,0,0,0
porch and deck repair near me,USD,10,?,?,High,100,,,30%,,,Y,,0,0,0,0,0,0,0,0,0,0,0,10
deck installation cost calculator,USD,10,?,0%,Low,0,,,,,,,,10,10,10,10,0,10,10,10,10,0,0,10
average cost to rebuild a deck,USD,10,0%,-100%,Unknown,,,,,,,Y,,10,0,10,0,0,10,0,0,0,0,0,0
balcony cost calculator,USD,10,0%,-100%,Unknown,,,,,,,,,10,0,0,10,0,0,0,0,0,0,0,0
estimate composite deck cost,USD,10,0%,0%,Medium,49,1.89,6.28,,,,,,10,10,10,10,10,10,10,10,10,10,10,10
labor cost to frame a deck,USD,0,0%,0%,Unknown,,,,,,,,,0,0,0,0,0,0,0,0,0,0,0,0
backyard construction near me,USD,0,0%,0%,Unknown,,,,,,,,,0,0,0,0,0,0,0,0,0,0,0,0
decking and pergolas,USD,210,200%,-19%,High,99,1.38,5.33,2%,,,,,320,390,390,320,210,140,140,90,50,70,70,210
elevated deck,USD,10,0%,0%,Medium,34,,,,,,,,10,20,10,10,10,10,10,10,10,10,10,10
wood deck prices,USD,10,?,0%,Medium,34,,,,,,,,10,10,10,10,10,10,0,10,10,0,0,10
deck design website,USD,10,-100%,0%,Unknown,,,,,,,,,0,0,0,0,10,0,0,0,0,10,0,0
average cost to have a deck built,USD,10,?,0%,High,86,,,20%,,,,,0,0,0,0,0,0,0,0,0,0,0,10
deck making cost,USD,10,0%,0%,Unknown,,,,,,,Y,,0,10,0,0,0,10,0,0,0,0,0,0
composite deck construction,USD,10,?,-67%,Low,10,,,,,,Y,,30,10,10,0,10,10,10,10,10,0,10,10
500 sq ft deck cost,USD,10,0%,?,High,71,,,,,,,,10,10,0,10,0,0,10,0,10,10,10,10
patio deck installation,USD,10,0%,?,Low,11,,,20%,,,Y,,10,10,10,10,0,0,0,0,0,10,10,10
trex installers in my area,USD,, --, --,Unknown,,,,,,,,,,,,,,,,,,,,
deck repair replacement,USD,10,0%,-100%,Unknown,,,,,,,,,0,10,10,0,0,10,10,10,0,0,0,0
wooden patio deck,USD,10,0%,0%,High,100,,,,,,,,10,10,10,10,10,10,10,10,0,10,10,10
free online deck design tool,USD,10,0%,0%,Medium,50,,,,,,,,10,10,0,10,10,0,10,0,10,10,0,10
trex deck builder tool,USD,10,0%,0%,Unknown,,,,,,,,,0,0,0,0,0,0,10,0,0,0,0,0
patio deck plans,USD,10,0%,0%,Unknown,,,,,,,,,0,10,10,10,0,0,10,0,0,0,0,0
deck layout planner,USD,10,?,?,High,93,,,,,,,,10,10,10,0,0,10,10,0,0,0,0,10
ground level deck cost,USD,10,?,?,High,93,,,,,,,,10,10,10,10,10,10,10,0,10,0,0,10
outdoor living companies,USD,10,0%,0%,Medium,60,2.69,40.5,10%,,,,,10,10,20,10,10,10,10,10,10,10,10,10
quality decks,USD,10,0%,0%,Medium,43,,,10%,,,,,10,10,10,10,10,0,10,0,0,10,0,10
deck and porch contractors,USD,10,0%,0%,Low,23,,,20%,,,Y,,10,10,10,0,10,0,0,0,10,10,10,10
covered deck builders,USD,10,0%,0%,Medium,36,,,10%,,,,,0,0,10,0,10,0,10,0,0,10,0,10
patio deck installation cost,USD,10,0%,0%,Unknown,,,,,,,,,0,0,0,0,10,0,0,0,0,0,0,0
no maintenance decking cost,USD,10,0%,0%,Unknown,,,,,,,Y,,10,0,0,0,10,0,0,0,0,0,0,0
deck and pergola builders,USD,10,0%,0%,Unknown,,,,,,,,,0,0,0,0,10,0,0,0,0,0,0,0
10 by 10 deck cost,USD,10,?,?,High,86,,,,,,,,0,10,0,0,10,0,10,0,0,0,10,10
cost to build wood deck,USD,10,0%,0%,High,86,,,,,,,,10,0,0,0,0,0,0,0,0,10,0,10
planning a deck build,USD,0,0%,0%,Unknown,,,,,,,,,0,0,0,0,0,0,0,0,0,0,0,0
deck design and build,USD,10,0%,0%,Low,19,,,,,,,,10,10,10,0,10,0,10,10,0,10,0,10
estimate deck materials,USD,20,100%,0%,Medium,46,1.49,5.61,5%,,,,,40,20,20,20,10,10,20,10,10,10,10,20
deck sizes and prices,USD,10,-100%,0%,Unknown,,,,,,,,,10,10,10,10,10,0,0,0,0,10,0,0
deck building price calculator,USD,10,?,?,Medium,62,,,,,,,,10,0,10,10,0,10,10,0,0,0,0,10
ground deck,USD,10,0%,-50%,High,97,,,,,,,,10,10,10,10,10,10,10,10,0,10,10,10
back deck repair,USD,10,0%,0%,Unknown,,,,,,,,,10,0,0,0,0,0,0,0,0,0,0,0
composite deck design tool,USD,10,0%,0%,Unknown,,,,,,,,,10,0,0,0,0,10,0,0,0,0,0,0
decks decks construction,USD,0,0%,0%,Unknown,,,,,,,Y,,0,0,0,0,0,0,0,0,0,0,0,0
deck finishing companies,USD,10,0%,0%,Unknown,,,,,,,Y,,0,0,10,0,0,0,0,0,0,0,0,0
back porch deck,USD,10,?,0%,High,93,,,,,,,,0,0,0,10,0,0,0,0,0,0,10,10
cost of materials to build a deck,USD,10,0%,0%,Unknown,,,,,,,,,0,0,10,0,0,0,0,0,0,0,0,0
trex decking planner,USD,10,?,?,High,71,,,,,,,,0,0,0,0,0,0,0,10,0,0,0,10
contractor to build porch,USD,0,0%,0%,Unknown,,,,,,,,,0,0,0,0,0,0,0,0,0,0,0,0
trex deck construction,USD,10,?,0%,Low,0,,,,,,Y,,0,0,10,0,0,0,0,10,0,0,0,10
labor to build a deck,USD,10,-100%,-100%,Unknown,,,,,,,Y,,10,0,10,10,10,10,0,0,0,10,0,0
cost to add a deck to house,USD,10,-100%,0%,Unknown,,,,,,,Y,,0,10,0,10,0,0,10,0,0,10,10,0
residential deck builders,USD,10,?,?,Medium,33,,,,,,Y,,0,0,0,0,10,0,0,0,0,0,10,10
need a new deck,USD,0,0%,0%,Unknown,,,,,,,,,0,0,0,0,0,0,0,0,0,0,0,0
certified deck builder,USD,10,-100%,0%,Unknown,,,,,,,Y,,0,0,0,0,0,0,0,0,0,10,0,0
best patio cover builders near me,USD,10,0%,?,Low,0,,,,,,,,0,0,0,0,0,0,0,0,0,10,10,10
american deck,USD,10,?,?,High,71,,,30%,,,,,10,10,10,10,10,0,10,0,10,0,10,10
new deck build,USD,10,0%,0%,High,100,,,,,,Y,,10,10,0,10,10,10,10,0,10,10,10,10
backyard deck renovations,USD,10,?,?,High,100,,,,,,,,0,10,10,0,0,0,0,0,0,0,0,10
deck construction calculator,USD,10,-100%,-100%,Unknown,,,,,,,,,0,0,0,0,0,0,0,0,0,10,0,0
low maintenance deck,USD,90,320%,2000%,Low,4,,,,,,Y,,10,20,70,70,90,170,110,140,110,50,70,210
average cost for composite deck,USD,10,0%,0%,Low,29,,,,,,,,10,10,10,10,10,10,0,0,0,10,0,10
need deck repair,USD,0,0%,0%,Unknown,,,,,,,,,0,0,0,0,0,0,0,0,0,0,0,0
estimate deck replacement cost,USD,10,0%,-100%,Unknown,,,,,,,,,10,0,0,0,0,0,10,0,0,0,0,0
timbertech deck design tool,USD,10,0%,0%,Medium,43,,,,,,,,10,10,10,0,10,10,10,10,10,10,0,10
trex pro platinum,USD,10,0%,0%,Low,18,,,,,,Y,,10,0,10,10,0,0,10,0,0,10,10,10
new deck price,USD,20,100%,-33%,Medium,65,3.47,12.89,30%,,,Y,,40,50,30,30,30,20,10,10,10,10,10,20
local patio and deck builders near me,USD,0,0%,0%,Unknown,,,,,,,,,0,0,0,0,0,0,0,0,0,0,0,0
pricing a deck build,USD,10,0%,0%,Unknown,,,,,,,Y,,0,0,0,0,10,0,0,0,0,0,0,0
amish patio builders,USD,0,0%,0%,Unknown,,,,,,,,,0,0,0,0,0,0,0,0,0,0,0,0
cost of having a deck built,USD,10,0%,0%,Unknown,,,,,,,Y,,0,0,0,0,10,0,0,0,0,0,0,0
trex build a deck,USD,10,?,?,High,86,,,,,,,,10,0,0,10,0,10,0,0,0,0,0,10
design porch online,USD,10,?,?,Medium,57,,,,,,,,0,0,0,10,0,0,0,0,0,0,0,10
deck construction cost estimator,USD,10,0%,-50%,High,86,2.55,8.56,10%,,,,,20,20,10,10,10,10,10,10,10,10,10,10
deck builders near my location,USD,0,0%,0%,Unknown,,,,,,,,,0,0,0,0,0,0,0,0,0,0,0,0
design a trex deck,USD,10,0%,0%,Medium,62,1.28,5.98,10%,,,,,10,20,30,10,10,10,10,10,10,10,10,10
backyard wooden deck,USD,10,-100%,-100%,Unknown,,,,,,,,,0,10,10,10,10,10,10,10,10,10,10,0
building a deck blueprints,USD,10,100%,0%,Medium,51,1.33,5.34,5%,,,,,20,20,20,10,10,10,20,10,10,10,10,20
deck project planner,USD,0,0%,0%,Unknown,,,,,,,,,0,0,0,0,0,0,0,0,0,0,0,0
exterior deck,USD,10,-100%,-100%,Unknown,,,,,,,,,10,10,10,10,0,10,10,10,10,10,0,0
deck business near me,USD,10,0%,0%,Unknown,,,,,,,,,0,10,0,0,0,0,0,0,0,0,0,0
deck builder financing,USD,10,0%,-100%,Unknown,,,,,,,,,10,10,0,0,0,10,0,0,0,0,0,0
back deck cost,USD,10,0%,-100%,Unknown,,,,,,,Y,,10,10,10,0,10,0,0,0,0,0,10,0
backyard patio company,USD,10,0%,?,Low,0,,,,,,,,0,0,10,0,0,0,0,0,0,10,0,10
back deck prices,USD,10,0%,0%,Unknown,,,,,,,,,0,0,0,0,10,0,0,0,0,0,0,0
porch plans free,USD,10,0%,-100%,Unknown,,,,,,,,,10,0,0,0,10,10,0,10,0,0,10,0
home deck designs,USD,10,0%,0%,High,74,,,,,,,,10,10,10,10,10,10,0,10,10,10,10,10
deck porch builders,USD,10,?,0%,Low,25,,,,,,,,10,0,10,0,10,0,0,0,10,0,10,10
deck labor calculator,USD,0,0%,0%,Unknown,,,,,,,,,0,0,0,0,0,0,0,0,0,0,0,0
custom patio builders,USD,10,0%,0%,Low,0,,,,,,Y,,0,0,0,0,0,0,0,0,0,10,10,10
porch material calculator,USD,0,0%,0%,Unknown,,,,,,,,,0,0,0,0,0,0,0,0,0,0,0,0
porch deck plans,USD,10,0%,0%,High,100,,,,,,,,10,0,10,0,0,0,0,0,0,10,0,10
trex deck builders in my area,USD,10,0%,0%,Unknown,,,,,,,,,0,0,0,0,10,0,0,0,0,0,0,0
trex deck layout,USD,10,0%,0%,Unknown,,,,,,,,,10,0,0,0,10,10,0,10,0,0,10,0
average price for deck,USD,10,0%,-67%,Medium,63,2.3,12.3,10%,,,,,20,20,10,10,10,20,10,10,10,10,10,10
best porch builders near me,USD,10,0%,?,Low,0,,,,,,,,0,0,0,0,0,0,10,10,0,10,10,10
build a deck quote,USD,0,0%,0%,Unknown,,,,,,,,,0,0,0,0,0,0,0,0,0,0,0,0
deck site plan,USD,10,-100%,0%,Unknown,,,,,,,,,0,0,0,10,0,0,0,0,0,10,0,0
deck measurements plan,USD,10,0%,0%,Unknown,,,,,,,,,0,0,0,0,10,0,0,0,0,0,0,0
composite deck estimate calculator,USD,0,0%,0%,Unknown,,,,,,,,,0,0,0,0,0,0,0,0,0,0,0,0
deck design guide,USD,10,0%,-100%,Unknown,,,,,,,,,10,0,0,10,0,10,10,10,0,0,0,0
small deck designs,USD,10,0%,0%,High,80,,,10%,,,,,10,30,10,10,10,10,10,10,0,10,10,10
virginia deck,USD,10,200%,50%,Medium,56,9.94,32.43,50%,,,Y,,20,10,10,10,10,10,10,10,10,10,10,30
free deck designer software,USD,10,0%,0%,Medium,51,1.49,7.81,30%,,,,,10,10,10,10,10,10,10,10,10,10,10,10
loudoun fence,USD,170,256%,0%,Medium,54,1.47,15,51%,,,,,260,320,260,210,170,170,170,110,90,90,110,320
add deck to house,USD,10,-100%,-100%,Unknown,,,,,,,,,10,10,10,0,0,10,0,10,10,10,10,0
deck and patio installation,USD,10,0%,?,Low,11,,,20%,,,,,10,10,10,10,0,0,0,0,0,10,10,10
3d deck planner,USD,10,0%,0%,Unknown,,,,,,,,,0,0,0,0,0,0,10,0,0,0,0,0
house decking,USD,30,50%,0%,Medium,56,3.33,8.74,13%,,,,,40,30,30,20,20,30,30,20,20,20,10,30
deck installation contractors near me,USD,10,0%,0%,Unknown,,,,,,,Y,,0,0,0,0,0,0,0,0,0,0,10,0
deck building tips,USD,10,?,?,Medium,36,,,,,,,,10,0,10,0,10,10,10,10,0,0,10,10
deck stairs contractor,USD,10,?,0%,Low,29,,,,,,,,10,10,10,10,10,10,10,0,0,0,0,10
backyard deck price,USD,10,0%,0%,Unknown,,,,,,,Y,,10,0,0,0,10,0,0,0,0,0,0,0
create deck plans,USD,10,100%,0%,Medium,51,1.33,5.34,5%,,,,,20,20,20,10,10,10,20,10,10,10,10,20
deck floor plans,USD,10,-100%,0%,Unknown,,,,,,,,,10,0,10,10,10,10,0,0,0,10,0,0
outdoor deck quotes,USD,0,0%,0%,Unknown,,,,,,,,,0,0,0,0,0,0,0,0,0,0,0,0
ground level deck framing,USD,10,?,0%,High,86,,,,,,,,10,10,0,10,10,10,10,0,10,0,0,10
deck treatment companies,USD,10,0%,0%,Unknown,,,,,,,,,10,0,0,0,0,0,0,0,0,0,0,0
price a deck,USD,10,0%,-50%,High,69,2.82,6.06,,,,,,20,20,20,20,20,10,10,10,10,10,10,10
top deck construction,USD,10,0%,0%,Unknown,,,,,,,,,0,0,0,0,0,0,0,10,0,0,0,0
custom backyard decks,USD,10,0%,0%,Low,0,,,,,,Y,,10,10,10,0,10,10,0,0,0,10,0,10
online deck quote,USD,10,?,?,Low,0,,,,,,,,0,0,0,0,0,0,0,0,10,0,0,10
patio deck construction,USD,10,0%,0%,Unknown,,,,,,,,,0,10,10,10,10,10,10,0,0,0,10,0
wood deck quote,USD,, --, --,Unknown,,,,,,,,,,,,,,,,,,,,
cost to add a deck,USD,10,0%,-100%,Unknown,,,,,,,Y,,10,10,10,0,10,0,10,0,10,0,10,0
free deck quotes,USD,0,0%,0%,Unknown,,,,,,,,,0,0,0,0,0,0,0,0,0,0,0,0
deck additions,USD,10,0%,?,Medium,36,,,10%,,,,,0,10,10,10,0,0,10,0,10,10,10,10
deck design and construction,USD,10,0%,0%,Unknown,,,,,,,,,0,0,0,0,10,0,0,10,0,0,10,0
wood deck price per square foot,USD,10,0%,0%,Unknown,,,,,,,,,0,10,0,10,10,0,0,0,0,0,0,0
r and r deck builders,USD,0,0%,0%,Unknown,,,,,,,,,0,0,0,0,0,0,0,0,0,0,0,0
wood deck estimate calculator,USD,0,0%,-100%,Unknown,,,,,,,,,0,0,0,0,0,0,0,0,0,0,0,0
best outdoor decks,USD,10,0%,-100%,Unknown,,,,,,,,,0,10,0,10,0,0,0,0,0,0,0,0
average cost deck replacement,USD,10,0%,-100%,Unknown,,,,,,,,,10,0,0,0,0,0,10,0,0,0,10,0
front porch deck plans,USD,10,0%,0%,Unknown,,,,,,,,,0,0,10,0,0,0,0,0,0,0,0,0
custom porches,USD,10,-75%,0%,Low,0,,,,,,,,10,0,0,0,0,0,10,10,0,40,0,10
deck installation services,USD,20,0%,0%,Low,0,,,,,,Y,,10,30,10,10,30,70,70,30,20,10,10,10
online porch design tool,USD,0,0%,0%,Unknown,,,,,,,,,0,0,0,0,0,0,0,0,0,0,0,0
covered porch contractors,USD,10,0%,?,Low,1,,,,,,,,10,10,10,10,10,10,10,10,10,10,10,10
pro deck construction,USD,30,600%,600%,Medium,52,6.08,18.28,29%,,,Y,,10,10,10,30,30,30,20,10,30,10,70,70
composite deck replacement cost,USD,10,0%,-100%,Unknown,,,,,,,Y,,10,10,10,10,10,0,10,0,10,0,10,0
deck it pro,USD,10,-100%,0%,Unknown,,,,,,,,,0,0,0,0,0,0,0,0,0,10,0,0
deck planning calculator,USD,10,0%,0%,Unknown,,,,,,,,,10,0,10,10,0,10,0,0,0,0,0,0
deck measurements,USD,10,?,?,Medium,51,1.26,4.43,,,,,,10,0,10,10,10,10,10,0,0,0,0,10
amish built decks near me,USD,0,0%,0%,Unknown,,,,,,,,,0,0,0,0,0,0,0,0,0,0,0,0
3d deck builder free,USD,10,0%,0%,Unknown,,,,,,,,,0,0,0,0,0,10,0,0,0,0,0,0
deck photos,USD,70,133%,0%,Low,33,1.35,2.96,7%,,,,,70,110,70,90,70,70,70,50,50,30,30,70
building a front porch deck,USD,10,0%,0%,Unknown,,,,,,,,,0,10,0,0,0,0,0,0,0,0,0,0
building a back deck,USD,0,0%,0%,Unknown,,,,,,,,,0,0,0,0,0,0,0,0,0,0,0,0
patio and deck repair near me,USD,0,0%,0%,Unknown,,,,,,,Y,,0,0,0,0,0,0,0,0,0,0,0,0
trex deck installation contractors,USD,20,100%,100%,Low,3,,,,,,,,40,40,40,30,30,20,10,10,10,10,10,20
deck sq ft cost,USD,10,?,?,Medium,36,,,,,,,,10,10,0,10,0,0,0,0,0,0,0,10
composite decking planner,USD,10,0%,0%,Unknown,,,,,,,,,10,0,10,0,0,0,0,0,0,0,0,0
backyard deck and patio,USD,10,0%,0%,High,89,1.98,7.86,30%,,,,,10,10,10,10,10,0,10,0,0,10,0,10
house deck builder,USD,10,0%,?,High,100,,,,,,Y,,0,10,10,10,0,0,0,10,0,10,0,10
deck building and repair,USD,10,0%,0%,Unknown,,,,,,,,,0,0,0,10,0,0,10,0,0,0,0,0
back deck plans,USD,0,0%,-100%,Unknown,,,,,,,,,0,0,0,0,0,0,0,0,0,0,0,0
outdoor living space builders,USD,0,0%,0%,Unknown,,,,,,,,,0,0,0,0,0,0,0,0,0,0,0,0
best online deck designer,USD,0,0%,-100%,Unknown,,,,,,,,,0,0,0,0,0,0,0,0,0,0,0,0
outdoor living contractor,USD,10,-67%,0%,Low,9,,,,,,Y,,0,0,10,10,10,50,10,0,10,30,10,10
outdoor deck renovation,USD,0,0%,0%,Unknown,,,,,,,,,0,0,0,0,0,0,0,0,0,0,0,0
outdoor deck designer,USD,0,0%,0%,Unknown,,,,,,,,,0,0,0,0,0,0,0,0,0,0,0,0
timbertech installers,USD,10,0%,0%,Unknown,,,,,,,,,0,10,0,0,0,0,0,0,10,0,0,0
wood deck restoration services,USD,10,?,?,Low,0,,,,,,,,0,0,0,0,0,0,0,0,0,0,0,10
patio deck price,USD,10,?,?,High,100,,,,,,,,0,0,0,0,10,0,0,0,0,0,0,10
trex design a deck,USD,10,0%,0%,Medium,62,1.28,5.98,10%,,,,,10,20,30,10,10,10,10,10,10,10,10,10
replacing deck boards with composite cost,USD,0,0%,-100%,Unknown,,,,,,,Y,,0,0,0,0,0,0,0,0,0,0,0,0
deck maintenance services near me,USD,10,0%,0%,Unknown,,,,,,,,,0,0,0,10,10,0,0,0,0,0,0,0
deck replacement calculator,USD,10,0%,0%,Unknown,,,,,,,,,10,0,0,0,0,0,0,0,0,0,0,0
deck building tool online,USD,0,0%,0%,Unknown,,,,,,,,,0,0,0,0,0,0,0,0,0,0,0,0
composite decking services,USD,10,0%,?,Low,0,,,,,,Y,,0,0,0,0,10,10,0,0,0,10,10,10
cost to extend deck,USD,10,0%,0%,Medium,57,,,,,,,,10,10,10,10,10,10,0,10,0,10,10,10
dream decks llc,USD,10,0%,0%,Unknown,,,,,,,,,0,0,0,10,0,0,0,0,0,0,0,0
free deck design plans,USD,10,0%,-50%,Medium,66,2.29,6.67,,,,,,20,20,20,30,10,10,10,10,10,10,10,10
porch design tool,USD,10,0%,?,Medium,57,,,,,,,,10,0,0,0,0,0,10,0,0,10,0,10
cost of replacing deck boards,USD,10,0%,0%,High,71,,,,,,Y,,10,10,0,0,10,0,10,0,10,10,0,10
yard deck,USD,10,?,?,Medium,38,,,,,,,,10,10,10,0,0,0,10,0,0,0,10,10
deck and fencing near me,USD,10,0%,-100%,Unknown,,,,,,,,,0,0,0,0,0,0,0,0,0,0,10,0
decks by don,USD,10,0%,0%,Unknown,,,,,,,,,0,0,0,10,0,0,0,0,0,0,10,0
low deck,USD,20,100%,100%,Medium,57,,,,,,,,30,20,20,20,30,20,20,10,10,20,30,40
deck building plans for permit,USD,0,0%,0%,Unknown,,,,,,,,,0,0,0,0,0,0,0,0,0,0,0,0
deck builders near,USD,10,0%,0%,Unknown,,,,,,,Y,,0,0,0,0,0,10,0,0,0,0,0,0
new deck estimate cost,USD,0,0%,-100%,Unknown,,,,,,,Y,,0,0,0,0,0,0,0,0,0,0,0,0
decking work,USD,10,0%,0%,Medium,62,,,,,,,,10,10,10,10,10,10,10,10,10,10,10,10
easiest way to build a deck,USD,10,?,?,High,100,,,,,,,,0,0,0,0,0,0,0,0,0,0,0,10
cheapest time to build a deck,USD,10,0%,0%,Unknown,,,,,,,Y,,10,0,0,0,0,0,10,0,0,0,0,0
deck patio builders,USD,10,50%,200%,Medium,34,15.16,30.83,7%,,,Y,,10,20,10,10,10,10,20,10,10,20,10,30
average cost of deck repair,USD,10,0%,0%,Low,0,,,,,,,,10,10,10,10,10,10,0,0,0,10,0,10
deck plus reviews,USD,0,0%,0%,Unknown,,,,,,,,,0,0,0,0,0,0,0,0,0,0,0,0
new deck construction cost,USD,20,100%,-33%,Medium,65,3.47,12.89,30%,,,,,40,50,30,30,30,20,10,10,10,10,10,20
front porch design tool,USD,10,0%,0%,Unknown,,,,,,,,,0,0,0,0,0,0,0,0,0,0,10,0
custom patio contractors near me,USD,10,0%,?,Low,0,,,,,,,,0,0,0,0,70,20,0,0,0,10,0,10
cost estimate deck construction,USD,10,0%,-50%,High,86,2.55,8.56,10%,,,,,20,20,10,10,10,10,10,10,10,10,10,10
on deck construction,USD,10,-100%,0%,Unknown,,,,,,,Y,,0,0,0,0,0,0,0,10,0,10,0,0
deck sizes,USD,10,0%,0%,Medium,40,,,,,,,,10,10,10,10,10,10,10,10,10,10,10,10
the deck pros,USD,10,0%,0%,Unknown,,,,,,,,,0,0,0,0,0,10,0,0,0,0,0,0
average new deck cost,USD,10,0%,0%,High,86,2.2,5.27,,,,Y,,10,10,10,10,10,10,10,0,10,10,0,10
cost to get a deck built,USD,0,0%,0%,Unknown,,,,,,,,,0,0,0,0,0,0,0,0,0,0,0,0
estimate for composite decking,USD,0,0%,0%,Unknown,,,,,,,,,0,0,0,0,0,0,0,0,0,0,0,0
trex outdoor living,USD,10,0%,0%,Unknown,,,,,,,,,10,0,0,10,0,0,0,0,0,0,0,0
deck decking,USD,10,?,?,High,100,,,,,,Y,,0,10,10,10,0,10,0,0,0,0,10,10
custom composite decking,USD,10,0%,-100%,Unknown,,,,,,,,,0,0,0,0,0,0,0,0,0,0,10,0
deck price estimate,USD,10,?,0%,Medium,52,3.63,8.14,,,,,,10,10,10,0,0,0,10,10,10,0,10,10
precision deck and patio,USD,10,0%,?,Low,0,,,,,,,,10,0,0,0,0,0,0,0,0,10,0,10
engineered deck plans,USD,10,0%,-100%,Unknown,,,,,,,,,0,10,0,0,0,0,0,0,10,0,0,0
azek deck builder,USD,0,0%,0%,Unknown,,,,,,,Y,,0,0,0,0,0,0,0,0,0,0,0,0
deck company reviews,USD,0,0%,0%,Unknown,,,,,,,,,0,0,0,0,0,0,0,0,0,0,0,0
building an elevated deck,USD,10,0%,-100%,Unknown,,,,,,,,,0,10,0,0,0,10,0,0,0,0,0,0
free deck calculator,USD,10,0%,0%,High,71,2.09,7.95,,,,,,10,10,10,10,10,10,10,10,10,10,10,10
build your own deck plans,USD,0,0%,0%,Unknown,,,,,,,,,0,0,0,0,0,0,0,0,0,0,0,0
low cost decking,USD,0,0%,0%,Unknown,,,,,,,,,0,0,0,0,0,0,0,0,0,0,0,0
composite deck price calculator,USD,10,0%,0%,Medium,49,1.89,6.28,,,,,,10,10,10,10,10,10,10,10,10,10,10,10
low deck design,USD,10,?,0%,High,100,,,,,,,,10,0,10,10,10,0,10,10,0,0,10,10
home deck construction,USD,10,0%,0%,Unknown,,,,,,,,,0,0,0,0,0,0,10,10,0,0,0,0
wood deck price calculator,USD,10,?,0%,Medium,50,,,,,,,,10,10,10,0,10,0,0,10,10,0,10,10
cost to build patio deck,USD,10,0%,-100%,Unknown,,,,,,,,,0,0,0,10,0,0,0,0,0,0,0,0
deck repair prices,USD,10,0%,0%,Unknown,,,,,,,,,10,10,0,0,10,0,0,0,0,0,0,0
the cost to build a deck,USD,10,0%,0%,Unknown,,,,,,,Y,,0,0,0,0,0,0,0,10,0,0,0,0
outdoor fence and deck contractors,USD,0,0%,-100%,Unknown,,,,,,,,,0,0,0,0,0,0,0,0,0,0,0,0
all pro decks,USD,0,0%,0%,Unknown,,,,,,,,,0,0,0,0,0,0,0,0,0,0,0,0
patio remodeling companies near me,USD,10,0%,0%,Unknown,,,,,,,,,0,0,10,0,0,0,0,0,0,0,0,0
house deck plans,USD,10,?,?,High,100,,,,,,,,10,0,10,0,0,0,0,10,0,0,0,10
deck design for permit,USD,10,0%,0%,Unknown,,,,,,,,,0,0,0,0,10,0,0,0,10,0,0,0
custom deck and fence,USD,10,0%,0%,Medium,36,,,,,,Y,,10,10,10,10,10,10,10,10,10,10,10,10
back porch contractors,USD,10,0%,?,Low,7,,,,,,,,0,10,10,0,0,0,0,10,10,10,10,10
pro deck design,USD,10,0%,0%,Unknown,,,,,,,Y,,0,0,10,0,0,0,0,0,0,0,0,0
price per sq ft to build a deck,USD,10,-100%,-100%,Unknown,,,,,,,,,0,0,10,10,0,10,0,0,0,10,0,0
back deck construction,USD,0,0%,0%,Unknown,,,,,,,,,0,0,0,0,0,0,0,0,0,0,0,0
approximate deck cost,USD,10,0%,-67%,Medium,63,2.3,12.3,10%,,,,,20,20,10,10,10,20,10,10,10,10,10,10
deck redo cost,USD,10,?,?,High,86,,,,,,,,0,0,0,0,0,0,0,0,0,0,0,10
wood deck company,USD,0,0%,0%,Unknown,,,,,,,,,0,0,0,0,0,0,0,0,0,0,0,0
porch planner,USD,10,0%,0%,High,75,,,,,,,,10,10,10,10,0,10,10,0,0,10,10,10
most cost effective decking material,USD,10,?,0%,High,100,,,,,,,,10,10,10,10,0,10,10,0,10,0,0,10
all weather deck and rail,USD,0,0%,-100%,Unknown,,,,,,,,,0,0,0,0,0,0,0,0,0,0,0,0
deck installation financing,USD,0,0%,0%,Unknown,,,,,,,,,0,0,0,0,0,0,0,0,0,0,0,0
build deck plans online,USD,0,0%,-100%,Unknown,,,,,,,,,0,0,0,0,0,0,0,0,0,0,0,0
i want to build a deck in my backyard,USD,10,?,?,High,86,,,,,,,,0,10,10,0,0,0,0,0,0,0,0,10
back deck builder,USD,0,0%,0%,Unknown,,,,,,,Y,,0,0,0,0,0,0,0,0,0,0,0,0
average deck price per square foot,USD,10,0%,-100%,Unknown,,,,,,,,,10,0,0,0,0,0,0,0,0,0,0,0
estimate cost of deck replacement,USD,0,0%,0%,Unknown,,,,,,,,,0,0,0,0,0,0,0,0,0,0,0,0
wood patio cost,USD,10,-100%,-100%,Unknown,,,,,,,,,10,0,0,10,10,10,0,0,0,10,0,0
trex designs,USD,10,0%,0%,Low,14,,,,,,,,10,10,10,10,10,10,10,0,10,10,10,10
deck diy plans,USD,10,0%,0%,Medium,39,,,,,,,,10,10,10,10,10,10,10,0,10,10,0,10
to build a deck,USD,10,0%,-100%,Unknown,,,,,,,,,0,0,0,0,10,0,0,0,0,0,0,0
trex decking financing,USD,10,0%,0%,High,71,,,,,,,,10,0,0,0,0,0,0,0,0,10,0,10
local deck repair companies,USD,10,0%,0%,Unknown,,,,,,,,,0,0,0,0,0,0,10,0,0,0,0,0
deck framing designer,USD,10,0%,-100%,Unknown,,,,,,,,,0,0,0,0,0,10,10,10,0,0,0,0
patio deck remodel,USD,10,0%,0%,Unknown,,,,,,,,,0,10,0,0,0,0,10,10,10,0,0,0
multi level deck,USD,30,300%,33%,Low,0,,,,,,,,10,50,50,50,40,30,30,20,10,10,20,40
backyard deck remodel,USD,10,?,?,High,100,,,,,,Y,,0,10,10,0,0,0,0,0,0,0,0,10
fix a deck,USD,10,?,?,High,86,,,,,,,,10,10,10,10,10,0,0,10,0,0,0,10
deck resurfacing companies,USD,10,0%,-100%,Unknown,,,,,,,Y,,0,10,0,10,10,10,0,0,0,0,0,0
free deck building plans,USD,10,0%,-50%,Medium,66,2.29,6.67,,,,,,20,20,20,30,10,10,10,10,10,10,10,10
deck architectural plans,USD,10,-100%,0%,Unknown,,,,,,,,,0,0,0,0,10,10,0,0,10,10,0,0
deck design estimator,USD,10,0%,0%,Unknown,,,,,,,,,10,0,0,0,0,0,0,0,0,0,0,0
front porch plans free,USD,10,0%,0%,Unknown,,,,,,,,,10,0,10,10,0,10,0,0,0,0,0,0
timbertech decking dealers near me,USD,0,0%,0%,Unknown,,,,,,,,,0,0,0,0,0,0,0,0,0,0,0,0
home deck and fence company,USD,10,?,?,Low,0,,,,,,Y,,10,0,0,0,0,0,0,0,0,0,0,10
your deck builder,USD,10,0%,0%,Unknown,,,,,,,Y,,0,0,10,0,0,0,0,0,0,0,0,0
deck stair design tool,USD,10,0%,0%,Unknown,,,,,,,,,10,0,0,0,0,0,0,10,0,0,0,0
cost to add deck to house,USD,10,0%,-100%,Unknown,,,,,,,,,0,10,0,0,0,10,10,0,0,0,0,0
best deck designer,USD,10,-100%,0%,Unknown,,,,,,,,,0,0,0,10,10,10,0,0,0,10,0,0
outdoor porch builders,USD,0,0%,0%,Unknown,,,,,,,,,0,0,0,0,0,0,0,0,0,0,0,0
patio building company,USD,10,0%,0%,Unknown,,,,,,,,,0,0,0,0,10,0,0,0,0,0,0,0
ground deck plans,USD,10,0%,-100%,Unknown,,,,,,,,,0,0,10,0,10,0,10,0,0,0,0,0
deck planning guide,USD,10,0%,0%,Unknown,,,,,,,,,0,0,10,0,0,0,0,0,0,0,0,0
elevated deck designs,USD,10,0%,0%,Low,0,,,,,,,,0,10,10,10,10,0,10,10,10,10,10,10
front porch deck designs,USD,10,0%,-100%,Unknown,,,,,,,,,0,10,0,10,0,0,10,10,10,0,0,0
patio deck calculator,USD,10,0%,0%,Unknown,,,,,,,,,0,10,0,0,0,0,0,0,0,0,0,0
nova deck and fence,USD,10,?,0%,Medium,43,,,,,,,,10,10,10,10,10,10,0,10,0,0,10,10
average price of a new deck,USD,10,-100%,-100%,Unknown,,,,,,,,,10,10,0,0,10,0,0,0,0,10,0,0
decks by design reviews,USD,0,0%,0%,Unknown,,,,,,,,,0,0,0,0,0,0,0,0,0,0,0,0
nova deck,USD,10,100%,100%,Medium,66,6.43,20.08,25%,,,,,10,10,10,10,20,10,20,10,10,10,10,20
custom wood decks,USD,0,0%,0%,Unknown,,,,,,,,,0,0,0,0,0,0,0,0,0,0,0,0
average cost of replacing a deck,USD,10,0%,0%,Medium,66,6.92,16.13,,,,,,10,10,10,10,10,10,10,10,0,10,10,10
deck boards replacement cost,USD,20,200%,0%,Medium,44,2.13,13.7,10%,,,,,40,30,20,50,20,30,30,10,10,10,10,30
free deck estimates,USD,10,0%,-100%,Unknown,,,,,,,,,0,10,0,0,0,0,10,0,0,0,0,0
custom patio decks,USD,0,0%,0%,Unknown,,,,,,,,,0,0,0,0,0,0,0,0,0,0,0,0
deck building for dummies,USD,10,0%,-100%,Unknown,,,,,,,,,0,0,0,10,10,0,0,0,0,0,0,0
patio porch builders,USD,10,0%,0%,Unknown,,,,,,,,,0,0,0,0,10,0,0,0,0,0,0,0
deck design and material calculator,USD,10,0%,0%,Unknown,,,,,,,,,10,0,0,0,0,0,0,0,0,0,0,0
average cost new deck,USD,10,0%,0%,Unknown,,,,,,,Y,,0,0,10,0,0,0,0,0,0,0,0,0
patio roof builder,USD,0,0%,0%,Unknown,,,,,,,,,0,0,0,0,0,0,0,0,0,0,0,0
custom deck & porch,USD,0,0%,0%,Unknown,,,,,,,Y,,0,0,0,0,0,0,0,0,0,0,0,0
back deck remodel,USD,10,0%,-100%,Unknown,,,,,,,,,0,0,10,10,0,0,0,0,0,0,0,0
wood deck blueprints,USD,10,0%,0%,High,75,,,,,,,,10,10,10,10,0,10,0,0,10,10,0,10
i need a deck,USD,0,0%,0%,Unknown,,,,,,,Y,,0,0,0,0,0,0,0,0,0,0,0,0
custom outdoor decks,USD,0,0%,0%,Unknown,,,,,,,,,0,0,0,0,0,0,0,0,0,0,0,0
best deck designer software,USD,10,0%,-100%,Unknown,,,,,,,,,10,0,0,0,10,0,0,0,0,0,0,0
ground level deck cost estimator,USD,0,0%,0%,Unknown,,,,,,,,,0,0,0,0,0,0,0,0,0,0,0,0
deck drawing plans,USD,10,0%,0%,Low,24,,,,,,,,10,10,10,10,10,10,0,10,10,10,0,10
yard deck cost,USD,10,0%,0%,Unknown,,,,,,,,,0,0,0,0,0,0,0,0,10,0,0,0
building a low deck,USD,10,?,0%,High,100,,,,,,,,10,10,10,0,10,10,10,0,0,0,0,10
cost to build deck with roof,USD,10,0%,0%,Unknown,,,,,,,,,10,10,10,10,0,10,0,10,10,0,0,0
precision deck builders,USD,10,0%,0%,Unknown,,,,,,,Y,,0,0,10,0,0,0,0,0,10,0,0,0
deck frame designer,USD,10,0%,-100%,Unknown,,,,,,,,,0,0,0,0,0,10,10,10,0,0,0,0
building a deck on a budget,USD,0,0%,-100%,Unknown,,,,,,,,,0,0,0,0,0,0,0,0,0,0,0,0
deck builder 3d,USD,10,?,?,High,86,,,,,,,,0,0,0,0,0,10,0,0,0,0,0,10
building a back porch deck,USD,0,0%,0%,Unknown,,,,,,,,,0,0,0,0,0,0,0,0,0,0,0,0
wood needed to build a deck,USD,0,0%,0%,Unknown,,,,,,,,,0,0,0,0,0,0,0,0,0,0,0,0
decks and outdoor living spaces,USD,10,0%,0%,Unknown,,,,,,,,,10,0,0,0,0,0,0,0,0,0,0,0
create deck plans online free,USD,10,0%,0%,Unknown,,,,,,,,,0,0,0,0,0,0,0,0,0,0,10,0
create your own deck,USD,10,0%,0%,Unknown,,,,,,,,,0,10,0,0,0,0,10,10,10,0,0,0
modern deck design,USD,10,0%,0%,High,79,,,30%,,,,,20,10,10,10,20,10,10,10,10,10,0,10
best deck construction,USD,10,0%,0%,Unknown,,,,,,,Y,,0,0,0,10,0,0,0,0,0,0,0,0
deck material near me,USD,10,?,0%,High,97,5.53,12.95,10%,,,,,10,10,10,10,50,10,10,10,10,0,10,10
average price for new deck,USD,10,?,?,High,71,,,,,,,,0,0,10,0,0,10,10,0,0,0,10,10
cost of repairing a deck,USD,20,200%,50%,Low,14,2.2,5.3,3%,,,,,30,30,40,40,30,20,20,20,10,10,20,30
residential decks,USD,10,0%,-67%,Low,0,,,,,,,,10,10,10,0,10,10,0,0,10,10,10,10
build your own composite deck,USD,0,0%,0%,Unknown,,,,,,,,,0,0,0,0,0,0,0,0,0,0,0,0
deck installation contractors,USD,10,0%,-50%,Low,4,,,,,,,,10,10,10,10,10,10,20,10,10,10,10,10
average wood deck cost,USD,10,0%,-100%,Unknown,,,,,,,,,0,0,0,10,10,0,10,0,0,0,0,0
inexpensive deck,USD,10,0%,0%,Unknown,,,,,,,,,0,0,10,10,10,0,0,0,0,0,0,0
online decking calculator,USD,10,0%,0%,Unknown,,,,,,,,,0,0,0,10,10,10,10,0,10,0,0,0
outdoor deck prices,USD,10,0%,0%,Unknown,,,,,,,,,10,0,0,0,0,0,0,0,0,0,0,0
the deck builder,USD,10,-100%,0%,Unknown,,,,,,,Y,,0,0,0,0,0,0,0,0,0,10,0,0
decking & porches,USD,10,0%,-67%,High,75,3.12,29.18,,,,,,20,10,20,10,20,10,10,10,20,10,10,10
average cost for deck repair,USD,10,0%,0%,Unknown,,,,,,,,,10,0,0,0,0,0,0,10,0,0,0,0
custom decks plus,USD,10,0%,0%,Unknown,,,,,,,,,0,0,10,0,0,0,0,0,0,0,0,0
patio decking near me,USD,0,0%,0%,Unknown,,,,,,,,,0,0,0,0,0,0,0,0,0,0,0,0
cost calculator for composite decking,USD,0,0%,0%,Unknown,,,,,,,,,0,0,0,0,0,0,0,0,0,0,0,0
virginia deck and patio,USD,10,0%,-67%,High,76,6.95,24.52,100%,,,,,30,20,20,20,10,20,10,10,10,10,10,10
virginia decking and remodeling,USD,10,0%,0%,High,100,,,,,,,,10,0,10,10,10,0,0,0,10,10,10,10
exterior deck construction,USD,10,0%,0%,Low,0,,,,,,,,10,10,10,0,10,10,10,10,0,10,0,10
build deck in backyard,USD,0,0%,0%,Unknown,,,,,,,,,0,0,0,0,0,0,0,0,0,0,0,0
pro decking,USD,10,0%,0%,Medium,45,5.61,20.02,,,,Y,,10,10,10,20,10,10,10,10,10,10,10,10
cost to build a back deck,USD,0,0%,0%,Unknown,,,,,,,,,0,0,0,0,0,0,0,0,0,0,0,0
front yard deck,USD,10,-100%,-100%,Unknown,,,,,,,,,0,0,0,10,10,10,10,10,0,10,10,0
build new deck cost,USD,10,?,?,High,86,,,10%,,,Y,,0,0,0,0,10,0,0,0,0,0,0,10
deck blueprint designer,USD,0,0%,0%,Unknown,,,,,,,,,0,0,0,0,0,0,0,0,0,0,0,0
average cost of composite deck installed,USD,10,0%,0%,Unknown,,,,,,,,,0,10,0,0,0,0,0,0,0,0,0,0
proper deck construction,USD,10,0%,-100%,Unknown,,,,,,,,,0,10,10,0,10,0,0,0,0,0,0,0
porches built near me,USD,, --, --,Unknown,,,,,,,,,,,,,,,,,,,,
wood deck cost estimator,USD,10,0%,-100%,Unknown,,,,,,,,,0,0,10,0,0,0,10,0,0,0,0,0
deck with roof design,USD,10,0%,-50%,Low,29,,,,,,,,20,10,10,10,10,10,10,10,10,10,10,10
outdoor additions,USD,10,0%,0%,Unknown,,,,,,,,,0,10,0,0,0,0,0,0,0,0,0,0
wood deck repair cost,USD,10,0%,0%,Unknown,,,,,,,,,0,10,0,0,10,0,0,0,0,0,0,0
deck how much does it cost,USD,10,0%,?,High,86,,,,,,Y,,0,10,0,10,0,10,0,0,0,10,0,10
luxury decks,USD,10,0%,0%,High,74,3.34,10.81,30%,,,,,10,10,10,10,10,10,10,0,0,10,10,10
average price for deck installation,USD,10,?,?,High,71,,,,,,,,10,10,0,10,0,0,0,0,0,0,0,10
decking decks,USD,10,?,0%,Medium,43,,,20%,,,Y,,10,10,0,0,10,10,10,10,10,0,10,10
deck framing cost,USD,10,0%,0%,Unknown,,,,,,,,,10,0,10,10,10,0,10,0,0,0,10,0
fence & deck company,USD,0,0%,0%,Unknown,,,,,,,Y,,0,0,0,0,0,0,0,0,0,0,0,0
timbertech decking dealers,USD,0,0%,-100%,Unknown,,,,,,,,,0,0,0,0,0,0,0,0,0,0,0,0
multi level deck plans,USD,10,?,?,High,71,,,,,,,,10,10,0,0,10,10,0,0,0,0,0,10
deck builder application,USD,10,0%,0%,Medium,61,0.85,3.65,,,,,,10,10,10,10,10,10,10,10,10,10,0,10
rooftop deck cost,USD,10,0%,0%,Unknown,,,,,,,,,0,0,0,0,10,10,0,0,0,0,0,0
back patio deck,USD,10,0%,0%,Unknown,,,,,,,,,0,0,0,10,0,0,0,0,0,0,0,0
back deck renovation,USD,10,-100%,0%,Unknown,,,,,,,,,0,10,0,0,0,0,0,0,0,10,0,0
all hands on deck construction,USD,, --, --,Unknown,,,,,,,,,,,,,,,,,,,,
need a deck,USD,0,0%,0%,Unknown,,,,,,,,,0,0,0,0,0,0,0,0,0,0,0,0
wood patio installation,USD,10,0%,0%,Unknown,,,,,,,,,10,0,0,0,0,0,0,0,0,0,0,0
building s deck,USD,0,0%,0%,Unknown,,,,,,,,,0,0,0,0,0,0,0,0,0,0,0,0
deck guide,USD,10,0%,?,Low,0,,,,,,,,10,10,0,10,0,10,0,10,0,10,0,10
deck builders virginia,USD,50,-59%,75%,Medium,56,9.56,40.1,20%,,,Y,,40,40,70,30,70,40,50,30,10,170,70,70
cost to build your own deck,USD,10,0%,0%,Unknown,,,,,,,Y,,0,0,0,0,0,0,0,10,10,0,0,0
everything decks,USD,10,0%,0%,Unknown,,,,,,,Y,,0,0,0,0,0,10,0,0,0,0,0,0
deck design material calculator,USD,0,0%,0%,Unknown,,,,,,,,,0,0,0,0,0,0,0,0,0,0,0,0
adding a deck,USD,10,0%,-100%,Unknown,,,,,,,Y,,10,0,0,0,10,10,10,10,10,0,0,0
building your own deck at home,USD,10,0%,0%,Unknown,,,,,,,,,0,0,0,10,0,0,0,0,0,0,0,0
deck structure plans,USD,10,-100%,0%,Unknown,,,,,,,,,0,10,10,10,10,10,10,0,0,10,0,0
plan my deck,USD,0,0%,0%,Unknown,,,,,,,,,0,0,0,0,0,0,0,0,0,0,0,0
screened in decks near me,USD,10,0%,?,Low,29,,,,,,,,0,10,0,0,0,10,10,0,0,10,10,10
labor price to build a deck,USD,10,0%,0%,Medium,50,,,,,,,,0,10,10,10,10,10,10,10,10,10,0,10
deck builder designer,USD,10,?,?,Low,29,,,,,,,,0,0,0,0,0,0,0,0,0,0,0,10
patio deck repair cost,USD,10,0%,0%,Unknown,,,,,,,,,10,0,0,0,0,0,0,0,0,0,0,0
decks made with trex,USD,10,0%,0%,Unknown,,,,,,,Y,,0,0,0,0,0,10,0,0,0,0,0,0
deck design and cost,USD,10,0%,0%,Unknown,,,,,,,,,0,10,0,0,0,10,0,0,0,0,0,0
residential deck design,USD,0,0%,0%,Unknown,,,,,,,,,0,0,0,0,0,0,0,0,0,0,0,0
cost of a backyard deck,USD,10,?,0%,High,100,,,,,,Y,,0,10,0,10,10,10,0,10,10,0,0,10
patio renovation companies,USD,10,0%,-100%,Unknown,,,,,,,,,0,0,10,0,0,0,0,0,0,0,0,0
wood deck repair contractors,USD,10,0%,0%,Unknown,,,,,,,,,0,0,10,10,0,0,0,0,0,0,0,0
deck visualizer free,USD,10,?,0%,Medium,50,,,,,,,,0,0,0,0,0,0,0,0,10,0,0,10
3d deck drawing,USD,0,0%,0%,Unknown,,,,,,,,,0,0,0,0,0,0,0,0,0,0,0,0
average cost of labor to build a deck,USD,10,0%,-100%,Unknown,,,,,,,Y,,0,10,10,0,0,0,0,0,0,0,0,0
backyard patio deck,USD,10,0%,0%,High,89,1.98,7.86,30%,,,,,10,10,10,10,10,0,10,0,0,10,0,10
deck building price per square foot,USD,10,0%,0%,High,78,2.04,9.8,,,,Y,,10,10,10,10,10,10,10,10,10,10,10,10
cost of replacing deck boards with composite,USD,10,0%,-100%,Unknown,,,,,,,,,10,0,0,0,0,10,0,0,0,0,0,0
deck building guidelines,USD,10,0%,0%,Low,0,,,,,,,,10,0,10,10,10,10,10,10,10,10,0,10
deck architects,USD,10,?,?,Low,0,,,,,,,,0,10,10,10,10,10,10,10,0,0,0,10
build a deck material estimator,USD,10,0%,0%,Unknown,,,,,,,,,0,0,10,0,0,0,0,0,0,0,0,0
backyard deck designs photos,USD,10,0%,0%,Unknown,,,,,,,,,0,0,0,0,10,0,0,0,0,0,0,0
deck flooring installation,USD,10,0%,-100%,Unknown,,,,,,,,,0,10,0,0,0,0,0,0,0,0,0,0
virginia deck repair,USD,10,?,0%,High,86,,,,,,,,10,10,10,0,0,10,10,0,0,0,0,10
composite deck labor cost,USD,0,0%,0%,Unknown,,,,,,,,,0,0,0,0,0,0,0,0,0,0,0,0
best backyard decks,USD,10,0%,-100%,Unknown,,,,,,,,,0,10,0,0,0,0,0,0,0,0,0,0
outdoor builder,USD,10,-100%,0%,Unknown,,,,,,,,,0,10,0,0,0,0,0,0,0,10,0,0
outdoor deck calculator,USD,0,0%,0%,Unknown,,,,,,,,,0,0,0,0,0,0,0,0,0,0,0,0
small deck price,USD,10,?,0%,High,93,,,,,,,,10,10,0,10,10,10,10,0,0,0,10,10
outdoor living decks,USD,10,0%,0%,Low,0,,,,,,Y,,0,10,0,10,0,10,0,0,10,10,10,10
10 by 10 deck,USD,0,0%,0%,Unknown,,,,,,,,,0,0,0,0,0,0,0,0,0,0,0,0
cost to do a deck,USD,10,0%,-100%,Unknown,,,,,,,Y,,0,0,0,10,10,0,0,0,0,0,0,0
outdoor deck design tool,USD,10,0%,0%,Unknown,,,,,,,,,0,0,10,0,0,0,0,10,0,0,0,0
free screened porch plans,USD,10,0%,-100%,Unknown,,,,,,,,,10,10,10,0,10,0,0,0,10,0,0,0
deck on sloped yard,USD,10,?,0%,Low,7,,,,,,,,10,10,10,10,10,10,0,10,0,0,0,10
deck designer website,USD,10,0%,0%,Unknown,,,,,,,,,0,0,0,0,0,0,10,0,0,0,0,0
replacing deck stairs with composite,USD,10,0%,0%,Unknown,,,,,,,Y,,0,0,0,0,0,10,0,0,0,0,0,0
deck construction materials,USD,10,?,0%,Low,7,,,,,,,,0,0,10,10,10,0,10,10,10,0,0,10
cheapest material to build a deck,USD,0,0%,0%,Unknown,,,,,,,,,0,0,0,0,0,0,0,0,0,0,0,0
cost to build a ground level deck,USD,10,0%,-100%,Unknown,,,,,,,,,10,0,0,0,10,0,0,10,0,0,0,0
composite deck experts,USD,0,0%,0%,Unknown,,,,,,,Y,,0,0,0,0,0,0,0,0,0,0,0,0
the deck experts,USD,10,0%,0%,Unknown,,,,,,,Y,,0,0,0,0,0,10,0,0,0,0,0,0
average cost of backyard deck,USD,10,0%,0%,Unknown,,,,,,,Y,,0,0,0,10,10,0,0,0,0,0,0,0
deck framing plans free,USD,10,?,?,Low,14,,,,,,,,0,0,10,0,0,0,0,0,0,0,0,10
going rate for deck building,USD,0,0%,0%,Unknown,,,,,,,Y,,0,0,0,0,0,0,0,0,0,0,0,0
deck blueprint builder,USD,0,0%,0%,Unknown,,,,,,,,,0,0,0,0,0,0,0,0,0,0,0,0
online deck building tool,USD,0,0%,0%,Unknown,,,,,,,,,0,0,0,0,0,0,0,0,0,0,0,0
deck and railing contractors,USD,0,0%,0%,Unknown,,,,,,,,,0,0,0,0,0,0,0,0,0,0,0,0
deck looks,USD,10,?,0%,High,100,,,,,,,,0,0,0,0,0,0,0,0,0,0,0,10
building porches and decks,USD,10,0%,0%,High,93,,,,,,,,0,0,10,0,0,10,0,0,0,10,0,10
building an outside deck,USD,10,?,?,High,71,,,,,,,,0,10,10,0,10,0,0,10,0,0,0,10
cost of making deck,USD,10,0%,0%,Unknown,,,,,,,,,0,10,0,0,0,10,0,0,0,0,0,0
cost of back deck,USD,10,0%,0%,Unknown,,,,,,,,,0,0,0,10,0,0,0,0,0,0,0,0
beautiful deck designs,USD,10,0%,0%,Low,0,,,,,,,,0,10,0,0,0,0,0,10,0,10,10,10
new deck building materials,USD,10,0%,0%,Medium,52,0.85,6.62,,,,,,10,10,10,10,10,0,10,10,10,10,10,10
custom decks reviews,USD,0,0%,0%,Unknown,,,,,,,Y,,0,0,0,0,0,0,0,0,0,0,0,0
3d deck designer free,USD,10,0%,0%,High,86,,,,,,,,0,10,0,0,10,10,0,10,0,10,10,10
average deck repair cost,USD,10,0%,-100%,Unknown,,,,,,,,,0,10,0,10,0,0,0,0,10,0,0,0
3d deck design tool,USD,10,0%,-100%,Unknown,,,,,,,,,10,10,10,10,10,10,10,0,0,0,10,0
my deck llc,USD,10,0%,?,Low,14,,,,,,,,0,0,0,0,0,0,0,0,0,10,0,10
sq ft cost to build a deck,USD,0,0%,0%,Unknown,,,,,,,Y,,0,0,0,0,0,0,0,0,0,0,0,0
deck on a budget,USD,10,0%,0%,Unknown,,,,,,,,,0,10,0,0,0,0,0,0,0,0,0,0
a deck company,USD,0,0%,0%,Unknown,,,,,,,Y,,0,0,0,0,0,0,0,0,0,0,0,0
building a deck off a house,USD,10,?,?,Low,29,,,,,,,,0,0,0,10,0,0,0,0,0,0,0,10
timbertech contractors near me,USD,10,0%,0%,Unknown,,,,,,,,,0,0,0,10,0,10,10,0,0,0,0,0
online porch design,USD,10,?,?,Medium,57,,,,,,,,0,0,0,10,0,0,0,0,0,0,0,10
custom deck contractor,USD,10,?,?,Low,0,,,,,,Y,,0,0,0,0,0,50,0,0,0,0,0,10
custom trex decks,USD,0,0%,0%,Unknown,,,,,,,,,0,0,0,0,0,0,0,0,0,0,0,0
deck cost estimator by square footage,USD,0,0%,0%,Unknown,,,,,,,,,0,0,0,0,0,0,0,0,0,0,0,0
best looking decks,USD,10,?,?,High,100,,,,,,,,0,10,10,0,0,0,0,0,0,0,0,10
amazing deck designs,USD,10,0%,0%,Unknown,,,,,,,,,0,10,0,0,0,10,0,0,0,0,0,0
deck material cost estimator,USD,10,?,?,Medium,57,,,,,,,,0,0,0,0,0,0,0,0,0,0,0,10
new patio deck,USD,10,?,?,High,100,,,,,,,,0,0,0,0,0,0,0,0,0,0,0,10
ground deck cost,USD,10,0%,-100%,Unknown,,,,,,,,,10,10,0,0,0,0,0,0,0,0,0,0
average cost of having a deck built,USD,10,0%,0%,Unknown,,,,,,,,,0,0,0,0,0,0,0,0,0,0,10,0
the deck & patio company,USD,0,0%,0%,Unknown,,,,,,,,,0,0,0,0,0,0,0,0,0,0,0,0
average cost of a small deck,USD,10,0%,0%,Unknown,,,,,,,,,0,10,10,0,0,0,0,0,0,0,0,0
custom deck installation,USD,10,0%,0%,Unknown,,,,,,,Y,,0,0,10,0,0,0,0,0,0,0,0,0
custom deck construction,USD,10,0%,-100%,Unknown,,,,,,,Y,,10,0,0,10,0,0,0,0,0,0,0,0
front deck plans,USD,10,?,?,Low,14,,,,,,,,0,0,0,0,0,0,0,0,0,0,0,10
cost of composite deck installed,USD,10,0%,0%,Low,5,,,,,,,,20,20,20,10,20,10,10,10,10,10,10,10
build deck backyard,USD,, --, --,Unknown,,,,,,,,,,,,,,,,,,,,
cost to build elevated deck,USD,10,0%,0%,Unknown,,,,,,,,,0,0,10,10,10,0,0,10,0,0,10,0
deck designer with roof,USD,0,0%,0%,Unknown,,,,,,,,,0,0,0,0,0,0,0,0,0,0,0,0
new deck builders,USD,10,0%,0%,High,100,,,,,,Y,,10,10,0,10,10,10,10,0,10,10,10,10
precision decks llc,USD,10,0%,0%,Unknown,,,,,,,,,0,10,0,0,10,0,10,0,0,0,0,0
2 level deck,USD,10,0%,0%,High,71,,,,,,,,20,20,20,10,10,10,10,10,10,10,10,10
fence and deck experts,USD,0,0%,0%,Unknown,,,,,,,,,0,0,0,0,0,0,0,0,0,0,0,0
prince william deck and patio,USD,10,0%,0%,High,71,,,,,,,,10,10,10,10,10,10,10,10,0,10,10,10
exterior deck design,USD,10,0%,0%,Unknown,,,,,,,,,0,10,0,10,0,0,0,0,0,0,0,0
cost for deck repair,USD,20,200%,50%,Low,14,2.2,5.3,3%,,,,,30,30,40,40,30,20,20,20,10,10,20,30
average price to have a deck built,USD,0,0%,0%,Unknown,,,,,,,,,0,0,0,0,0,0,0,0,0,0,0,0
decks services,USD,10,0%,0%,Medium,60,,,,,,Y,,10,10,10,10,10,30,30,10,0,10,10,10
cost to build a deck with composite,USD,0,0%,-100%,Unknown,,,,,,,,,0,0,0,0,0,0,0,0,0,0,0,0
amazing deck,USD,10,0%,0%,Unknown,,,,,,,,,0,0,0,0,10,10,0,0,0,0,0,0
free deck wood,USD,10,?,?,High,100,,,,,,,,0,0,0,0,0,10,10,0,0,0,10,10
deck wood cost calculator,USD,10,?,0%,Medium,50,,,,,,,,10,10,10,0,10,0,0,10,10,0,10,10
deck renovation contractors,USD,10,0%,?,Medium,46,,,10%,,,,,10,10,10,10,10,10,10,10,10,10,10,10
deck makeovers,USD,10,?,0%,Low,29,,,10%,,,,,10,10,10,10,0,0,10,10,0,0,10,10
new deck cost calculator,USD,10,0%,0%,Unknown,,,,,,,,,10,10,0,0,0,10,0,0,0,0,0,0
build own deck,USD,0,0%,-100%,Unknown,,,,,,,,,0,0,0,0,0,0,0,0,0,0,0,0
deck configurations,USD,10,-100%,-100%,Unknown,,,,,,,,,10,0,0,10,0,0,0,0,0,10,0,0
home deck plans,USD,10,?,?,High,100,,,,,,,,10,0,10,0,0,0,0,10,0,0,0,10
loudoun county deck,USD,10,0%,0%,Medium,57,,,,,,Y,,10,10,30,10,10,10,10,10,10,10,20,10
cost of building a backyard deck,USD,0,0%,-100%,Unknown,,,,,,,Y,,0,0,0,0,0,0,0,0,0,0,0,0
deck for life,USD,0,0%,0%,Unknown,,,,,,,Y,,0,0,0,0,0,0,0,0,0,0,0,0
outdoor living spaces contractors,USD,10,0%,0%,Unknown,,,,,,,,,0,10,0,10,0,0,0,0,0,0,0,0
make your own deck,USD,10,?,?,High,71,,,,,,,,0,0,0,0,0,10,0,0,0,0,0,10
latest deck designs,USD,10,-100%,0%,Unknown,,,,,,,,,10,0,0,0,0,0,0,0,0,10,0,0
backyard deck material,USD,10,0%,0%,Unknown,,,,,,,,,0,10,10,0,0,10,0,0,0,0,0,0
average cost to have deck built,USD,10,?,0%,High,86,,,20%,,,,,0,0,0,0,0,0,0,0,0,0,0,10
proper way to build a deck,USD,10,0%,-100%,Unknown,,,,,,,Y,,10,0,0,0,0,0,0,0,0,0,0,0
small wooden deck,USD,10,0%,0%,Unknown,,,,,,,,,10,10,10,0,0,10,0,0,0,0,0,0
trex deck building plans,USD,10,0%,0%,Unknown,,,,,,,,,0,0,10,0,10,10,10,0,0,0,0,0
local decking,USD,10,-100%,-100%,Unknown,,,,,,,,,0,10,0,0,0,0,0,0,0,10,0,0
pro deck and design,USD,, --, --,Unknown,,,,,,,,,,,,,,,,,,,,
deck material estimate,USD,10,0%,0%,Unknown,,,,,,,,,10,0,0,0,0,0,0,0,0,0,0,0
the fence and deck company,USD,10,0%,-100%,Unknown,,,,,,,Y,,10,0,0,10,10,0,10,10,0,0,0,0
going rate for building a deck,USD,10,?,?,High,86,,,,,,Y,,0,0,0,0,0,0,0,0,0,0,0,10
pro deck and patio,USD,0,0%,0%,Unknown,,,,,,,,,0,0,0,0,0,0,0,0,0,0,0,0
free deck design website,USD,0,0%,0%,Unknown,,,,,,,,,0,0,0,0,0,0,0,0,0,0,0,0
cost to build outdoor deck,USD,0,0%,0%,Unknown,,,,,,,,,0,0,0,0,0,0,0,0,0,0,0,0
replacing your deck,USD,0,0%,-100%,Unknown,,,,,,,,,0,0,0,0,0,0,0,0,0,0,0,0
timbertech platinum contractor,USD,10,0%,0%,Unknown,,,,,,,,,0,0,0,10,0,0,0,0,0,0,0,0
ground level deck framing plans,USD,10,0%,0%,High,100,,,,,,,,10,10,10,10,10,0,10,0,10,10,0,10
composite deck installation cost per square foot,USD,10,?,?,Low,0,,,,,,,,10,10,0,0,0,0,0,0,0,0,0,10
100 sq ft deck cost,USD,10,0%,0%,Unknown,,,,,,,,,10,10,0,0,0,0,0,0,0,0,0,0
outdoor patio construction companies,USD,10,0%,0%,Unknown,,,,,,,,,10,0,0,0,0,0,0,0,0,0,0,0
cost of deck repair and painting,USD,10,?,?,High,86,,,,,,,,0,0,0,0,10,0,0,0,0,0,0,10
custom deck cost,USD,0,0%,0%,Unknown,,,,,,,,,0,0,0,0,0,0,0,0,0,0,0,0
average cost to build a small deck,USD,0,0%,0%,Unknown,,,,,,,,,0,0,0,0,0,0,0,0,0,0,0,0
design outdoor deck,USD,0,0%,0%,Unknown,,,,,,,,,0,0,0,0,0,0,0,0,0,0,0,0
composite deck layouts,USD,10,0%,0%,Unknown,,,,,,,,,0,0,10,0,10,0,0,0,0,0,0,0
patio and deck construction,USD,10,0%,0%,Unknown,,,,,,,Y,,0,10,10,10,10,10,10,0,0,0,10,0
new backyard deck,USD,0,0%,0%,Unknown,,,,,,,,,0,0,0,0,0,0,0,0,0,0,0,0
deck & patio builder,USD,10,50%,200%,Medium,34,15.16,30.83,7%,,,,,10,20,10,10,10,10,20,10,10,20,10,30
deck patio contractors,USD,10,?,?,Low,0,,,,,,Y,,0,0,10,10,10,10,0,0,0,0,0,10
all we do is decks,USD,10,0%,0%,Unknown,,,,,,,Y,,0,0,0,10,0,0,0,0,0,0,0,0
build your own trex deck,USD,10,?,?,High,100,,,,,,,,0,0,0,0,0,0,0,0,0,0,0,10
cheapest way to make a deck,USD,10,0%,0%,Unknown,,,,,,,,,10,0,10,0,0,0,0,0,0,0,0,0
building permit for deck,USD,10,0%,0%,Low,0,,,,,,,,10,10,10,10,0,10,10,0,0,10,10,10
cost of adding deck to house,USD,10,0%,-100%,Unknown,,,,,,,Y,,0,10,0,0,0,10,10,0,0,0,0,0
fiberon deck builder,USD,10,0%,0%,Unknown,,,,,,,Y,,0,0,0,10,0,0,10,0,0,0,10,0
deck building checklist,USD,10,0%,0%,Unknown,,,,,,,,,0,0,0,0,0,10,10,0,0,0,0,0
new back deck,USD,0,0%,0%,Unknown,,,,,,,,,0,0,0,0,0,0,0,0,0,0,0,0
wood deck estimate cost,USD,10,0%,-100%,Unknown,,,,,,,,,0,0,10,0,0,0,10,0,0,0,0,0
deck layout designer,USD,10,0%,0%,Unknown,,,,,,,,,0,0,0,0,10,0,0,0,0,0,0,0
patio and deck installation,USD,0,0%,0%,Unknown,,,,,,,,,0,0,0,0,0,0,0,0,0,0,0,0
unique deck designs,USD,10,?,?,High,100,,,,,,,,10,0,0,0,0,10,0,0,0,0,0,10
labor for deck building,USD,0,0%,0%,Unknown,,,,,,,Y,,0,0,0,0,0,0,0,0,0,0,0,0
redwood deck contractors,USD,10,0%,0%,Unknown,,,,,,,Y,,0,0,0,0,0,0,10,0,0,0,0,0
cost to tear down and rebuild deck,USD,10,0%,0%,Unknown,,,,,,,,,10,0,0,0,0,0,0,0,0,0,0,0
porch deck designs,USD,10,0%,0%,Low,7,,,,,,,,10,10,10,0,0,0,0,0,0,10,10,10
decks and fencing,USD,10,0%,0%,High,71,,,20%,,,,,10,0,10,10,10,0,10,0,0,10,10,10
price per sq ft deck,USD,10,0%,-100%,Unknown,,,,,,,,,0,0,10,0,10,0,10,0,0,0,0,0
deck repair average cost,USD,10,0%,0%,Unknown,,,,,,,,,0,0,0,0,0,0,10,0,0,0,0,0
porch building materials,USD,10,?,0%,High,100,,,,,,,,10,10,0,20,10,0,10,10,0,0,0,10
average cost for backyard deck,USD,10,?,?,High,86,,,10%,,,Y,,0,0,0,0,0,0,0,0,0,0,0,10
repair a deck cost,USD,0,0%,0%,Unknown,,,,,,,,,0,0,0,0,0,0,0,0,0,0,0,0
custom deck designers,USD,10,?,?,Low,0,,,,,,Y,,10,10,0,0,0,0,0,10,0,0,10,10
don's decks,USD,10,?,?,Low,0,,,,,,,,0,0,0,0,0,0,0,0,0,0,0,10
basic deck framing,USD,10,?,?,Low,0,,,,,,,,10,10,0,10,0,0,0,0,10,0,0,10
free covered porch plans,USD,0,0%,-100%,Unknown,,,,,,,,,0,0,0,0,0,0,0,0,0,0,0,0
be decking and construction,USD,10,0%,0%,Unknown,,,,,,,,,0,0,0,0,0,0,0,0,0,0,10,0
deck and fence llc,USD,10,?,?,High,100,,,,,,,,0,10,0,0,0,10,0,0,0,0,0,10
2 level deck designs,USD,10,0%,0%,Medium,37,,,,,,,,10,10,10,10,10,10,10,0,0,10,10,10
average cost of a deck build,USD,10,0%,0%,Unknown,,,,,,,Y,,0,0,0,0,0,0,10,0,0,0,10,0
online deck creator,USD,10,0%,0%,Medium,43,,,,,,,,10,10,10,10,10,10,10,0,10,10,10,10
porch professionals,USD,10,?,0%,Medium,50,,,,,,,,10,10,10,10,10,10,10,10,10,0,10,10
outdoor deck patio,USD,10,0%,0%,High,78,,,20%,,,Y,,10,10,10,10,10,10,0,10,0,10,10,10
deck structures,USD,10,0%,0%,Medium,40,,,,,,,,10,10,10,10,10,10,10,10,10,10,0,10
cost to make deck,USD,0,0%,0%,Unknown,,,,,,,Y,,0,0,0,0,0,0,0,0,0,0,0,0
two level deck,USD,10,0%,0%,High,71,,,,,,,,20,20,20,10,10,10,10,10,10,10,10,10
custom deck and pergola,USD,10,0%,0%,Unknown,,,,,,,,,10,0,0,0,0,0,0,0,0,0,0,0
house deck construction,USD,10,0%,0%,Unknown,,,,,,,,,0,0,0,0,0,0,10,10,0,0,0,0
wood deck building plans,USD,10,0%,0%,High,75,,,,,,,,10,10,10,10,0,10,0,0,10,10,0,10
wood patio plans,USD,10,0%,0%,Unknown,,,,,,,,,0,0,0,0,0,10,0,0,0,0,0,0
cost of a back deck,USD,0,0%,0%,Unknown,,,,,,,,,0,0,0,0,0,0,0,0,0,0,0,0
deck llc,USD,10,0%,-100%,Unknown,,,,,,,,,10,10,10,10,10,10,10,0,10,0,0,0
deck and fence company llc,USD,0,0%,0%,Unknown,,,,,,,,,0,0,0,0,0,0,0,0,0,0,0,0
new trex deck cost,USD,10,0%,0%,Unknown,,,,,,,,,0,10,0,0,0,0,0,0,0,0,0,0
five star deck and patio,USD,0,0%,0%,Unknown,,,,,,,,,0,0,0,0,0,0,0,0,0,0,0,0
platinum decking reviews,USD,, --, --,Unknown,,,,,,,Y,,,,,,,,,,,,,
creating a deck,USD,10,?,0%,High,86,,,,,,,,0,10,0,0,10,10,10,10,10,0,0,10
ground level deck designs,USD,10,100%,-33%,High,79,,,10%,,,,,30,30,20,10,20,10,10,10,10,10,10,20
cost to get deck built,USD,10,0%,0%,Unknown,,,,,,,Y,,0,0,0,0,0,0,10,0,0,0,0,0
best materials to build a deck,USD,10,0%,-100%,Unknown,,,,,,,,,10,0,10,0,10,10,0,10,0,0,0,0
house backyard deck,USD,10,-100%,0%,Unknown,,,,,,,,,0,0,0,0,0,0,0,0,10,10,10,0
cost to build 100 sq ft deck,USD,0,0%,0%,Unknown,,,,,,,,,0,0,0,0,0,0,0,0,0,0,0,0
average cost to build composite deck,USD,0,0%,0%,Unknown,,,,,,,,,0,0,0,0,0,0,0,0,0,0,0,0
go on deck,USD,10,0%,0%,Unknown,,,,,,,Y,,0,0,0,0,0,10,0,0,0,0,0,0
two level deck designs,USD,10,0%,0%,Medium,37,,,,,,,,10,10,10,10,10,10,10,0,0,10,10,10
prince william deck,USD,10,0%,0%,Medium,64,11.18,44.91,10%,,,Y,,10,20,10,10,10,10,10,10,10,10,10,10
best time to build a deck,USD,10,-100%,0%,Unknown,,,,,,,,,0,0,0,10,0,10,10,0,0,10,0,0
average price for a new deck,USD,10,0%,0%,Unknown,,,,,,,,,0,10,0,0,0,0,0,0,0,0,0,0
deck building requirements,USD,10,0%,-100%,Unknown,,,,,,,,,10,10,10,0,10,0,10,10,0,0,10,0
design composite deck,USD,10,0%,0%,Unknown,,,,,,,,,10,0,0,0,0,0,0,0,0,0,0,0
building a back deck cost,USD,10,0%,0%,Unknown,,,,,,,,,0,0,0,0,0,0,0,0,10,0,0,0
porch and deck designs,USD,10,0%,0%,Low,7,,,,,,,,10,10,10,0,0,0,0,0,0,10,10,10
best deck plans,USD,0,0%,0%,Unknown,,,,,,,,,0,0,0,0,0,0,0,0,0,0,0,0
detailed deck plans,USD,0,0%,0%,Unknown,,,,,,,,,0,0,0,0,0,0,0,0,0,0,0,0
unique deck,USD,10,?,?,Medium,43,,,,,,,,10,0,10,0,10,0,0,10,0,0,10,10
trex platinum pro,USD,10,0%,-100%,Unknown,,,,,,,Y,,0,0,0,0,0,10,0,0,0,0,0,0
cost of replacing wood deck with composite,USD,10,0%,0%,Unknown,,,,,,,,,0,10,0,0,0,10,0,10,10,0,0,0
patio deck options,USD,10,0%,0%,Unknown,,,,,,,,,0,0,10,0,0,0,0,0,0,0,0,0
cost for small deck,USD,10,?,0%,High,93,,,,,,,,10,10,0,10,10,10,10,0,0,0,10,10
amish built porches,USD,10,0%,0%,Unknown,,,,,,,,,0,0,0,0,10,0,0,0,0,0,0,0
deck patio construction,USD,10,0%,0%,Unknown,,,,,,,,,0,10,10,10,10,10,10,0,0,0,10,0
design deck with roof,USD,0,0%,0%,Unknown,,,,,,,,,0,0,0,0,0,0,0,0,0,0,0,0
best deck design tool,USD,10,?,0%,Medium,50,,,,,,,,10,10,10,10,10,10,10,0,10,0,10,10
building a trex deck on the ground,USD,10,0%,0%,Unknown,,,,,,,Y,,10,10,0,0,10,0,0,0,0,0,0,0
average price to rebuild a deck,USD,10,0%,0%,Unknown,,,,,,,,,0,10,0,0,0,0,0,0,0,0,0,0
get on my deck,USD,0,0%,0%,Unknown,,,,,,,Y,,0,0,0,0,0,0,0,0,0,0,0,0
backyard deck cost calculator,USD,10,0%,-100%,Unknown,,,,,,,,,0,0,10,0,0,0,0,0,0,0,0,0
house of decks,USD,0,0%,-100%,Unknown,,,,,,,Y,,0,0,0,0,0,0,0,0,0,0,0,0
free wood deck plans,USD,0,0%,-100%,Unknown,,,,,,,,,0,0,0,0,0,0,0,0,0,0,0,0
deck & patio,USD,90,120%,-48%,High,90,3.49,16.74,13%,,,Y,,140,140,110,110,140,70,70,50,40,50,70,110
small deck plans free,USD,10,0%,0%,Unknown,,,,,,,,,10,0,0,0,0,0,10,0,0,0,0,0
cost to build backyard deck,USD,0,0%,0%,Unknown,,,,,,,Y,,0,0,0,0,0,0,0,0,0,0,0,0
custom built fence and deck,USD,0,0%,0%,Unknown,,,,,,,,,0,0,0,0,0,0,0,0,0,0,0,0
timbertech deck contractors,USD,10,0%,0%,Unknown,,,,,,,Y,,0,10,0,0,10,10,0,0,0,0,0,0
your deck,USD,10,0%,-100%,Unknown,,,,,,,Y,,10,10,0,10,0,10,0,0,0,0,0,0
custom outdoor spaces,USD,10,-100%,0%,Unknown,,,,,,,,,0,0,0,0,0,10,10,0,0,40,10,0
cost to have a deck installed,USD,10,0%,0%,Unknown,,,,,,,,,0,0,0,0,0,0,10,0,0,0,0,0
free porch design,USD,10,0%,-100%,Unknown,,,,,,,,,10,0,0,0,10,10,0,10,0,0,10,0
the deck & fence company llc,USD,10,0%,-100%,Unknown,,,,,,,,,0,10,10,10,0,10,0,10,0,0,10,0
max deck,USD,10,0%,0%,Unknown,,,,,,,,,0,10,10,0,0,0,0,10,0,0,10,0
the deck specialist,USD,10,0%,?,Low,0,,,,,,,,0,0,0,10,0,0,0,10,0,10,10,10
precision decks & remodeling,USD,10,-100%,-100%,Unknown,,,,,,,,,0,0,10,0,0,0,10,0,0,10,0,0
lifestyles deck and fence,USD,0,0%,0%,Unknown,,,,,,,,,0,0,0,0,0,0,0,0,0,0,0,0
deck labor cost calculator,USD,10,0%,0%,Unknown,,,,,,,,,10,0,0,0,10,10,0,10,0,0,0,0
professional deck,USD,10,0%,0%,Medium,45,5.61,20.02,,,,Y,,10,10,10,20,10,10,10,10,10,10,10,10
trex platinum,USD,10,0%,-100%,Unknown,,,,,,,Y,,0,0,10,0,10,0,0,0,0,0,0,0
northern virginia deck & fence,USD,30,100%,0%,Low,14,8.48,23.06,8%,,,Y,,30,50,40,30,40,30,30,20,10,20,20,40
a new deck,USD,0,0%,0%,Unknown,,,,,,,,,0,0,0,0,0,0,0,0,0,0,0,0
prince william construction,USD,10,0%,0%,Medium,48,,,,,,,,10,10,10,10,20,10,10,10,10,10,10,10
beautiful deck,USD,10,0%,0%,High,100,,,,,,,,10,10,10,10,10,10,0,10,0,10,10,10
best time to buy decking material,USD,10,-100%,0%,Unknown,,,,,,,,,0,0,0,0,0,0,0,0,0,10,0,0
plans for deck with roof,USD,10,0%,0%,Unknown,,,,,,,,,0,10,0,0,0,0,0,0,0,0,0,0
average cost to add a deck,USD,10,0%,0%,Unknown,,,,,,,Y,,0,0,0,0,0,10,0,0,0,0,0,0
small deck installation,USD,0,0%,0%,Unknown,,,,,,,,,0,0,0,0,0,0,0,0,0,0,0,0
deck website,USD,10,0%,?,Low,0,,,,,,,,0,10,10,0,10,10,0,0,0,10,0,10
cost to fix deck,USD,20,200%,50%,Low,14,2.2,5.3,3%,,,,,30,30,40,40,30,20,20,20,10,10,20,30
building a deck material calculator,USD,10,?,?,High,86,,,,,,,,0,0,10,10,0,0,0,0,0,0,0,10
deck 3d,USD,10,?,?,High,86,,,,,,Y,,0,0,0,0,0,0,10,0,0,0,0,10
professional deck design,USD,10,0%,0%,Unknown,,,,,,,,,0,0,10,0,0,0,0,0,0,0,0,0
composite deck plans free,USD,0,0%,0%,Unknown,,,,,,,,,0,0,0,0,0,0,0,0,0,0,0,0
porch deck cost,USD,0,0%,0%,Unknown,,,,,,,Y,,0,0,0,0,0,0,0,0,0,0,0,0
average cost of a backyard deck,USD,10,0%,0%,Unknown,,,,,,,Y,,0,0,0,10,10,0,0,0,0,0,0,0
labor rate for deck building,USD,0,0%,0%,Unknown,,,,,,,,,0,0,0,0,0,0,0,0,0,0,0,0
deck elevated,USD,10,0%,0%,Medium,34,,,,,,,,10,20,10,10,10,10,10,10,10,10,10,10
average labor cost for a deck,USD,0,0%,-100%,Unknown,,,,,,,,,0,0,0,0,0,0,0,0,0,0,0,0
least expensive way to build a deck,USD,0,0%,-100%,Unknown,,,,,,,,,0,0,0,0,0,0,0,0,0,0,0,0
deck railing builder,USD,10,0%,0%,Unknown,,,,,,,,,10,0,0,0,0,0,0,0,0,0,0,0
cost to build a front deck,USD,0,0%,0%,Unknown,,,,,,,,,0,0,0,0,0,0,0,0,0,0,0,0
deck building process,USD,10,-100%,0%,Unknown,,,,,,,,,0,10,0,0,0,0,0,10,0,10,0,0
deck blog,USD,10,0%,0%,Unknown,,,,,,,,,0,0,0,10,0,0,0,0,0,0,10,0
d decking,USD,10,-100%,-100%,Unknown,,,,,,,,,0,10,0,10,10,10,10,0,10,10,10,0
building a deck in winter,USD,0,0%,0%,Unknown,,,,,,,,,0,0,0,0,0,0,0,0,0,0,0,0
new wood deck cost,USD,0,0%,-100%,Unknown,,,,,,,,,0,0,0,0,0,0,0,0,0,0,0,0
labor and material cost to build a deck,USD,0,0%,0%,Unknown,,,,,,,Y,,0,0,0,0,0,0,0,0,0,0,0,0
porch deck construction,USD,10,0%,0%,Unknown,,,,,,,,,10,0,10,10,10,0,10,0,10,0,0,0
cost for deck materials,USD,10,0%,0%,High,100,,,,,,,,10,10,0,10,10,10,10,10,10,10,0,10
price to build a small deck,USD,10,-100%,0%,Unknown,,,,,,,,,10,0,0,0,0,0,0,0,0,10,0,0
average price for deck building,USD,0,0%,0%,Unknown,,,,,,,Y,,0,0,0,0,0,0,0,0,0,0,0,0
multi level deck cost,USD,0,0%,0%,Unknown,,,,,,,,,0,0,0,0,0,0,0,0,0,0,0,0
deck in building,USD,10,0%,0%,Unknown,,,,,,,Y,,0,0,0,0,0,10,0,0,0,0,0,0
cost for a small deck,USD,10,0%,0%,Unknown,,,,,,,,,0,0,0,0,0,0,0,0,0,0,10,0
average cost for labor to build a deck,USD,, --, --,Unknown,,,,,,,,,,,,,,,,,,,,
average cost to build a wood deck,USD,0,0%,0%,Unknown,,,,,,,,,0,0,0,0,0,0,0,0,0,0,0,0
decks home,USD,10,-100%,-100%,Unknown,,,,,,,,,10,10,10,10,10,10,10,0,10,10,0,0
decking material prices,USD,10,0%,0%,High,100,,,,,,,,10,10,0,10,10,10,10,10,10,10,0,10
house deck prices,USD,10,-100%,-100%,Unknown,,,,,,,Y,,0,10,10,0,0,10,10,0,10,10,10,0
cost for labor to build a deck,USD,10,0%,0%,Unknown,,,,,,,,,10,0,0,0,0,0,0,0,0,0,0,0
decks exterior,USD,10,?,0%,High,100,,,,,,,,10,10,10,0,0,10,10,10,0,0,10,10
about how much does it cost to build a deck,USD,, --, --,Unknown,,,,,,,Y,,,,,,,,,,,,,
front deck cost,USD,0,0%,0%,Unknown,,,,,,,,,0,0,0,0,0,0,0,0,0,0,0,0
elevated deck construction,USD,10,-100%,0%,Unknown,,,,,,,,,0,0,0,0,10,0,10,10,0,10,0,0
average cost per sq foot to build a deck,USD,10,0%,-100%,Unknown,,,,,,,Y,,0,10,0,0,0,10,0,10,0,0,0,0
cost of labor for building a deck,USD,0,0%,0%,Unknown,,,,,,,,,0,0,0,0,0,0,0,0,0,0,0,0
cost to build a low deck,USD,10,-100%,0%,Unknown,,,,,,,,,10,0,0,10,0,0,0,0,0,10,0,0
plan your deck,USD,0,0%,0%,Unknown,,,,,,,,,0,0,0,0,0,0,0,0,0,0,0,0
adding a deck to back of house,USD,10,0%,0%,Unknown,,,,,,,,,0,0,0,0,0,10,0,10,0,0,0,0
backyard deck and patio designs,USD,10,0%,-50%,High,100,1.73,3.78,20%,,,,,20,20,40,30,20,10,10,10,10,10,10,10
average cost to build your own deck,USD,10,0%,0%,Unknown,,,,,,,Y,,0,10,0,0,0,0,0,0,0,0,0,0
deck and patio cost,USD,10,?,0%,Medium,43,,,,,,,,10,10,10,0,10,0,10,10,0,0,10,10
cost of average deck,USD,10,0%,-67%,Medium,63,2.3,12.3,10%,,,Y,,20,20,10,10,10,20,10,10,10,10,10,10
on average how much does a deck cost,USD,10,0%,-100%,Unknown,,,,,,,,,0,0,0,10,0,0,0,0,0,0,0,0
cost for materials to build a deck,USD,, --, --,Unknown,,,,,,,,,,,,,,,,,,,,
2 tiered deck designs,USD,10,?,0%,Medium,43,,,,,,,,10,0,0,0,10,0,0,0,0,0,0,10
cost to build back deck,USD,10,0%,0%,Unknown,,,,,,,,,10,10,0,0,0,0,0,10,0,0,0,0
deck how much,USD,10,0%,0%,Medium,65,2.03,6.29,10%,,,,,20,20,20,10,10,10,10,10,10,10,10,10
outdoor deck layout,USD,10,0%,-100%,Unknown,,,,,,,,,10,0,10,0,10,0,10,0,0,0,0,0
average cost to build wood deck,USD,0,0%,0%,Unknown,,,,,,,,,0,0,0,0,0,0,0,0,0,0,0,0
learn to build decks,USD,10,0%,0%,Unknown,,,,,,,,,0,0,0,10,0,0,0,0,0,0,0,0
new back deck cost,USD,10,0%,0%,Unknown,,,,,,,,,0,0,0,0,10,0,0,0,0,0,0,0
standard deck size,USD,10,0%,0%,Low,26,,,,,,,,10,10,10,10,10,10,10,10,10,10,10,10
building deck in winter,USD,10,0%,0%,Unknown,,,,,,,,,0,0,0,0,0,0,0,10,0,0,0,0
labor for deck installation,USD,10,0%,-100%,Unknown,,,,,,,,,10,0,0,0,0,0,0,0,0,0,0,0
average cost to build small deck,USD,, --, --,Unknown,,,,,,,,,,,,,,,,,,,,
patio deck structure,USD,0,0%,0%,Unknown,,,,,,,,,0,0,0,0,0,0,0,0,0,0,0,0
deck drafting,USD,0,0%,0%,Unknown,,,,,,,,,0,0,0,0,0,0,0,0,0,0,0,0
decks unique reviews,USD,, --, --,Unknown,,,,,,,,,,,,,,,,,,,,
wood deck drawing,USD,10,-100%,0%,Unknown,,,,,,,,,10,0,0,0,0,10,10,0,10,10,10,0
porch building calculator,USD,0,0%,0%,Unknown,,,,,,,,,0,0,0,0,0,0,0,0,0,0,0,0
average cost of a deck rebuild,USD,10,0%,0%,Unknown,,,,,,,,,0,0,10,0,0,0,0,0,0,0,0,0
lifestyle decks,USD,0,0%,-100%,Unknown,,,,,,,,,0,0,0,0,0,0,0,0,0,0,0,0
deck construction design,USD,10,0%,0%,Unknown,,,,,,,,,0,0,0,0,10,0,0,10,0,0,10,0
cost of a new wood deck,USD,0,0%,0%,Unknown,,,,,,,,,0,0,0,0,0,0,0,0,0,0,0,0
learn how to build decks,USD,10,0%,0%,Unknown,,,,,,,,,0,0,0,10,0,0,0,0,0,0,0,0
patio deck blueprints,USD,10,0%,0%,Unknown,,,,,,,,,0,10,10,10,0,0,10,0,0,0,0,0
cost per square foot decks installed,USD,0,0%,0%,Unknown,,,,,,,Y,,0,0,0,0,0,0,0,0,0,0,0,0
deck stars,USD,20,100%,0%,Low,23,5.71,21.1,15%,,,,,20,30,30,30,20,20,10,10,10,10,10,20
average material cost to build a deck,USD,10,0%,0%,Unknown,,,,,,,Y,,0,0,0,0,0,10,0,0,0,0,0,0
deck layout designs,USD,50,67%,-29%,High,80,1.1,3.79,4%,,,,,70,110,90,50,30,30,40,20,10,30,20,50
decking house,USD,40,0%,0%,Low,11,0.29,4.35,,,,,,40,70,40,50,50,40,40,30,40,40,50,40
a house deck,USD,10,0%,0%,Unknown,,,,,,,,,10,0,0,0,0,0,0,0,0,0,0,0
wood porch calculator,USD,, --, --,Unknown,,,,,,,,,,,,,,,,,,,,
everything you need to build a deck,USD,0,0%,0%,Unknown,,,,,,,,,0,0,0,0,0,0,0,0,0,0,0,0
different ways to build a deck,USD,0,0%,0%,Unknown,,,,,,,,,0,0,0,0,0,0,0,0,0,0,0,0
price to build composite deck,USD,0,0%,0%,Unknown,,,,,,,,,0,0,0,0,0,0,0,0,0,0,0,0
deck designs and plans,USD,10,100%,100%,High,67,3.05,8.75,,,,,,10,10,20,10,10,10,10,10,10,10,10,20
building a front deck,USD,10,?,?,Low,21,,,,,,,,10,0,0,0,0,0,0,0,0,0,0,10
proper deck building,USD,10,0%,-100%,Unknown,,,,,,,,,0,10,10,0,10,0,0,0,0,0,0,0
average cost for a deck installed,USD,10,0%,0%,Medium,61,2.59,5.65,,,,,,10,10,10,10,0,10,10,0,0,10,0,10
learn to build a deck,USD,10,0%,0%,Unknown,,,,,,,,,0,0,0,0,0,0,0,0,10,0,0,0
quotes for deck building,USD,0,0%,0%,Unknown,,,,,,,,,0,0,0,0,0,0,0,0,0,0,0,0
average cost of back deck,USD,0,0%,0%,Unknown,,,,,,,,,0,0,0,0,0,0,0,0,0,0,0,0
labor for deck,USD,0,0%,0%,Unknown,,,,,,,Y,,0,0,0,0,0,0,0,0,0,0,0,0
custom deck design tool,USD,0,0%,0%,Unknown,,,,,,,,,0,0,0,0,0,0,0,0,0,0,0,0
cost to fix a deck,USD,10,0%,0%,Unknown,,,,,,,,,10,0,0,0,0,0,10,0,0,0,0,0
average cost of materials to build a deck,USD,10,0%,0%,Unknown,,,,,,,,,0,0,0,0,0,10,0,0,0,0,0,0
deck at backyard,USD,10,0%,0%,Unknown,,,,,,,,,0,0,0,0,0,0,0,0,10,0,0,0
wood deck design tool,USD,10,0%,0%,Unknown,,,,,,,,,0,10,10,0,0,0,10,0,0,0,0,0
deck building drawings,USD,0,0%,0%,Unknown,,,,,,,,,0,0,0,0,0,0,0,0,0,0,0,0
deck renovation before and after,USD,10,?,?,Low,0,,,,,,,,10,10,10,10,10,0,0,0,10,0,10,10
deck pro llc,USD,10,0%,0%,Unknown,,,,,,,,,0,0,10,0,0,0,0,0,0,0,10,0
deck design tips,USD,10,0%,0%,Unknown,,,,,,,,,0,0,0,0,0,0,10,0,10,0,0,0
deck your house,USD,, --, --,Unknown,,,,,,,,,,,,,,,,,,,,
cost to build a wood deck per sq ft,USD,0,0%,0%,Unknown,,,,,,,,,0,0,0,0,0,0,0,0,0,0,0,0
deck restoration contractors,USD,10,?,0%,Low,11,,,,,,,,10,10,10,10,0,10,10,0,0,0,0,10
average price per sqft for deck,USD,0,0%,0%,Unknown,,,,,,,,,0,0,0,0,0,0,0,0,0,0,0,0
make my deck,USD,0,0%,0%,Unknown,,,,,,,,,0,0,0,0,0,0,0,0,0,0,0,0
3d decking,USD,10,?,0%,Medium,57,,,,,,,,0,0,10,10,0,10,0,10,0,0,0,10
average cost for small deck,USD,0,0%,-100%,Unknown,,,,,,,,,0,0,0,0,0,0,0,0,0,0,0,0
make deck plans,USD,10,100%,0%,Medium,51,1.33,5.34,5%,,,,,20,20,20,10,10,10,20,10,10,10,10,20
exterior deck plans,USD,10,0%,-100%,Unknown,,,,,,,,,10,0,10,0,10,0,10,0,0,0,0,0
building a backyard deck plans,USD,, --, --,Unknown,,,,,,,,,,,,,,,,,,,,
northern decks,USD,10,0%,0%,Medium,43,,,30%,,,,,10,10,10,10,0,10,10,10,0,10,0,10
build s deck,USD,10,0%,0%,Unknown,,,,,,,,,0,0,0,0,0,0,0,10,0,0,0,0
average cost per sq ft to build a deck,USD,10,0%,-100%,Unknown,,,,,,,,,0,10,0,0,0,10,0,10,0,0,0,0
guide to deck building,USD,10,0%,0%,Unknown,,,,,,,Y,,0,0,0,0,0,0,10,0,0,0,0,0
deck pro reviews,USD,0,0%,0%,Unknown,,,,,,,,,0,0,0,0,0,0,0,0,0,0,0,0
deck setups,USD,0,0%,-100%,Unknown,,,,,,,,,0,0,0,0,0,0,0,0,0,0,0,0
wood porch plans,USD,0,0%,0%,Unknown,,,,,,,,,0,0,0,0,0,0,0,0,0,0,0,0
average cost for a small deck,USD,10,0%,0%,Unknown,,,,,,,,,0,0,0,0,0,0,10,0,0,0,0,0
price of small deck,USD,0,0%,0%,Unknown,,,,,,,,,0,0,0,0,0,0,0,0,0,0,0,0
deck for yard,USD,10,?,?,Medium,38,,,,,,,,10,10,10,0,0,0,10,0,0,0,10,10
average cost of a back deck,USD,10,0%,0%,Unknown,,,,,,,,,0,0,0,10,0,0,0,0,0,0,0,0
outdoor deck blueprints,USD,10,0%,-100%,Unknown,,,,,,,,,10,0,10,0,10,0,10,0,0,0,0,0
outdoor deck framing plans,USD,0,0%,0%,Unknown,,,,,,,,,0,0,0,0,0,0,0,0,0,0,0,0
a deck in the backyard,USD,0,0%,0%,Unknown,,,,,,,,,0,0,0,0,0,0,0,0,0,0,0,0
deck at home,USD,10,-100%,-100%,Unknown,,,,,,,,,10,10,10,10,10,10,10,0,10,10,0,0
deck planning tool free,USD,10,0%,0%,Unknown,,,,,,,,,0,0,0,0,0,0,0,10,0,0,0,0
new deck price per square foot,USD,, --, --,Unknown,,,,,,,,,,,,,,,,,,,,
average cost of elevated deck,USD,0,0%,0%,Unknown,,,,,,,,,0,0,0,0,0,0,0,0,0,0,0,0
wood cost for deck,USD,10,0%,0%,Unknown,,,,,,,,,0,0,0,10,0,0,0,0,0,0,0,0
building a deck on a house,USD,0,0%,0%,Unknown,,,,,,,,,0,0,0,0,0,0,0,0,0,0,0,0
learn how to build a deck,USD,10,0%,0%,Unknown,,,,,,,,,0,0,0,0,0,0,0,10,0,0,0,0
ground level deck price,USD,10,?,?,Medium,57,,,,,,,,10,0,0,0,0,0,0,0,0,0,0,10
deck sq ft price,USD,10,0%,0%,Unknown,,,,,,,,,0,10,0,0,0,0,0,0,10,0,0,0
dream decks reviews,USD,10,0%,0%,Unknown,,,,,,,,,10,0,0,0,0,0,10,0,0,0,0,0
price of a small deck,USD,10,0%,0%,Unknown,,,,,,,,,0,0,10,0,0,0,0,0,0,0,0,0
deck off house,USD,0,0%,0%,Unknown,,,,,,,,,0,0,0,0,0,0,0,0,0,0,0,0
wood deck layout,USD,10,0%,0%,High,75,,,,,,,,10,10,10,10,0,10,0,0,10,10,0,10
free deck drawings,USD,10,0%,-100%,Unknown,,,,,,,,,0,0,0,0,10,0,0,0,0,0,0,0
cost of small deck with stairs,USD,0,0%,-100%,Unknown,,,,,,,,,0,0,0,0,0,0,0,0,0,0,0,0
average cost of 500 sq ft deck,USD,10,0%,0%,Unknown,,,,,,,,,10,0,0,0,0,0,0,0,0,0,0,0
small wood deck cost,USD,0,0%,0%,Unknown,,,,,,,,,0,0,0,0,0,0,0,0,0,0,0,0
backyard deck blueprints,USD,0,0%,0%,Unknown,,,,,,,,,0,0,0,0,0,0,0,0,0,0,0,0
deck building tips and tricks,USD,0,0%,0%,Unknown,,,,,,,,,0,0,0,0,0,0,0,0,0,0,0,0
deck framing planner,USD,10,0%,0%,Low,27,,,,,,,,10,10,10,10,10,10,10,10,0,10,10,10
decks on a house,USD,10,0%,?,High,100,,,,,,,,10,10,10,0,10,10,10,10,0,10,0,10
standard deck design,USD,10,0%,0%,Unknown,,,,,,,,,0,0,0,10,10,0,0,0,0,0,0,0
free online deck planner,USD,10,0%,0%,Unknown,,,,,,,,,10,0,0,0,10,10,0,0,0,0,0,0
cost to build deck with stairs,USD,10,?,0%,Medium,50,,,,,,,,10,10,10,10,10,0,0,0,10,0,0,10
a backyard deck,USD,10,0%,-100%,Unknown,,,,,,,,,0,0,0,0,0,10,0,0,0,0,0,0
add a deck to my house,USD,, --, --,Unknown,,,,,,,,,,,,,,,,,,,,
basic deck building plans,USD,10,?,0%,Low,7,,,,,,,,10,10,0,0,0,0,0,0,0,0,10,10
deck in home,USD,10,?,0%,High,68,,,,,,,,0,0,0,10,10,0,0,0,0,0,0,10
patio deck framing plans,USD,10,0%,0%,Unknown,,,,,,,,,10,0,0,0,0,0,0,0,0,0,0,0
decks decks decks reviews,USD,, --, --,Unknown,,,,,,,,,,,,,,,,,,,,
deck designs plus,USD,0,0%,0%,Unknown,,,,,,,,,0,0,0,0,0,0,0,0,0,0,0,0
balcony deck cost,USD,10,0%,0%,Unknown,,,,,,,,,0,0,0,0,10,0,0,0,0,0,0,0
cost for elevated deck,USD,0,0%,0%,Unknown,,,,,,,,,0,0,0,0,0,0,0,0,0,0,0,0
deck on backyard,USD,10,0%,0%,Unknown,,,,,,,,,10,0,0,0,0,0,0,0,0,0,0,0
basic deck design plans,USD,10,0%,0%,Unknown,,,,,,,,,0,0,10,0,0,0,0,0,0,0,0,0
composite deck patterns,USD,10,?,0%,High,100,,,,,,,,10,10,10,10,10,0,10,0,0,0,0,10
price to rebuild a deck,USD,0,0%,0%,Unknown,,,,,,,,,0,0,0,0,0,0,0,0,0,0,0,0
deck by deck,USD,10,0%,0%,Unknown,,,,,,,,,0,0,0,0,0,10,0,0,0,0,0,0
basic deck layout,USD,, --, --,Unknown,,,,,,,,,,,,,,,,,,,,
wood deck in backyard,USD,10,0%,0%,Unknown,,,,,,,,,0,10,0,0,0,0,0,0,0,0,0,0
affordable decks reviews,USD,0,0%,-100%,Unknown,,,,,,,,,0,0,0,0,0,0,0,0,0,0,0,0
built in decks,USD,10,0%,0%,Unknown,,,,,,,,,0,0,0,10,0,0,0,0,10,0,0,0
small deck construction,USD,10,?,0%,High,67,,,,,,,,10,10,10,10,10,10,10,10,0,0,10,10
average cost to build a new deck,USD,10,0%,0%,Unknown,,,,,,,,,0,10,0,0,0,0,0,0,0,0,0,0
best free deck designer,USD,, --, --,Unknown,,,,,,,,,,,,,,,,,,,,
deck tips,USD,10,?,?,Medium,36,,,,,,,,10,0,10,0,10,10,10,10,0,0,10,10
outside deck plans,USD,0,0%,0%,Unknown,,,,,,,,,0,0,0,0,0,0,0,0,0,0,0,0
patio virginia,USD,10,0%,0%,High,93,,,,,,,,10,10,0,10,10,0,0,10,0,10,10,10
the best way to build a deck,USD,10,0%,0%,Unknown,,,,,,,,,0,0,10,0,0,0,0,0,0,0,0,0
deck building standards,USD,10,?,?,Low,0,,,,,,,,10,10,0,10,10,10,0,0,10,0,0,10
cost to build 500 sq ft deck,USD,10,0%,0%,Unknown,,,,,,,,,10,0,0,0,10,0,0,0,0,0,0,0
low deck cost,USD,10,0%,0%,Unknown,,,,,,,,,0,10,0,0,0,0,0,0,0,0,0,0
cost to expand deck,USD,10,0%,0%,Unknown,,,,,,,,,10,0,10,0,0,0,0,0,10,0,0,0
loudoun deck and fence reviews,USD,10,0%,0%,Medium,36,,,30%,,,,,10,10,10,10,10,10,10,10,10,10,10,10
back porch deck plans,USD,0,0%,0%,Unknown,,,,,,,,,0,0,0,0,0,0,0,0,0,0,0,0
building a deck structure,USD,10,0%,0%,Unknown,,,,,,,,,10,0,0,0,0,0,0,0,0,0,0,0
high deck,USD,10,-100%,-100%,Unknown,,,,,,,,,10,10,10,10,10,10,10,0,10,10,10,0
trex partners,USD,0,0%,0%,Unknown,,,,,,,,,0,0,0,0,0,0,0,0,0,0,0,0
wood deck structure design,USD,0,0%,0%,Unknown,,,,,,,,,0,0,0,0,0,0,0,0,0,0,0,0
free deck drawings for permit,USD,10,0%,?,High,86,,,,,,,,0,0,10,10,10,0,10,0,0,10,0,10
deck fabrication,USD,10,?,?,Medium,57,,,,,,,,0,0,0,0,0,0,0,0,0,0,0,10
trex deck designer software,USD,10,0%,0%,Unknown,,,,,,,,,0,10,10,10,10,10,10,0,0,0,0,0
cost of extending deck,USD,10,0%,0%,Unknown,,,,,,,,,10,0,0,0,0,0,0,10,0,0,0,0
back deck blueprints,USD,0,0%,0%,Unknown,,,,,,,,,0,0,0,0,0,0,0,0,0,0,0,0
modern deck construction,USD,0,0%,0%,Unknown,,,,,,,,,0,0,0,0,0,0,0,0,0,0,0,0
new outdoor deck,USD,0,0%,0%,Unknown,,,,,,,,,0,0,0,0,0,0,0,0,0,0,0,0
small deck price estimate,USD,10,0%,0%,Unknown,,,,,,,,,10,0,0,0,0,0,0,0,0,0,0,0
building a deck on back of house,USD,, --, --,Unknown,,,,,,,,,,,,,,,,,,,,
square deck plans,USD,0,0%,0%,Unknown,,,,,,,,,0,0,0,0,0,0,0,0,0,0,0,0
wood patio construction,USD,10,0%,0%,Unknown,,,,,,,,,0,0,10,0,0,0,0,0,0,0,0,0
roof deck builders,USD,10,0%,0%,Low,23,,,,,,,,10,10,10,10,30,10,10,10,10,10,10,10
building a large deck,USD,, --, --,Unknown,,,,,,,,,,,,,,,,,,,,
wood porch construction,USD,10,0%,0%,Unknown,,,,,,,,,0,0,10,0,10,0,10,0,0,0,10,0
build a deck from scratch,USD,10,0%,-100%,Unknown,,,,,,,,,0,0,0,0,10,10,0,0,0,0,0,0
composite deck building tips,USD,0,0%,0%,Unknown,,,,,,,Y,,0,0,0,0,0,0,0,0,0,0,0,0
standard deck plans,USD,10,0%,0%,Unknown,,,,,,,,,0,0,0,0,0,0,0,0,0,0,10,0
residential deck plans,USD,0,0%,0%,Unknown,,,,,,,,,0,0,0,0,0,0,0,0,0,0,0,0
patio deck cost estimator,USD,10,0%,0%,Unknown,,,,,,,,,10,0,10,0,0,0,0,0,0,0,0,0
building a deck for beginners,USD,10,0%,0%,Unknown,,,,,,,,,10,0,0,0,0,0,0,0,0,0,0,0
average deck,USD,10,0%,0%,Unknown,,,,,,,,,0,0,0,0,0,0,10,0,0,0,0,0
platinum patio,USD,10,0%,0%,Unknown,,,,,,,,,0,0,0,10,0,0,0,0,0,0,0,0
patio deck layout,USD,10,0%,0%,Unknown,,,,,,,,,0,10,10,10,0,0,10,0,0,0,0,0
deck works reviews,USD,10,0%,0%,Unknown,,,,,,,,,0,0,0,10,0,0,0,0,0,0,0,0
build a wooden patio,USD,10,?,0%,High,71,,,,,,,,0,0,10,10,10,0,0,0,0,0,0,10
average cost of replacing deck,USD,10,0%,0%,Unknown,,,,,,,,,0,10,0,0,0,0,0,0,0,0,0,0
building a deck do i need a permit,USD,, --, --,Unknown,,,,,,,,,,,,,,,,,,,,
average deck square footage,USD,10,0%,0%,Unknown,,,,,,,,,10,0,0,0,10,10,10,0,10,0,0,0
cheapest way to do a deck,USD,, --, --,Unknown,,,,,,,,,,,,,,,,,,,,
wood deck structure,USD,10,?,?,Low,29,,,,,,,,0,0,0,0,0,0,0,0,0,0,0,10
cost of repairing deck,USD,10,0%,0%,Unknown,,,,,,,,,0,0,10,0,0,0,0,0,0,0,0,0
two tiered decks,USD,10,0%,0%,Low,12,,,10%,,,,,30,10,10,10,10,0,10,10,0,10,10,10
deck square footage cost,USD,10,?,?,Medium,36,,,,,,,,10,10,0,10,0,0,0,0,0,0,0,10
cost of 100 sq ft deck,USD,, --, --,Unknown,,,,,,,,,,,,,,,,,,,,
cost of wood to build a deck,USD,0,0%,0%,Unknown,,,,,,,,,0,0,0,0,0,0,0,0,0,0,0,0
3 level deck designs,USD,10,0%,0%,Unknown,,,,,,,,,10,10,10,0,0,0,0,0,0,0,0,0
best deck layout,USD,10,?,?,Low,14,,,,,,,,0,0,0,10,0,0,0,0,0,0,0,10
making a wooden deck,USD,10,0%,0%,Low,0,,,,,,,,10,10,10,10,10,0,10,10,0,10,10,10
2 tier deck plans,USD,0,0%,0%,Unknown,,,,,,,,,0,0,0,0,0,0,0,0,0,0,0,0
designing a deck frame,USD,10,0%,-100%,Unknown,,,,,,,,,10,10,0,10,0,0,0,0,0,0,0,0
free covered deck plans,USD,0,0%,0%,Unknown,,,,,,,,,0,0,0,0,0,0,0,0,0,0,0,0
outdoor deck setup,USD,0,0%,0%,Unknown,,,,,,,,,0,0,0,0,0,0,0,0,0,0,0,0
process of building a deck,USD,10,0%,0%,Unknown,,,,,,,,,0,0,10,0,0,0,0,0,0,0,0,0
deck cost calculator with labor,USD,10,0%,0%,High,86,,,,,,,,10,0,0,0,0,0,0,0,0,10,10,10
labor rate to build a deck,USD,, --, --,Unknown,,,,,,,,,,,,,,,,,,,,
tiered decks,USD,10,0%,0%,Low,0,,,,,,,,10,10,10,10,0,10,10,0,10,10,10,10
deck before and after,USD,10,0%,0%,Low,7,,,,,,,,10,10,10,10,10,0,10,0,10,10,10,10
deck and fence installation,USD,10,0%,0%,Unknown,,,,,,,,,0,0,0,0,10,10,10,0,0,0,0,0
front porch railing contractors,USD,10,?,?,High,71,,,,,,,,0,0,0,0,0,0,0,0,0,0,0,10
two level deck plans,USD,10,0%,0%,Medium,37,,,,,,,,10,10,10,10,10,10,10,0,0,10,10,10
deck advice,USD,0,0%,0%,Unknown,,,,,,,,,0,0,0,0,0,0,0,0,0,0,0,0
basic deck plans free,USD,0,0%,0%,Unknown,,,,,,,,,0,0,0,0,0,0,0,0,0,0,0,0
materials needed to build deck,USD,0,0%,0%,Unknown,,,,,,,,,0,0,0,0,0,0,0,0,0,0,0,0
outdoor wood deck designs,USD,10,0%,0%,Unknown,,,,,,,,,0,0,0,0,0,0,0,10,0,0,0,0
free ground level deck plans,USD,0,0%,0%,Unknown,,,,,,,,,0,0,0,0,0,0,0,0,0,0,0,0
wood deck framing plans,USD,0,0%,0%,Unknown,,,,,,,,,0,0,0,0,0,0,0,0,0,0,0,0
deck material checklist,USD,10,0%,0%,Unknown,,,,,,,,,0,0,0,0,0,0,0,10,0,0,0,0
cost of a 10 by 10 deck,USD,10,?,?,High,86,,,,,,,,0,10,0,0,10,0,10,0,0,0,10,10
porch building cost calculator,USD,0,0%,0%,Unknown,,,,,,,,,0,0,0,0,0,0,0,0,0,0,0,0
backyard deck styles,USD,0,0%,-100%,Unknown,,,,,,,,,0,0,0,0,0,0,0,0,0,0,0,0
county deck services,USD,0,0%,0%,Unknown,,,,,,,,,0,0,0,0,0,0,0,0,0,0,0,0
cost of a deck with roof,USD,10,0%,0%,Medium,36,,,,,,,,10,10,0,10,0,10,10,10,10,10,10,10
back porch designer,USD,0,0%,0%,Unknown,,,,,,,,,0,0,0,0,0,0,0,0,0,0,0,0
ways to build a deck,USD,10,0%,0%,Unknown,,,,,,,Y,,0,0,0,10,0,0,0,0,0,0,0,0
trex patio designs,USD,10,0%,0%,Unknown,,,,,,,,,0,10,0,0,0,0,10,0,0,0,0,0
existing deck,USD,10,?,?,Low,19,,,,,,,,0,10,10,0,10,10,0,0,0,0,0,10
wood porch cost,USD,0,0%,0%,Unknown,,,,,,,,,0,0,0,0,0,0,0,0,0,0,0,0
balcony deck design,USD,10,0%,0%,Unknown,,,,,,,,,0,0,0,10,0,10,10,0,0,0,0,0
deck in yard,USD,10,0%,0%,Unknown,,,,,,,,,0,0,0,0,0,0,0,10,0,0,0,0
ground deck design,USD,10,0%,0%,Unknown,,,,,,,,,0,0,10,0,0,10,0,0,0,0,0,0
high level deck,USD,0,0%,0%,Unknown,,,,,,,,,0,0,0,0,0,0,0,0,0,0,0,0
deck in the yard,USD,0,0%,0%,Unknown,,,,,,,,,0,0,0,0,0,0,0,0,0,0,0,0
cost of a small wooden deck,USD,10,0%,0%,Unknown,,,,,,,,,0,0,0,0,0,0,0,10,0,0,0,0
balcony deck plans,USD,0,0%,0%,Unknown,,,,,,,,,0,0,0,0,0,0,0,0,0,0,0,0
deck wood designs,USD,10,-100%,-100%,Unknown,,,,,,,,,10,10,10,10,10,10,0,10,10,10,10,0
high deck plans,USD,10,0%,?,Low,6,,,,,,,,10,10,0,10,10,0,0,0,10,10,0,10
back of house deck designs,USD,0,0%,0%,Unknown,,,,,,,,,0,0,0,0,0,0,0,0,0,0,0,0
small deck blueprints,USD,0,0%,0%,Unknown,,,,,,,,,0,0,0,0,0,0,0,0,0,0,0,0
deck repair labor cost,USD,10,0%,0%,Unknown,,,,,,,,,0,0,10,0,0,0,0,0,0,0,0,0
deck experts llc,USD,0,0%,0%,Unknown,,,,,,,,,0,0,0,0,0,0,0,0,0,0,0,0
10 by 15 deck,USD,10,0%,0%,Unknown,,,,,,,,,0,0,0,10,0,0,0,0,0,0,0,0
cost of 500 sq ft deck,USD,10,0%,0%,Unknown,,,,,,,,,0,0,0,0,0,10,0,0,0,0,0,0
tool deck,USD,10,0%,0%,High,100,,,,,,,,10,10,10,10,10,10,10,10,10,10,10,10
weather decks,USD,10,0%,0%,Low,7,,,,,,,,10,10,10,10,10,10,10,10,10,10,10,10
unique decking,USD,10,?,?,Medium,43,,,,,,,,10,0,10,0,10,0,0,10,0,0,10,10
decks on ground level,USD,30,50%,-40%,High,79,2.11,9.27,17%,,,,,50,90,50,40,30,20,20,20,10,20,20,30
elevated wood deck,USD,10,?,?,High,100,,,10%,,,,,0,0,0,0,0,0,0,0,0,0,10,10
cost effective deck,USD,10,?,?,Low,0,,,,,,,,0,0,0,0,0,0,0,10,0,0,0,10
redwood deck price per square foot,USD,0,0%,0%,Unknown,,,,,,,,,0,0,0,0,0,0,0,0,0,0,0,0
outdoor deck patterns,USD,0,0%,0%,Unknown,,,,,,,,,0,0,0,0,0,0,0,0,0,0,0,0
all deck backyard,USD,0,0%,0%,Unknown,,,,,,,,,0,0,0,0,0,0,0,0,0,0,0,0
low deck plans,USD,10,0%,0%,Unknown,,,,,,,,,10,0,0,0,0,0,0,0,0,0,0,0
multi level porch designs,USD,, --, --,Unknown,,,,,,,,,,,,,,,,,,,,
backyard porch deck,USD,10,0%,-100%,Unknown,,,,,,,,,0,10,0,0,10,0,0,0,0,0,0,0
deck framing labor cost,USD,10,0%,-100%,Unknown,,,,,,,,,0,0,0,0,0,0,0,0,0,0,10,0
building a small wooden deck,USD,, --, --,Unknown,,,,,,,,,,,,,,,,,,,,
deck in sloped yard,USD,0,0%,0%,Unknown,,,,,,,,,0,0,0,0,0,0,0,0,0,0,0,0
deck patio installation,USD,10,0%,?,Low,11,,,20%,,,Y,,10,10,10,10,0,0,0,0,0,10,10,10
deck checklist,USD,10,0%,?,Low,0,,,,,,,,0,10,10,0,0,0,0,0,0,10,0,10
deck railing planner,USD,10,0%,-100%,Unknown,,,,,,,,,0,0,10,0,0,0,10,0,0,0,0,0
building deck off back of house,USD,0,0%,0%,Unknown,,,,,,,,,0,0,0,0,0,0,0,0,0,0,0,0
best size for a deck,USD,0,0%,0%,Unknown,,,,,,,,,0,0,0,0,0,0,0,0,0,0,0,0
build deck on patio,USD,0,0%,0%,Unknown,,,,,,,,,0,0,0,0,0,0,0,0,0,0,0,0
deck in woods,USD,140,143%,0%,High,93,1.4,5.7,4%,,,,,170,210,170,140,170,110,140,70,70,70,90,170
backyard deck patio,USD,10,0%,0%,High,89,1.98,7.86,30%,,,,,10,10,10,10,10,0,10,0,0,10,0,10
cost calculator to build a deck,USD,0,0%,0%,Unknown,,,,,,,,,0,0,0,0,0,0,0,0,0,0,0,0
deck plans free standing,USD,10,0%,0%,Low,24,,,,,,,,10,0,10,0,10,10,10,10,10,10,0,10
need permit to build deck,USD,10,0%,0%,Unknown,,,,,,,,,0,0,10,0,0,0,0,0,0,0,0,0
new deck styles,USD,10,0%,0%,Unknown,,,,,,,,,0,0,0,10,0,10,0,0,0,0,0,0
ideal deck,USD,10,?,?,Low,0,,,,,,,,0,0,0,0,0,0,0,0,0,0,0,10
backyard elevated deck,USD,10,0%,?,High,100,,,,,,,,10,10,10,10,0,0,10,0,0,10,0,10
square deck designs,USD,10,0%,-100%,Unknown,,,,,,,,,10,0,10,0,10,10,0,0,0,0,0,0
the fence & deck company,USD,10,0%,-100%,Unknown,,,,,,,,,10,0,0,10,10,0,10,10,0,0,0,0
deck design photos,USD,10,0%,0%,Medium,57,,,,,,,,10,10,10,10,10,10,20,10,10,10,10,10
low level deck design,USD,0,0%,0%,Unknown,,,,,,,,,0,0,0,0,0,0,0,0,0,0,0,0
deck labor cost estimator,USD,10,0%,0%,Unknown,,,,,,,,,0,10,0,0,0,0,0,0,0,0,0,0
elevated backyard deck,USD,10,0%,?,High,100,,,,,,,,10,10,10,10,0,0,10,0,0,10,0,10
wood deck detail,USD,10,0%,0%,Unknown,,,,,,,,,0,0,0,0,10,10,0,0,0,0,0,0
on the level fence and deck,USD,0,0%,-100%,Unknown,,,,,,,,,0,0,0,0,0,0,0,0,0,0,0,0
deck low,USD,20,100%,100%,Medium,57,,,,,,,,30,20,20,20,30,20,20,10,10,20,30,40
add deck to back of house,USD,10,0%,0%,Unknown,,,,,,,,,0,0,0,0,0,10,0,10,0,0,0,0
typical deck size,USD,10,0%,0%,Low,7,,,,,,,,10,10,10,10,10,10,10,10,10,10,0,10
decks built on the ground,USD,10,-100%,0%,Unknown,,,,,,,,,0,0,10,0,0,0,0,0,0,10,0,0
low level deck plans,USD,0,0%,0%,Unknown,,,,,,,,,0,0,0,0,0,0,0,0,0,0,0,0
decks for back of house,USD,10,0%,-100%,Unknown,,,,,,,,,0,0,10,0,0,0,0,0,0,0,0,0
patio deck patterns,USD,0,0%,0%,Unknown,,,,,,,,,0,0,0,0,0,0,0,0,0,0,0,0
expert decking,USD,0,0%,0%,Unknown,,,,,,,,,0,0,0,0,0,0,0,0,0,0,0,0
multi level trex deck,USD,10,0%,0%,Unknown,,,,,,,,,0,0,0,0,0,0,0,10,0,0,0,0
3 tier deck,USD,10,-100%,-100%,Unknown,,,,,,,,,0,10,0,0,0,10,0,0,10,10,10,0
low ground deck,USD,10,?,0%,High,100,,,,,,,,0,10,10,10,0,0,0,0,10,0,0,10
tiered deck designs,USD,10,0%,0%,High,71,,,,,,,,0,0,10,10,10,10,0,0,0,10,10,10
cost to expand a deck,USD,10,0%,0%,Unknown,,,,,,,,,0,10,0,0,0,0,0,0,0,0,0,0
modern outdoor decks designs,USD,10,0%,0%,Unknown,,,,,,,,,0,0,0,0,0,10,10,0,10,0,0,0
trex deck structure,USD,10,?,?,Medium,57,,,,,,,,0,0,0,0,0,0,0,0,0,0,0,10
affordable deck and fence,USD,10,0%,0%,Unknown,,,,,,,,,0,0,0,10,10,0,10,10,0,0,10,0
popular deck designs,USD,10,0%,0%,Unknown,,,,,,,,,0,0,0,0,0,0,10,0,0,0,0,0
500 sq foot deck cost,USD,10,0%,0%,Unknown,,,,,,,,,0,0,0,0,10,0,0,0,0,0,0,0
materials to make a deck,USD,0,0%,0%,Unknown,,,,,,,,,0,0,0,0,0,0,0,0,0,0,0,0
deck with fence,USD,10,0%,0%,Unknown,,,,,,,,,0,10,0,0,0,0,10,0,0,0,0,0
house deck materials,USD,10,0%,-100%,Unknown,,,,,,,,,0,0,0,0,0,0,0,0,0,0,10,0
building with trex,USD,10,0%,0%,Unknown,,,,,,,,,0,0,0,10,0,0,0,0,0,0,0,0
labor cost to repair a deck,USD,10,?,?,Medium,43,,,,,,,,0,0,0,0,0,0,0,0,0,0,0,10
low profile deck design,USD,10,0%,-100%,Unknown,,,,,,,,,10,0,0,10,0,0,0,10,0,0,0,0
decking process,USD,0,0%,0%,Unknown,,,,,,,,,0,0,0,0,0,0,0,0,0,0,0,0
cost of building a covered deck,USD,10,0%,0%,Unknown,,,,,,,,,10,0,10,10,0,0,0,0,10,0,0,0
custom outdoor living space,USD,10,-100%,0%,Unknown,,,,,,,,,10,10,10,10,20,20,10,10,0,10,10,0
deck pattern designs,USD,10,?,?,High,100,,,,,,,,0,0,0,10,0,0,10,0,10,0,10,10
elevated back deck,USD,0,0%,0%,Unknown,,,,,,,,,0,0,0,0,0,0,0,0,0,0,0,0
two tier deck designs,USD,10,?,0%,Medium,43,,,,,,,,10,0,0,0,10,0,0,0,0,0,0,10
trex multi level deck,USD,0,0%,0%,Unknown,,,,,,,,,0,0,0,0,0,0,0,0,0,0,0,0
outdoor backyard deck,USD,10,0%,0%,Unknown,,,,,,,,,0,0,0,0,0,10,0,0,0,0,0,0
wooden backyard deck,USD,10,-100%,-100%,Unknown,,,,,,,,,0,10,10,10,10,10,10,10,10,10,10,0
cheapest way to build a patio deck,USD,0,0%,0%,Unknown,,,,,,,,,0,0,0,0,0,0,0,0,0,0,0,0
ideal deck size,USD,10,0%,?,Medium,50,,,,,,,,10,0,10,0,10,10,10,0,10,10,10,10
deck design guidelines,USD,10,0%,-100%,Unknown,,,,,,,,,10,0,0,10,0,10,10,10,0,0,0,0
low patio deck,USD,10,?,0%,High,71,,,,,,,,0,0,10,0,0,10,10,0,0,0,0,10
outdoor deck structures,USD,0,0%,0%,Unknown,,,,,,,,,0,0,0,0,0,0,0,0,0,0,0,0
elevated wood deck designs,USD,10,0%,0%,Unknown,,,,,,,,,10,0,0,0,0,0,0,0,0,0,0,0
best deck sizes,USD,10,0%,?,Medium,50,,,,,,,,10,0,10,0,10,10,10,0,10,10,10,10
wood patio calculator,USD,10,0%,0%,Unknown,,,,,,,,,0,10,0,0,0,0,0,0,0,0,10,0
cost to build a 10 by 10 deck,USD,0,0%,0%,Unknown,,,,,,,,,0,0,0,0,0,0,0,0,0,0,0,0
wood deck frame construction,USD,0,0%,0%,Unknown,,,,,,,,,0,0,0,0,0,0,0,0,0,0,0,0
architectural decking,USD,10,-100%,-100%,Unknown,,,,,,,,,0,0,0,10,0,0,0,0,0,10,0,0
deck overhaul,USD,10,0%,0%,Unknown,,,,,,,,,0,0,0,0,0,0,0,10,0,0,0,0
multi level composite deck,USD,10,0%,0%,Unknown,,,,,,,,,0,0,0,10,10,0,0,0,0,0,0,0
ground level patio deck,USD,10,0%,0%,Unknown,,,,,,,,,10,0,10,0,0,10,0,10,0,0,0,0
backyard ground deck,USD,0,0%,0%,Unknown,,,,,,,,,0,0,0,0,0,0,0,0,0,0,0,0
average cost to frame a deck,USD,0,0%,0%,Unknown,,,,,,,,,0,0,0,0,0,0,0,0,0,0,0,0
full backyard deck,USD,0,0%,0%,Unknown,,,,,,,,,0,0,0,0,0,0,0,0,0,0,0,0
high deck designs,USD,10,?,?,High,71,,,,,,,,10,0,0,10,10,0,0,0,0,0,0,10
deck custom,USD,10,-67%,0%,Low,14,,,,,,,,10,10,10,10,10,10,10,10,10,30,20,10
multi tier deck designs,USD,0,0%,0%,Unknown,,,,,,,,,0,0,0,0,0,0,0,0,0,0,0,0
building simple deck,USD,10,0%,0%,Unknown,,,,,,,,,0,10,0,10,0,10,0,0,0,0,0,0
low deck in backyard,USD,0,0%,0%,Unknown,,,,,,,,,0,0,0,0,0,0,0,0,0,0,0,0
small deck on back of house,USD,10,0%,0%,Unknown,,,,,,,,,0,0,0,0,0,10,0,0,0,0,0,0
updating deck,USD,10,0%,0%,Low,0,,,,,,,,10,0,10,10,10,10,10,0,0,10,10,10
multi tier deck,USD,10,0%,0%,Unknown,,,,,,,,,0,10,10,0,10,0,0,0,0,0,0,0
ground level deck patio,USD,10,0%,0%,Unknown,,,,,,,,,10,0,10,0,0,10,0,10,0,0,0,0
patio deck backyard,USD,10,0%,0%,High,89,1.98,7.86,30%,,,,,10,10,10,10,10,0,10,0,0,10,0,10
outdoor deck styles,USD,10,0%,0%,Unknown,,,,,,,,,0,0,0,0,10,0,0,0,0,0,0,0
small elevated deck,USD,0,0%,0%,Unknown,,,,,,,,,0,0,0,0,0,0,0,0,0,0,0,0
deck for back porch,USD,10,0%,0%,Unknown,,,,,,,,,0,0,0,0,0,10,0,0,0,0,0,0
trex build,USD,10,0%,0%,Low,0,,,,,,,,0,10,10,0,10,10,0,10,10,10,10,10
deck off back of house,USD,10,?,?,High,71,,,,,,,,10,0,0,10,0,0,0,0,0,0,0,10
prefab decks and porches,USD,10,0%,-100%,Unknown,,,,,,,,,10,10,0,10,0,0,0,10,0,0,0,0
deck ideas wood,USD,10,0%,0%,High,71,,,,,,,,20,20,10,10,10,10,10,10,0,10,10,10
deck for small house,USD,10,?,?,High,100,,,,,,,,0,0,0,0,0,0,0,0,0,0,0,10
building a wood porch,USD,10,0%,0%,Unknown,,,,,,,,,10,0,0,0,0,0,0,0,0,0,0,0
size of decks,USD,10,0%,0%,Unknown,,,,,,,,,0,0,0,0,0,0,0,0,0,0,10,0
building a small deck on the ground,USD,10,0%,-100%,Unknown,,,,,,,,,10,10,0,0,0,0,0,0,0,0,0,0
custom built deck and fence,USD,0,0%,0%,Unknown,,,,,,,,,0,0,0,0,0,0,0,0,0,0,0,0
low deck construction,USD,10,?,0%,High,100,,,,,,,,10,10,10,0,10,10,10,0,0,0,0,10
wood deck balcony,USD,10,?,?,Medium,57,,,,,,,,0,0,10,10,10,10,10,0,0,0,10,10
deck construction cost calculator,USD,20,100%,100%,Medium,35,2.75,5.12,5%,,,,,20,20,30,30,20,20,10,10,10,10,10,20
backyard balcony deck,USD,0,0%,-100%,Unknown,,,,,,,,,0,0,0,0,0,0,0,0,0,0,0,0
elevated deck framing,USD,10,0%,0%,Unknown,,,,,,,,,0,10,0,0,0,0,0,10,0,0,0,0
high deck construction,USD,10,0%,0%,Unknown,,,,,,,,,0,0,10,0,0,0,0,0,0,0,0,0
porch deck framing,USD,10,0%,0%,Unknown,,,,,,,,,10,10,0,0,0,0,0,0,0,0,0,0
low deck backyard,USD,10,?,0%,High,67,,,,,,,,10,10,10,0,10,0,10,10,0,0,0,10
low level decks,USD,10,0%,0%,Medium,57,,,,,,,,0,10,10,10,0,10,10,10,10,10,10,10
deck de patio,USD,10,0%,0%,Unknown,,,,,,,,,10,0,0,0,0,0,0,0,10,0,0,0
deck design rules,USD,0,0%,-100%,Unknown,,,,,,,,,0,0,0,0,0,0,0,0,0,0,0,0
multi level deck framing,USD,0,0%,-100%,Unknown,,,,,,,,,0,0,0,0,0,0,0,0,0,0,0,0
wood deck examples,USD,10,0%,0%,Unknown,,,,,,,,,10,10,10,0,0,0,0,0,0,0,0,0
building an on ground deck,USD,, --, --,Unknown,,,,,,,,,,,,,,,,,,,,
front porch calculator,USD,0,0%,0%,Unknown,,,,,,,,,0,0,0,0,0,0,0,0,0,0,0,0
small porch deck,USD,10,0%,0%,Unknown,,,,,,,,,0,0,10,0,0,0,0,10,0,0,10,0
multi layer deck,USD,10,0%,0%,Unknown,,,,,,,,,10,0,0,0,0,0,0,0,0,0,0,0
re deck,USD,10,?,0%,Low,0,,,,,,Y,,0,10,10,0,0,0,10,0,0,0,0,10
patio wood design,USD,10,0%,0%,Unknown,,,,,,,,,0,10,10,0,10,10,0,0,0,0,0,0
decks high off ground,USD,10,0%,0%,Unknown,,,,,,,,,10,0,0,0,0,0,0,0,0,0,0,0
10 by 10 deck plans,USD,0,0%,0%,Unknown,,,,,,,,,0,0,0,0,0,0,0,0,0,0,0,0
awesome deck designs,USD,10,0%,-100%,Unknown,,,,,,,,,0,10,10,10,10,10,10,0,0,0,0,0
level decks,USD,10,0%,0%,High,100,,,,,,,,10,10,10,10,10,0,10,10,10,10,0,10
wooden deck on ground,USD,10,0%,0%,Unknown,,,,,,,,,10,10,10,0,10,0,0,0,0,0,0,0
ground deck construction,USD,10,0%,-50%,High,97,,,,,,,,10,10,10,10,10,10,10,10,0,10,10,10
a patio deck,USD,0,0%,0%,Unknown,,,,,,,,,0,0,0,0,0,0,0,0,0,0,0,0
building a two level deck,USD,0,0%,0%,Unknown,,,,,,,,,0,0,0,0,0,0,0,0,0,0,0,0
ground decks patios,USD,10,?,?,High,100,,,30%,,,,,0,0,0,0,0,0,0,0,0,0,0,10
deck for pergola,USD,0,0%,0%,Unknown,,,,,,,,,0,0,0,0,0,0,0,0,0,0,0,0
build a deck low to the ground,USD,10,0%,0%,Unknown,,,,,,,,,0,10,10,0,0,0,0,10,0,0,0,0
backyard wood patio,USD,10,-100%,0%,Unknown,,,,,,,,,10,10,0,10,10,10,0,10,0,10,10,0
best backyard deck designs,USD,10,0%,0%,Unknown,,,,,,,,,0,0,10,0,10,0,0,0,0,0,0,0
deck features,USD,10,0%,0%,Unknown,,,,,,,,,0,0,10,0,0,10,0,0,0,0,0,0
low front deck,USD,10,?,?,Low,0,,,,,,,,0,0,0,0,0,0,0,0,0,0,0,10
covered back deck designs,USD,10,0%,0%,Unknown,,,,,,,,,0,0,10,0,0,0,0,0,0,0,0,0
replacing existing deck,USD,10,0%,0%,Unknown,,,,,,,,,0,10,0,10,0,0,0,0,0,0,0,0
wooden deck styles,USD,0,0%,0%,Unknown,,,,,,,,,0,0,0,0,0,0,0,0,0,0,0,0
average cost to extend deck,USD,0,0%,0%,Unknown,,,,,,,,,0,0,0,0,0,0,0,0,0,0,0,0
trex decking projects,USD,10,0%,0%,Unknown,,,,,,,,,0,10,0,0,0,0,0,0,0,0,0,0
wood deck pattern,USD,10,0%,0%,Medium,64,,,,,,,,10,10,10,10,10,10,10,0,10,10,0,10
cost to repair deck boards,USD,10,0%,0%,Unknown,,,,,,,,,0,10,0,0,10,0,10,0,0,0,10,0
deck frame construction,USD,10,0%,0%,Unknown,,,,,,,,,0,0,10,0,0,10,0,0,0,0,0,0
deck material price per square foot,USD,0,0%,0%,Unknown,,,,,,,,,0,0,0,0,0,0,0,0,0,0,0,0
low wooden deck,USD,10,0%,0%,Unknown,,,,,,,,,0,0,10,10,0,0,10,0,0,0,0,0
nice looking decks,USD,10,0%,0%,Unknown,,,,,,,,,0,10,0,0,0,0,0,0,0,0,0,0
deck construction standards,USD,10,?,?,Low,0,,,,,,,,10,10,0,10,10,10,0,0,10,0,0,10
small wood porch,USD,10,-100%,0%,Unknown,,,,,,,,,10,10,10,0,0,0,10,0,0,10,0,0
cost to have deck boards replaced,USD,10,0%,0%,Unknown,,,,,,,,,10,0,0,0,0,0,0,0,0,0,0,0
wood back porch,USD,10,-100%,0%,Unknown,,,,,,,,,0,10,10,0,0,0,0,0,0,10,0,0
deck framing cost calculator,USD,10,0%,-100%,Unknown,,,,,,,,,10,0,10,0,0,0,10,10,0,0,0,0
backyard deck ground level,USD,0,0%,0%,Unknown,,,,,,,,,0,0,0,0,0,0,0,0,0,0,0,0
deck guidelines,USD,10,0%,?,Low,0,,,,,,,,10,10,0,10,0,10,0,10,0,10,0,10
best time to buy composite decking,USD,0,0%,0%,Unknown,,,,,,,,,0,0,0,0,0,0,0,0,0,0,0,0
permit for a deck,USD,50,67%,0%,Low,2,,,,,,,,50,70,70,50,70,70,40,40,20,30,30,50
building a high deck,USD,0,0%,0%,Unknown,,,,,,,,,0,0,0,0,0,0,0,0,0,0,0,0
low profile decks,USD,10,?,0%,High,100,,,10%,,,,,10,10,10,10,10,10,10,10,10,0,10,10
front of house deck designs,USD,10,0%,0%,Unknown,,,,,,,,,0,0,0,10,0,0,0,0,0,0,0,0
deck square footage,USD,10,?,?,High,79,,,,,,,,10,10,0,0,10,0,10,0,0,0,0,10
low to the ground deck designs,USD,0,0%,0%,Unknown,,,,,,,,,0,0,0,0,0,0,0,0,0,0,0,0
trex porch designs,USD,10,0%,0%,Unknown,,,,,,,,,0,0,0,10,0,10,0,10,0,0,0,0
building on ground deck,USD,10,0%,0%,Unknown,,,,,,,,,0,0,0,0,10,0,0,0,0,0,0,0
this old house building a deck,USD,10,0%,-100%,Unknown,,,,,,,,,10,0,0,0,0,0,0,0,0,0,0,0
building a low level deck,USD,10,0%,0%,Unknown,,,,,,,,,10,0,0,0,0,0,0,0,0,0,0,0
cost for replacing deck boards,USD,10,0%,0%,Unknown,,,,,,,,,0,0,10,0,10,0,10,0,0,0,0,0
ground level deck build,USD,10,0%,0%,Unknown,,,,,,,,,10,10,10,0,0,0,10,0,0,0,10,0
low to ground deck framing,USD,10,?,?,High,100,,,,,,,,0,0,0,0,0,0,10,0,0,0,0,10
exterior deck framing,USD,10,0%,0%,Unknown,,,,,,,,,10,0,0,0,0,0,0,10,10,0,0,0
fiberon deck design tool,USD,, --, --,Unknown,,,,,,,,,,,,,,,,,,,,
decking tips and tricks,USD,10,?,?,Low,0,,,,,,,,0,0,0,0,0,0,0,0,0,0,0,10
prefab wooden decks,USD,10,0%,0%,Unknown,,,,,,,,,0,0,0,0,0,0,0,0,10,0,0,0
labor cost to build composite deck,USD,0,0%,0%,Unknown,,,,,,,,,0,0,0,0,0,0,0,0,0,0,0,0
average size deck,USD,10,0%,0%,Low,7,,,,,,,,10,10,10,10,10,10,10,10,10,10,0,10
deck design requirements,USD,0,0%,0%,Unknown,,,,,,,,,0,0,0,0,0,0,0,0,0,0,0,0
deck railing plans free,USD,0,0%,0%,Unknown,,,,,,,,,0,0,0,0,0,0,0,0,0,0,0,0
beautiful backyard decks,USD,10,0%,0%,Unknown,,,,,,,,,10,0,0,0,0,0,0,0,0,0,0,0
making a small deck,USD,10,0%,0%,Unknown,,,,,,,,,10,0,0,0,0,0,0,0,0,0,0,0
patio deck framing,USD,0,0%,0%,Unknown,,,,,,,,,0,0,0,0,0,0,0,0,0,0,0,0
low backyard deck,USD,10,?,0%,High,67,,,,,,,,10,10,10,0,10,0,10,10,0,0,0,10
backyard deck photos,USD,10,0%,?,Low,21,,,10%,,,,,0,10,0,0,0,0,10,10,0,10,0,10
deck design examples,USD,10,0%,0%,Unknown,,,,,,,,,0,0,0,10,10,0,10,0,0,0,0,0
premium deck,USD,10,300%,?,Low,1,,,,,,,,10,0,10,10,10,10,10,0,10,10,10,40
photos of outdoor decks,USD,10,0%,-100%,Unknown,,,,,,,,,10,10,10,10,0,0,0,10,0,0,0,0
pressure treated deck designs,USD,10,0%,-100%,Unknown,,,,,,,,,0,0,10,10,0,0,0,0,10,0,0,0
deck pattern,USD,10,0%,0%,High,76,,,10%,,,,,10,10,10,10,10,10,10,10,10,10,10,10
wood estimator for deck,USD,0,0%,0%,Unknown,,,,,,,,,0,0,0,0,0,0,0,0,0,0,0,0
deck styling,USD,10,100%,100%,High,90,1.66,3.65,5%,,,,,20,20,10,20,10,10,10,10,10,10,10,20
modern house deck design,USD,10,0%,0%,Unknown,,,,,,,,,0,10,0,0,0,0,0,0,0,0,0,0
building a deck on sloped ground,USD,10,0%,0%,Unknown,,,,,,,,,0,0,0,0,0,0,10,0,0,0,0,0
house back deck,USD,10,?,?,Low,0,,,,,,,,0,0,0,10,0,10,10,0,0,0,0,10
square footage of a deck,USD,10,?,?,High,79,,,,,,,,10,10,0,0,10,0,10,0,0,0,0,10
2 tier deck,USD,10,0%,0%,Low,12,,,10%,,,,,30,10,10,10,10,0,10,10,0,10,10,10
cool decking designs,USD,10,0%,-100%,Unknown,,,,,,,,,0,10,10,10,10,10,10,0,0,0,0,0
build deck for gazebo,USD,10,0%,0%,Unknown,,,,,,,,,0,10,0,0,0,0,0,0,0,0,0,0
building a deck close to the ground,USD,0,0%,0%,Unknown,,,,,,,,,0,0,0,0,0,0,0,0,0,0,0,0
deck plans for building permit,USD,10,?,?,Low,29,,,,,,,,0,0,0,0,0,0,0,0,0,0,0,10
building a wood deck on the ground,USD,10,0%,0%,Unknown,,,,,,,,,0,10,0,0,0,0,10,0,0,0,0,0
the deck company reviews,USD,0,0%,0%,Unknown,,,,,,,,,0,0,0,0,0,0,0,0,0,0,0,0
wooden deck framing,USD,10,?,0%,High,100,,,,,,,,10,10,10,0,0,10,10,0,10,0,0,10
low profile deck framing,USD,10,0%,0%,Unknown,,,,,,,,,10,0,10,10,0,0,0,0,10,0,0,0
trex deck without railing,USD,10,0%,0%,Unknown,,,,,,,,,10,10,0,0,0,0,0,0,0,0,0,0
square footage of deck,USD,0,0%,0%,Unknown,,,,,,,,,0,0,0,0,0,0,0,0,0,0,0,0
most beautiful decks,USD,10,0%,0%,Unknown,,,,,,,,,0,0,0,0,10,0,0,0,0,0,0,0
typical deck construction,USD,10,0%,0%,Unknown,,,,,,,,,0,0,0,0,0,0,0,0,0,0,10,0
replacing an old deck,USD,10,0%,-100%,Unknown,,,,,,,,,0,10,10,0,0,0,0,0,0,0,0,0
custom patio construction,USD,0,0%,0%,Unknown,,,,,,,,,0,0,0,0,0,0,0,0,0,0,0,0
replacing my deck,USD,10,0%,-100%,Unknown,,,,,,,,,0,0,0,0,0,10,10,0,0,0,0,0
this old house deck,USD,10,0%,0%,Unknown,,,,,,,,,0,0,0,0,0,10,0,0,0,0,0,0
small deck for backyard,USD,10,0%,0%,High,100,,,,,,,,10,10,10,10,10,10,10,0,0,10,0,10
deck flooring design,USD,10,?,0%,High,100,,,,,,,,10,10,10,10,10,10,10,0,0,0,0,10
exclusive fencing and decking,USD,10,0%,0%,Unknown,,,,,,,,,0,0,0,0,0,0,0,10,0,0,0,0
backyard deck examples,USD,0,0%,-100%,Unknown,,,,,,,,,0,0,0,0,0,0,0,0,0,0,0,0
decks for front porch,USD,10,0%,0%,High,88,,,,,,,,10,10,10,10,10,10,10,10,10,10,10,10
web deck design,USD,0,0%,0%,Unknown,,,,,,,,,0,0,0,0,0,0,0,0,0,0,0,0
cheap backyard deck,USD,10,0%,0%,Unknown,,,,,,,,,0,0,0,0,0,0,0,0,10,0,0,0
cost of building a deck with roof,USD,10,0%,0%,Unknown,,,,,,,,,0,0,10,10,0,0,0,0,0,0,0,0
cost to remove deck boards,USD,10,?,?,Low,0,,,,,,,,10,0,0,0,0,0,0,0,0,0,0,10
outdoor deck frame,USD,10,0%,0%,Unknown,,,,,,,,,10,0,0,0,0,0,0,10,10,0,0,0
composite deck pics,USD,10,0%,0%,High,100,,,,,,,,10,10,10,10,10,10,0,10,10,10,0,10
fiberon deck design,USD,10,0%,-100%,Unknown,,,,,,,,,10,0,0,0,0,0,0,0,0,0,0,0
deck examples photos,USD,10,0%,0%,Unknown,,,,,,,,,0,10,0,0,0,0,10,0,0,0,10,0
small deck to patio,USD,10,0%,0%,High,100,,,,,,,,0,0,10,10,0,10,10,10,10,10,10,10
luxury deck designs,USD,10,0%,?,Medium,64,,,,,,,,0,0,0,0,10,10,0,0,0,10,0,10
backyard low deck,USD,10,?,0%,High,67,,,,,,,,10,10,10,0,10,0,10,10,0,0,0,10
estimate deck boards,USD,10,0%,0%,Unknown,,,,,,,,,0,0,0,0,0,0,0,10,0,0,0,0
covered porch deck plans,USD,0,0%,0%,Unknown,,,,,,,,,0,0,0,0,0,0,0,0,0,0,0,0
transform your deck,USD,, --, --,Unknown,,,,,,,,,,,,,,,,,,,,
building deck on sloped ground,USD,10,0%,0%,Unknown,,,,,,,,,0,0,10,0,0,0,0,0,0,0,0,0
upper deck on house,USD,10,-100%,0%,Unknown,,,,,,,,,0,0,0,0,0,0,0,0,0,10,0,0
residential deck requirements,USD,10,0%,0%,Unknown,,,,,,,,,0,0,0,0,10,0,0,0,0,0,0,0
building a deck off the ground,USD,0,0%,0%,Unknown,,,,,,,,,0,0,0,0,0,0,0,0,0,0,0,0
deck building specifications,USD,10,0%,0%,Low,0,,,,,,,,10,10,0,0,10,0,0,0,10,10,0,10
custom built fence & deck,USD,0,0%,0%,Unknown,,,,,,,,,0,0,0,0,0,0,0,0,0,0,0,0
patio deck designs photos,USD,0,0%,0%,Unknown,,,,,,,,,0,0,0,0,0,0,0,0,0,0,0,0
surface deck,USD,10,?,0%,High,71,,,,,,Y,,0,10,10,10,10,0,10,0,0,0,0,10
deck framing guidelines,USD,30,100%,0%,Medium,54,,,5%,,,,,20,40,50,70,30,30,20,10,10,10,10,20
small deck layout,USD,10,-100%,-100%,Unknown,,,,,,,,,10,10,10,10,10,10,10,0,10,10,0,0
building a small patio deck,USD,0,0%,0%,Unknown,,,,,,,,,0,0,0,0,0,0,0,0,0,0,0,0
deck in winter,USD,10,0%,0%,Unknown,,,,,,,,,0,0,10,0,0,0,0,0,10,0,10,0
ground deck framing,USD,10,?,0%,High,100,,,,,,,,0,0,10,0,0,10,0,0,10,0,0,10
deck framing requirements,USD,0,0%,0%,Unknown,,,,,,,,,0,0,0,0,0,0,0,0,0,0,0,0
deck to fence,USD,10,?,?,Low,0,,,,,,,,0,0,0,0,0,0,0,0,0,0,0,10
deck flooring cost,USD,10,?,?,Medium,43,,,,,,,,0,0,0,0,0,0,0,0,0,0,0,10
small outdoor deck,USD,10,?,0%,High,100,,,,,,,,0,0,0,0,0,0,0,0,0,0,0,10
small deck designs on a budget,USD,10,0%,0%,Unknown,,,,,,,,,0,0,0,10,0,0,0,0,0,0,0,0
trex deck ground level,USD,10,?,0%,High,100,,,,,,Y,,10,10,10,0,10,0,10,10,0,0,0,10
manufactured decks,USD,10,?,0%,Medium,66,0.88,5.35,,,,,,10,0,10,10,0,10,10,0,10,0,10,10
outdoor living space deck,USD,10,0%,0%,Unknown,,,,,,,,,0,0,0,0,10,0,0,0,10,0,0,0
average cost of deck with roof,USD,10,?,?,High,86,,,,,,,,0,0,0,10,0,0,0,0,0,0,0,10
best way to build a deck on the ground,USD,0,0%,0%,Unknown,,,,,,,,,0,0,0,0,0,0,0,0,0,0,0,0
patio decking materials,USD,10,0%,0%,Medium,43,,,,,,,,10,10,10,10,0,10,0,0,0,10,0,10
common deck sizes,USD,10,0%,-100%,Unknown,,,,,,,,,10,10,0,10,0,10,10,10,10,0,0,0
small back deck designs,USD,0,0%,-100%,Unknown,,,,,,,,,0,0,0,0,0,0,0,0,0,0,0,0
small deck off back of house,USD,10,-100%,0%,Unknown,,,,,,,,,10,0,10,0,0,10,0,0,0,10,0,0
backyard 2 level deck designs,USD,10,0%,0%,High,100,,,,,,,,10,10,10,10,10,10,10,0,0,10,0,10
building a wood patio on the ground,USD,10,0%,0%,Unknown,,,,,,,,,0,10,0,0,0,0,0,0,0,0,0,0
outdoor patio decks,USD,10,0%,0%,High,78,,,20%,,,,,10,10,10,10,10,10,0,10,0,10,10,10
decking a house,USD,0,0%,0%,Unknown,,,,,,,,,0,0,0,0,0,0,0,0,0,0,0,0
front of house deck,USD,10,0%,0%,Medium,33,,,,,,,,10,10,10,10,10,10,10,10,10,10,10,10
low level decking frame,USD,10,?,?,High,86,,,,,,,,0,0,10,0,0,0,10,0,0,0,0,10
deck small,USD,10,0%,0%,High,100,,,,,,,,30,20,10,20,10,20,10,10,10,10,10,10
planning composite decking,USD,, --, --,Unknown,,,,,,,,,,,,,,,,,,,,
modern outdoor deck,USD,10,0%,-100%,Unknown,,,,,,,,,0,10,0,0,0,0,0,0,0,0,0,0
backyard patio wood,USD,10,-100%,0%,Unknown,,,,,,,,,10,10,0,10,10,10,0,10,0,10,10,0
on ground patio,USD,0,0%,0%,Unknown,,,,,,,,,0,0,0,0,0,0,0,0,0,0,0,0
standard deck framing,USD,10,0%,0%,Unknown,,,,,,,,,0,0,0,10,0,0,10,0,0,0,0,0
wood patio designs,USD,10,0%,0%,Unknown,,,,,,,,,0,10,10,0,10,10,0,0,0,0,0,0
decks on a sloped yard,USD,0,0%,-100%,Unknown,,,,,,,,,0,0,0,0,0,0,0,0,0,0,0,0
trex deck labor cost,USD,10,0%,-100%,Unknown,,,,,,,,,10,0,0,0,0,10,0,0,0,0,0,0
small deck porch,USD,10,0%,0%,Unknown,,,,,,,,,0,0,10,0,0,0,0,10,0,0,10,0
circle decks,USD,10,?,0%,Medium,36,,,,,,,,10,0,10,10,10,10,0,0,10,0,10,10
gazebo contractor near me,USD,10,0%,?,High,86,,,,,,,,10,10,0,10,0,0,0,0,0,10,0,10
