Keyword status,Keyword,Match type,Campaign,Ad group,Status,Status reasons,Final URL,Impr.,Interactions,Interaction rate,Currency code,Avg. cost,Cost,Quality Score,Exp. CTR,Landing page exp.,Ad relevance,Clicks,Conv. rate,Conversions,Avg. CPC,Cost / conv.
Enabled,"""deck company leesburg""",Phrase match,loudoun decks,Deck Builder - Leesburg,Not eligible,campaign paused,,0,0, --,USD,0,0.00, --, --, --, --,0,0.00%,0.00,0,0.00
Enabled,"""trex deck leesburg""",Phrase match,loudoun decks,Deck Builder - Leesburg,Not eligible,rarely served; campaign paused,,0,0, --,USD,0,0.00, --, --, --, --,0,0.00%,0.00,0,0.00
Enabled,[deck builders potomac falls va],Exact match,loudoun decks,Deck Builder - Potomac Falls,Not eligible,rarely served; campaign paused,,0,0, --,USD,0,0.00, --, --, --, --,0,0.00%,0.00,0,0.00
Enabled,[deck builders near me],Exact match,loudoun decks,Deck Builder - Leesburg,Not eligible,low quality; campaign paused,,91,3,3.30%,USD,20.85,62.56,2,Below average,Below average,Average,3,33.33%,1.00,20.85,62.56
Enabled,"""deck contractor potomac falls""",Phrase match,loudoun decks,Deck Builder - Potomac Falls,Not eligible,rarely served; campaign paused,,0,0, --,USD,0,0.00, --, --, --, --,0,0.00%,0.00,0,0.00
Paused,"""trex deck sterling""",Phrase match,loudoun decks,Deck Builder - Sterling,Paused,paused; rarely served; campaign paused,,0,0, --,USD,0,0.00, --, --, --, --,0,0.00%,0.00,0,0.00
Enabled,"""deck installation sterling""",Phrase match,loudoun decks,Deck Builder - Sterling,Not eligible,campaign paused,,0,0, --,USD,0,0.00, --, --, --, --,0,0.00%,0.00,0,0.00
Enabled,"""build a new deck near me""",Phrase match,Fairfax-Search-Search - Deck Leads - VA - May 2025,Deck Builders Near Me,Not eligible,campaign paused,,0,0, --,USD,0,0.00, --, --, --, --,0,0.00%,0.00,0,0.00
Enabled,"""deck construction near me""",Phrase match,Fairfax-Search-Search - Deck Leads - VA - May 2025,Deck Builders Near Me,Not eligible,campaign paused,,3,0,0.00%,USD,0,0.00,4,Below average,Average,Average,0,0.00%,0.00,0,0.00
Enabled,[deck builder northern virginia],Exact match,Fairfax-Search-Search - Deck Leads - VA - May 2025,Deck Builders Near Me,Not eligible,campaign paused,,0,0, --,USD,0,0.00, --, --, --, --,0,0.00%,0.00,0,0.00
Enabled,[trex deck builder potomac falls],Exact match,loudoun decks,Deck Builder - Potomac Falls,Not eligible,rarely served; campaign paused,,0,0, --,USD,0,0.00, --, --, --, --,0,0.00%,0.00,0,0.00
Enabled,"""wood deck leesburg""",Phrase match,loudoun decks,Deck Builder - Leesburg,Not eligible,campaign paused,,0,0, --,USD,0,0.00, --, --, --, --,0,0.00%,0.00,0,0.00
Enabled,"""deck installation leesburg""",Phrase match,loudoun decks,Deck Builder - Leesburg,Not eligible,campaign paused,,0,0, --,USD,0,0.00, --, --, --, --,0,0.00%,0.00,0,0.00
Enabled,"""deck replacement sterling""",Phrase match,loudoun decks,Deck Builder - Sterling,Not eligible,campaign paused,,0,0, --,USD,0,0.00, --, --, --, --,0,0.00%,0.00,0,0.00
Paused,[deck repair loudoun county],Exact match,Fairfax-Search-Search - Deck Leads - VA - May 2025,Deck Builders Near Me,Paused,paused; campaign paused,,0,0, --,USD,0,0.00, --, --, --, --,0,0.00%,0.00,0,0.00
Enabled,"""deck installation potomac falls""",Phrase match,loudoun decks,Deck Builder - Potomac Falls,Not eligible,rarely served; campaign paused,,0,0, --,USD,0,0.00, --, --, --, --,0,0.00%,0.00,0,0.00
Enabled,[deck company leesburg va],Exact match,loudoun decks,Deck Builder - Leesburg,Not eligible,campaign paused,,0,0, --,USD,0,0.00, --, --, --, --,0,0.00%,0.00,0,0.00
Enabled,[deck installation potomac falls va],Exact match,loudoun decks,Deck Builder - Potomac Falls,Not eligible,campaign paused,,0,0, --,USD,0,0.00, --, --, --, --,0,0.00%,0.00,0,0.00
Enabled,"""replace my deck""",Phrase match,Fairfax-Search-Search - Deck Leads - VA - May 2025,Deck Builders Near Me,Not eligible,campaign paused,,66,1,1.52%,USD,24.07,24.07, --, --, --, --,1,0.00%,0.00,24.07,0.00
Enabled,[deck builder leesburg],Exact match,loudoun decks,Deck Builder - Leesburg,Not eligible,campaign paused,,14,0,0.00%,USD,0,0.00, --, --, --, --,0,0.00%,0.00,0,0.00
Enabled,"""deck replacement potomac falls""",Phrase match,loudoun decks,Deck Builder - Potomac Falls,Not eligible,rarely served; campaign paused,,0,0, --,USD,0,0.00, --, --, --, --,0,0.00%,0.00,0,0.00
Paused,[deck and porch builders near me],Exact match,Fairfax-Search-Search - Deck Leads - VA - May 2025,Deck Builders Near Me,Paused,paused; campaign paused,,0,0, --,USD,0,0.00, --, --, --, --,0,0.00%,0.00,0,0.00
Enabled,"""deck company sterling""",Phrase match,loudoun decks,Deck Builder - Sterling,Not eligible,campaign paused,,0,0, --,USD,0,0.00, --, --, --, --,0,0.00%,0.00,0,0.00
Enabled,"""deck builder potomac falls""",Phrase match,loudoun decks,Deck Builder - Potomac Falls,Not eligible,campaign paused,,0,0, --,USD,0,0.00, --, --, --, --,0,0.00%,0.00,0,0.00
Enabled,[best deck builders near me],Exact match,Fairfax-Search-Search - Deck Leads - VA - May 2025,Deck Builders Near Me,Not eligible,campaign paused,,0,0, --,USD,0,0.00, --, --, --, --,0,0.00%,0.00,0,0.00
Enabled,"""deck contractor sterling""",Phrase match,loudoun decks,Deck Builder - Sterling,Not eligible,campaign paused,,0,0, --,USD,0,0.00, --, --, --, --,0,0.00%,0.00,0,0.00
Enabled,[deck builder near me],Exact match,loudoun decks,Deck Builder - Potomac Falls,Not eligible,low quality; campaign paused,,39,1,2.56%,USD,17.98,17.98,2,Below average,Below average,Average,1,0.00%,0.00,17.98,0.00
Enabled,"""deck company potomac falls""",Phrase match,loudoun decks,Deck Builder - Potomac Falls,Not eligible,rarely served; campaign paused,,0,0, --,USD,0,0.00, --, --, --, --,0,0.00%,0.00,0,0.00
Enabled,[deck company potomac falls va],Exact match,loudoun decks,Deck Builder - Potomac Falls,Not eligible,campaign paused,,0,0, --,USD,0,0.00, --, --, --, --,0,0.00%,0.00,0,0.00
Enabled,[deck contractor sterling va],Exact match,loudoun decks,Deck Builder - Sterling,Not eligible,campaign paused,,0,0, --,USD,0,0.00, --, --, --, --,0,0.00%,0.00,0,0.00
Enabled,"""cost to replace deck""",Phrase match,Fairfax-Search-Search - Deck Leads - VA - May 2025,Deck Builders Near Me,Not eligible,campaign paused,,0,0, --,USD,0,0.00, --, --, --, --,0,0.00%,0.00,0,0.00
Enabled,[custom deck builder potomac falls],Exact match,loudoun decks,Deck Builder - Potomac Falls,Not eligible,rarely served; campaign paused,,0,0, --,USD,0,0.00, --, --, --, --,0,0.00%,0.00,0,0.00
Enabled,"""deck replacement near me""",Phrase match,Fairfax-Search-Search - Deck Leads - VA - May 2025,Deck Builders Near Me,Not eligible,campaign paused,,17,3,17.65%,USD,6.71,20.13,5,Below average,Above average,Below average,3,0.00%,0.00,6.71,0.00
Paused,[deck refinishing near me],Exact match,Fairfax-Search-Search - Deck Leads - VA - May 2025,Deck Builders Near Me,Paused,paused; campaign paused,,0,0, --,USD,0,0.00, --, --, --, --,0,0.00%,0.00,0,0.00
Enabled,[deck contractor potomac falls va],Exact match,loudoun decks,Deck Builder - Potomac Falls,Not eligible,campaign paused,,0,0, --,USD,0,0.00, --, --, --, --,0,0.00%,0.00,0,0.00
Enabled,[deck builder potomac falls],Exact match,loudoun decks,Deck Builder - Potomac Falls,Not eligible,campaign paused,,0,0, --,USD,0,0.00, --, --, --, --,0,0.00%,0.00,0,0.00
Enabled,[custom deck builders near me],Exact match,Fairfax-Search-Search - Deck Leads - VA - May 2025,Deck Builders Near Me,Not eligible,campaign paused,,0,0, --,USD,0,0.00, --, --, --, --,0,0.00%,0.00,0,0.00
Enabled,"""custom deck potomac falls""",Phrase match,loudoun decks,Deck Builder - Potomac Falls,Not eligible,rarely served; campaign paused,,0,0, --,USD,0,0.00, --, --, --, --,0,0.00%,0.00,0,0.00
Enabled,[deck builder sterling],Exact match,loudoun decks,Deck Builder - Sterling,Not eligible,campaign paused,,0,0, --,USD,0,0.00, --, --, --, --,0,0.00%,0.00,0,0.00
Enabled,"""deck builder leesburg""",Phrase match,loudoun decks,Deck Builder - Leesburg,Not eligible,campaign paused,,0,0, --,USD,0,0.00, --, --, --, --,0,0.00%,0.00,0,0.00
Enabled,"""composite deck sterling""",Phrase match,loudoun decks,Deck Builder - Sterling,Not eligible,rarely served; campaign paused,,0,0, --,USD,0,0.00, --, --, --, --,0,0.00%,0.00,0,0.00
Paused,[outside decks and patios],Exact match,Fairfax-Search-Search - Deck Leads - VA - May 2025,Deck Builders Near Me,Paused,paused; campaign paused,,0,0, --,USD,0,0.00, --, --, --, --,0,0.00%,0.00,0,0.00
Enabled,[deck contractor leesburg va],Exact match,loudoun decks,Deck Builder - Leesburg,Not eligible,campaign paused,,0,0, --,USD,0,0.00, --, --, --, --,0,0.00%,0.00,0,0.00
Enabled,[deck installers near me],Exact match,Fairfax-Search-Search - Deck Leads - VA - May 2025,Deck Builders Near Me,Not eligible,campaign paused,,3,0,0.00%,USD,0,0.00,5,Below average,Above average,Below average,0,0.00%,0.00,0,0.00
Enabled,"""deck installers near me""",Phrase match,Fairfax-Search-Search - Deck Leads - VA - May 2025,Deck Builders Near Me,Not eligible,campaign paused,,0,0, --,USD,0,0.00,5,Below average,Above average,Below average,0,0.00%,0.00,0,0.00
Enabled,"""deck repair leesburg""",Phrase match,loudoun decks,Deck Builder - Leesburg,Not eligible,campaign paused,,0,0, --,USD,0,0.00,4,Below average,Average,Average,0,0.00%,0.00,0,0.00
Enabled,[deck company potomac falls],Exact match,loudoun decks,Deck Builder - Potomac Falls,Not eligible,rarely served; campaign paused,,0,0, --,USD,0,0.00, --, --, --, --,0,0.00%,0.00,0,0.00
Enabled,[custom deck builder leesburg],Exact match,loudoun decks,Deck Builder - Leesburg,Not eligible,campaign paused,,2,0,0.00%,USD,0,0.00, --, --, --, --,0,0.00%,0.00,0,0.00
Enabled,"""wood deck sterling""",Phrase match,loudoun decks,Deck Builder - Sterling,Not eligible,campaign paused,,0,0, --,USD,0,0.00, --, --, --, --,0,0.00%,0.00,0,0.00
Enabled,[deck replacement leesburg va],Exact match,loudoun decks,Deck Builder - Leesburg,Not eligible,campaign paused,,0,0, --,USD,0,0.00, --, --, --, --,0,0.00%,0.00,0,0.00
Enabled,[deck contractor leesburg],Exact match,loudoun decks,Deck Builder - Leesburg,Not eligible,campaign paused,,6,0,0.00%,USD,0,0.00, --, --, --, --,0,0.00%,0.00,0,0.00
Enabled,"""composite deck potomac falls""",Phrase match,loudoun decks,Deck Builder - Potomac Falls,Not eligible,campaign paused,,0,0, --,USD,0,0.00, --, --, --, --,0,0.00%,0.00,0,0.00
Enabled,"""deck builder loudoun county""",Phrase match,Fairfax-Search-Search - Deck Leads - VA - May 2025,Deck Builders Near Me,Not eligible,campaign paused,,0,0, --,USD,0,0.00, --, --, --, --,0,0.00%,0.00,0,0.00
Enabled,"""deck builder near me""",Phrase match,Fairfax-Search-Search - Deck Leads - VA - May 2025,Deck Builders Near Me,Not eligible,campaign paused,,3,0,0.00%,USD,0,0.00,3,Below average,Average,Below average,0,0.00%,0.00,0,0.00
Paused,"""deck and porch builders near me""",Phrase match,Fairfax-Search-Search - Deck Leads - VA - May 2025,Deck Builders Near Me,Paused,paused; campaign paused,,0,0, --,USD,0,0.00, --, --, --, --,0,0.00%,0.00,0,0.00
Enabled,"""deck installation near me""",Phrase match,Fairfax-Search-Search - Deck Leads - VA - May 2025,Deck Builders Near Me,Not eligible,campaign paused,,5,0,0.00%,USD,0,0.00, --, --, --, --,0,0.00%,0.00,0,0.00
Enabled,[deck builders sterling va],Exact match,loudoun decks,Deck Builder - Sterling,Not eligible,campaign paused,,0,0, --,USD,0,0.00, --, --, --, --,0,0.00%,0.00,0,0.00
Enabled,[deck resurfacing potomac falls],Exact match,loudoun decks,Deck Builder - Potomac Falls,Not eligible,rarely served; campaign paused,,0,0, --,USD,0,0.00, --, --, --, --,0,0.00%,0.00,0,0.00
Enabled,[deck contractors northern va],Exact match,Fairfax-Search-Search - Deck Leads - VA - May 2025,Deck Builders Near Me,Not eligible,campaign paused,,31,5,16.13%,USD,13.20,65.99, --, --, --, --,5,20.00%,1.00,13.20,65.99
Paused,[deck and patio builders],Exact match,Fairfax-Search-Search - Deck Leads - VA - May 2025,Deck Builders Near Me,Paused,paused; campaign paused,,0,0, --,USD,0,0.00,3,Below average,Average,Below average,0,0.00%,0.00,0,0.00
Enabled,"""deck builder reston va""",Phrase match,Fairfax-Search-Search - Deck Leads - VA - May 2025,Deck Builders Near Me,Not eligible,campaign paused,,8,0,0.00%,USD,0,0.00, --, --, --, --,0,0.00%,0.00,0,0.00
Enabled,"""deck builder great falls va""",Phrase match,Fairfax-Search-Search - Deck Leads - VA - May 2025,Deck Builders Near Me,Not eligible,campaign paused,,1,0,0.00%,USD,0,0.00, --, --, --, --,0,0.00%,0.00,0,0.00
Enabled,[trex deck builder leesburg],Exact match,loudoun decks,Deck Builder - Leesburg,Not eligible,campaign paused,,0,0, --,USD,0,0.00, --, --, --, --,0,0.00%,0.00,0,0.00
Enabled,"""deck contractor fairfax va""",Phrase match,Fairfax-Search-Search - Deck Leads - VA - May 2025,Deck Builders Near Me,Not eligible,campaign paused,,11,0,0.00%,USD,0,0.00, --, --, --, --,0,0.00%,0.00,0,0.00
Enabled,[composite deck builder potomac falls],Exact match,loudoun decks,Deck Builder - Potomac Falls,Not eligible,rarely served; campaign paused,,0,0, --,USD,0,0.00, --, --, --, --,0,0.00%,0.00,0,0.00
Enabled,"""trex deck potomac falls""",Phrase match,loudoun decks,Deck Builder - Potomac Falls,Not eligible,rarely served; campaign paused,,0,0, --,USD,0,0.00, --, --, --, --,0,0.00%,0.00,0,0.00
Enabled,"""custom deck leesburg""",Phrase match,loudoun decks,Deck Builder - Leesburg,Not eligible,rarely served; campaign paused,,0,0, --,USD,0,0.00, --, --, --, --,0,0.00%,0.00,0,0.00
Paused,"""deck repair near me""",Phrase match,Fairfax-Search-Search - Deck Leads - VA - May 2025,Deck Builders Near Me,Paused,paused; campaign paused,,0,0, --,USD,0,0.00, --, --, --, --,0,0.00%,0.00,0,0.00
Enabled,[deck builder fairfax va],Exact match,Fairfax-Search-Search - Deck Leads - VA - May 2025,Deck Builders Near Me,Not eligible,campaign paused,,142,5,3.52%,USD,10.15,50.76,5,Below average,Average,Above average,5,20.00%,1.00,10.15,50.76
Enabled,[deck builders near me],Exact match,loudoun decks,Deck Builder - Sterling,Not eligible,campaign paused,,2,0,0.00%,USD,0,0.00, --, --, --, --,0,0.00%,0.00,0,0.00
Enabled,"""deck builder fairfax""",Phrase match,Fairfax-Search-Search - Deck Leads - VA - May 2025,Deck Builders Near Me,Not eligible,campaign paused,,39,4,10.26%,USD,7.65,30.58,4,Below average,Average,Average,4,0.00%,0.00,7.65,0.00
Enabled,[composite deck builder sterling],Exact match,loudoun decks,Deck Builder - Sterling,Not eligible,rarely served; campaign paused,,0,0, --,USD,0,0.00, --, --, --, --,0,0.00%,0.00,0,0.00
Enabled,"""custom deck builders near me""",Phrase match,Fairfax-Search-Search - Deck Leads - VA - May 2025,Deck Builders Near Me,Not eligible,campaign paused,,0,0, --,USD,0,0.00, --, --, --, --,0,0.00%,0.00,0,0.00
Paused,"""deck and patio contractors near me""",Phrase match,Fairfax-Search-Search - Deck Leads - VA - May 2025,Deck Builders Near Me,Paused,paused; campaign paused,,0,0, --,USD,0,0.00, --, --, --, --,0,0.00%,0.00,0,0.00
Enabled,[deck builder loudoun county],Exact match,Fairfax-Search-Search - Deck Leads - VA - May 2025,Deck Builders Near Me,Not eligible,campaign paused,,0,0, --,USD,0,0.00, --, --, --, --,0,0.00%,0.00,0,0.00
Paused,[deck repair near me],Exact match,Fairfax-Search-Search - Deck Leads - VA - May 2025,Deck Builders Near Me,Paused,paused; campaign paused,,0,0, --,USD,0,0.00, --, --, --, --,0,0.00%,0.00,0,0.00
Enabled,"""deck builder mclean va""",Phrase match,Fairfax-Search-Search - Deck Leads - VA - May 2025,Deck Builders Near Me,Not eligible,campaign paused,,0,0, --,USD,0,0.00, --, --, --, --,0,0.00%,0.00,0,0.00
Enabled,"""deck builder springfield va""",Phrase match,Fairfax-Search-Search - Deck Leads - VA - May 2025,Deck Builders Near Me,Not eligible,low quality; campaign paused,,1,0,0.00%,USD,0,0.00,2,Below average,Below average,Average,0,0.00%,0.00,0,0.00
Paused,[deck and screened porch contractors near me],Exact match,Fairfax-Search-Search - Deck Leads - VA - May 2025,Deck Builders Near Me,Paused,paused; campaign paused,,0,0, --,USD,0,0.00, --, --, --, --,0,0.00%,0.00,0,0.00
Paused,"""deck restoration near me""",Phrase match,Fairfax-Search-Search - Deck Leads - VA - May 2025,Deck Builders Near Me,Paused,paused; campaign paused,,0,0, --,USD,0,0.00, --, --, --, --,0,0.00%,0.00,0,0.00
Enabled,"""deck replacement leesburg""",Phrase match,loudoun decks,Deck Builder - Leesburg,Not eligible,campaign paused,,0,0, --,USD,0,0.00, --, --, --, --,0,0.00%,0.00,0,0.00
Enabled,"""deck builder sterling""",Phrase match,loudoun decks,Deck Builder - Sterling,Not eligible,campaign paused,,0,0, --,USD,0,0.00, --, --, --, --,0,0.00%,0.00,0,0.00
Paused,"""custom deck sterling""",Phrase match,loudoun decks,Deck Builder - Sterling,Paused,paused; rarely served; campaign paused,,0,0, --,USD,0,0.00, --, --, --, --,0,0.00%,0.00,0,0.00
Enabled,"""deck builder vienna va""",Phrase match,Fairfax-Search-Search - Deck Leads - VA - May 2025,Deck Builders Near Me,Not eligible,campaign paused,,11,2,18.18%,USD,11.28,22.56,3,Below average,Average,Below average,2,0.00%,0.00,11.28,0.00
Enabled,"""deck contractor leesburg""",Phrase match,loudoun decks,Deck Builder - Leesburg,Not eligible,campaign paused,,0,0, --,USD,0,0.00, --, --, --, --,0,0.00%,0.00,0,0.00
Enabled,"""best deck builders near me""",Phrase match,Fairfax-Search-Search - Deck Leads - VA - May 2025,Deck Builders Near Me,Not eligible,campaign paused,,2,0,0.00%,USD,0,0.00, --, --, --, --,0,0.00%,0.00,0,0.00
Enabled,[deck builder near me],Exact match,Fairfax-Search-Search - Deck Leads - VA - May 2025,Deck Builders Near Me,Not eligible,campaign paused,,112,2,1.79%,USD,7.42,14.83,3,Below average,Average,Below average,2,0.00%,0.00,7.42,0.00
Enabled,[deck contractor potomac falls],Exact match,loudoun decks,Deck Builder - Potomac Falls,Not eligible,rarely served; campaign paused,,0,0, --,USD,0,0.00, --, --, --, --,0,0.00%,0.00,0,0.00
Enabled,[deck replacement potomac falls],Exact match,loudoun decks,Deck Builder - Potomac Falls,Not eligible,rarely served; campaign paused,,0,0, --,USD,0,0.00, --, --, --, --,0,0.00%,0.00,0,0.00
Paused,[backyard deck],Exact match,Fairfax-Search-Search - Deck Leads - VA - May 2025,Deck Builders Near Me,Paused,paused; low quality; campaign paused,,0,0, --,USD,0,0.00,1,Below average,Below average,Below average,0,0.00%,0.00,0,0.00
Paused,[decks and patios],Exact match,Fairfax-Search-Search - Deck Leads - VA - May 2025,Deck Builders Near Me,Paused,paused; campaign paused,,0,0, --,USD,0,0.00,3,Below average,Average,Below average,0,0.00%,0.00,0,0.00
Enabled,[deck replacement fairfax],Exact match,Fairfax-Search-Search - Deck Leads - VA - May 2025,Deck Builders Near Me,Not eligible,campaign paused,,0,0, --,USD,0,0.00, --, --, --, --,0,0.00%,0.00,0,0.00
Enabled,[deck company sterling va],Exact match,loudoun decks,Deck Builder - Sterling,Not eligible,campaign paused,,0,0, --,USD,0,0.00, --, --, --, --,0,0.00%,0.00,0,0.00
Enabled,"""deck contractor burke va""",Phrase match,Fairfax-Search-Search - Deck Leads - VA - May 2025,Deck Builders Near Me,Not eligible,rarely served; campaign paused,,0,0, --,USD,0,0.00, --, --, --, --,0,0.00%,0.00,0,0.00
Enabled,[composite deck builder leesburg],Exact match,loudoun decks,Deck Builder - Leesburg,Not eligible,rarely served; campaign paused,,0,0, --,USD,0,0.00, --, --, --, --,0,0.00%,0.00,0,0.00
Paused,"""deck refinishing near me""",Phrase match,Fairfax-Search-Search - Deck Leads - VA - May 2025,Deck Builders Near Me,Paused,paused; campaign paused,,0,0, --,USD,0,0.00, --, --, --, --,0,0.00%,0.00,0,0.00
Enabled,"""deck builders potomac falls""",Phrase match,loudoun decks,Deck Builder - Potomac Falls,Not eligible,rarely served; campaign paused,,0,0, --,USD,0,0.00, --, --, --, --,0,0.00%,0.00,0,0.00
Enabled,"""composite deck leesburg""",Phrase match,loudoun decks,Deck Builder - Leesburg,Not eligible,rarely served; campaign paused,,0,0, --,USD,0,0.00, --, --, --, --,0,0.00%,0.00,0,0.00
Enabled,"""deck contractors northern virginia""",Phrase match,Fairfax-Search-Search - Deck Leads - VA - May 2025,Deck Builders Near Me,Not eligible,campaign paused,,0,0, --,USD,0,0.00, --, --, --, --,0,0.00%,0.00,0,0.00
Paused,[deck and patio contractors near me],Exact match,Fairfax-Search-Search - Deck Leads - VA - May 2025,Deck Builders Near Me,Paused,paused; campaign paused,,0,0, --,USD,0,0.00, --, --, --, --,0,0.00%,0.00,0,0.00
Enabled,"""deck repair sterling""",Phrase match,loudoun decks,Deck Builder - Sterling,Not eligible,campaign paused,,0,0, --,USD,0,0.00, --, --, --, --,0,0.00%,0.00,0,0.00
Enabled,[custom deck builder stone ridge],Exact match,loudoun decks,Deck Builder - Stone Ridge,Not eligible,rarely served; campaign paused,,0,0, --,USD,0,0.00, --, --, --, --,0,0.00%,0.00,0,0.00
Enabled,"""deck replacement stone ridge""",Phrase match,loudoun decks,Deck Builder - Stone Ridge,Not eligible,rarely served; campaign paused,,0,0, --,USD,0,0.00, --, --, --, --,0,0.00%,0.00,0,0.00
Enabled,[trex deck builder stone ridge],Exact match,loudoun decks,Deck Builder - Stone Ridge,Not eligible,rarely served; campaign paused,,0,0, --,USD,0,0.00, --, --, --, --,0,0.00%,0.00,0,0.00
Enabled,[deck builder stone ridge],Exact match,loudoun decks,Deck Builder - Stone Ridge,Not eligible,campaign paused,,0,0, --,USD,0,0.00, --, --, --, --,0,0.00%,0.00,0,0.00
Enabled,"""trex deck stone ridge""",Phrase match,loudoun decks,Deck Builder - Stone Ridge,Not eligible,rarely served; campaign paused,,0,0, --,USD,0,0.00, --, --, --, --,0,0.00%,0.00,0,0.00
Enabled,[deck builder near me],Exact match,loudoun decks,Deck Builder - Stone Ridge,Not eligible,campaign paused,,16,1,6.25%,USD,15.51,15.51,5,Below average,Above average,Below average,1,0.00%,0.00,15.51,0.00
Enabled,"""composite deck stone ridge""",Phrase match,loudoun decks,Deck Builder - Stone Ridge,Not eligible,rarely served; campaign paused,,0,0, --,USD,0,0.00, --, --, --, --,0,0.00%,0.00,0,0.00
Enabled,"""deck builder stone ridge""",Phrase match,loudoun decks,Deck Builder - Stone Ridge,Not eligible,campaign paused,,0,0, --,USD,0,0.00, --, --, --, --,0,0.00%,0.00,0,0.00
Enabled,"""deck contractor stone ridge""",Phrase match,loudoun decks,Deck Builder - Stone Ridge,Not eligible,rarely served; campaign paused,,0,0, --,USD,0,0.00, --, --, --, --,0,0.00%,0.00,0,0.00
Enabled,"""deck company stone ridge""",Phrase match,loudoun decks,Deck Builder - Stone Ridge,Not eligible,rarely served; campaign paused,,0,0, --,USD,0,0.00, --, --, --, --,0,0.00%,0.00,0,0.00
Enabled,[deck installation stone ridge va],Exact match,loudoun decks,Deck Builder - Stone Ridge,Not eligible,rarely served; campaign paused,,0,0, --,USD,0,0.00, --, --, --, --,0,0.00%,0.00,0,0.00
Enabled,[deck company stone ridge va],Exact match,loudoun decks,Deck Builder - Stone Ridge,Not eligible,rarely served; campaign paused,,0,0, --,USD,0,0.00, --, --, --, --,0,0.00%,0.00,0,0.00
Enabled,[deck contractor stone ridge va],Exact match,loudoun decks,Deck Builder - Stone Ridge,Not eligible,campaign paused,,0,0, --,USD,0,0.00, --, --, --, --,0,0.00%,0.00,0,0.00
Enabled,[deck builders stone ridge va],Exact match,loudoun decks,Deck Builder - Stone Ridge,Not eligible,rarely served; campaign paused,,0,0, --,USD,0,0.00, --, --, --, --,0,0.00%,0.00,0,0.00
Enabled,[deck company stone ridge],Exact match,loudoun decks,Deck Builder - Stone Ridge,Not eligible,rarely served; campaign paused,,0,0, --,USD,0,0.00, --, --, --, --,0,0.00%,0.00,0,0.00
Enabled,"""deck installation stone ridge""",Phrase match,loudoun decks,Deck Builder - Stone Ridge,Not eligible,rarely served; campaign paused,,0,0, --,USD,0,0.00, --, --, --, --,0,0.00%,0.00,0,0.00
Enabled,[deck resurfacing stone ridge],Exact match,loudoun decks,Deck Builder - Stone Ridge,Not eligible,rarely served; campaign paused,,0,0, --,USD,0,0.00, --, --, --, --,0,0.00%,0.00,0,0.00
Enabled,"""deck builders stone ridge""",Phrase match,loudoun decks,Deck Builder - Stone Ridge,Not eligible,rarely served; campaign paused,,0,0, --,USD,0,0.00, --, --, --, --,0,0.00%,0.00,0,0.00
Enabled,[composite deck builder stone ridge],Exact match,loudoun decks,Deck Builder - Stone Ridge,Not eligible,rarely served; campaign paused,,0,0, --,USD,0,0.00, --, --, --, --,0,0.00%,0.00,0,0.00
Enabled,"""custom deck stone ridge""",Phrase match,loudoun decks,Deck Builder - Stone Ridge,Not eligible,rarely served; campaign paused,,0,0, --,USD,0,0.00, --, --, --, --,0,0.00%,0.00,0,0.00
Enabled,[deck replacement stone ridge],Exact match,loudoun decks,Deck Builder - Stone Ridge,Not eligible,rarely served; campaign paused,,0,0, --,USD,0,0.00, --, --, --, --,0,0.00%,0.00,0,0.00
Enabled,"""composite decking contractor near me""",Phrase match,Fairfax-Search-Search - Deck Leads - VA - May 2025,Composite Decking,Not eligible,campaign paused,,0,0, --,USD,0,0.00, --, --, --, --,0,0.00%,0.00,0,0.00
Paused,[deck installation company],Exact match,Fairfax-Search-Search - Deck Leads - VA - May 2025,Composite Decking,Paused,paused; campaign paused,,0,0, --,USD,0,0.00, --, --, --, --,0,0.00%,0.00,0,0.00
Enabled,[premium deck builder],Exact match,Fairfax-Search-Search - Deck Leads - VA - May 2025,Composite Decking,Not eligible,campaign paused,,0,0, --,USD,0,0.00, --, --, --, --,0,0.00%,0.00,0,0.00
Enabled,[deck contractors virginia],Exact match,Fairfax-Search-Search - Deck Leads - VA - May 2025,Composite Decking,Not eligible,campaign paused,,0,0, --,USD,0,0.00, --, --, --, --,0,0.00%,0.00,0,0.00
Enabled,[trex deck contractor],Exact match,Fairfax-Search-Search - Deck Leads - VA - May 2025,Composite Decking,Not eligible,campaign paused,,0,0, --,USD,0,0.00, --, --, --, --,0,0.00%,0.00,0,0.00
Enabled,[deck companies northern va],Exact match,Fairfax-Search-Search - Deck Leads - VA - May 2025,Composite Decking,Not eligible,campaign paused,,0,0, --,USD,0,0.00,4,Below average,Average,Average,0,0.00%,0.00,0,0.00
Enabled,"""trex deck builder near me""",Phrase match,Fairfax-Search-Search - Deck Leads - VA - May 2025,Composite Decking,Not eligible,campaign paused,,0,0, --,USD,0,0.00, --, --, --, --,0,0.00%,0.00,0,0.00
Enabled,"""composite deck installation fairfax""",Phrase match,Fairfax-Search-Search - Deck Leads - VA - May 2025,Composite Decking,Not eligible,rarely served; campaign paused,,0,0, --,USD,0,0.00, --, --, --, --,0,0.00%,0.00,0,0.00
Enabled,[trex deck builder fairfax],Exact match,Fairfax-Search-Search - Deck Leads - VA - May 2025,Composite Decking,Not eligible,campaign paused,,0,0, --,USD,0,0.00, --, --, --, --,0,0.00%,0.00,0,0.00
Enabled,[composite deck designs],Exact match,Fairfax-Search-Search - Deck Leads - VA - May 2025,Composite Decking,Not eligible,campaign paused,,0,0, --,USD,0,0.00, --, --, --, --,0,0.00%,0.00,0,0.00
Enabled,"""trex deck builder loudoun county""",Phrase match,Fairfax-Search-Search - Deck Leads - VA - May 2025,Composite Decking,Not eligible,rarely served; campaign paused,,0,0, --,USD,0,0.00, --, --, --, --,0,0.00%,0.00,0,0.00
Enabled,"""trex decking fairfax""",Phrase match,Fairfax-Search-Search - Deck Leads - VA - May 2025,Composite Decking,Not eligible,rarely served; campaign paused,,0,0, --,USD,0,0.00, --, --, --, --,0,0.00%,0.00,0,0.00
Enabled,[composite deck builder loudoun],Exact match,Fairfax-Search-Search - Deck Leads - VA - May 2025,Composite Decking,Not eligible,rarely served; campaign paused,,0,0, --,USD,0,0.00, --, --, --, --,0,0.00%,0.00,0,0.00
Enabled,[composite deck builder fairfax],Exact match,Fairfax-Search-Search - Deck Leads - VA - May 2025,Composite Decking,Not eligible,rarely served; campaign paused,,0,0, --,USD,0,0.00, --, --, --, --,0,0.00%,0.00,0,0.00
Enabled,[composite deck contractors],Exact match,Fairfax-Search-Search - Deck Leads - VA - May 2025,Composite Decking,Not eligible,campaign paused,,0,0, --,USD,0,0.00, --, --, --, --,0,0.00%,0.00,0,0.00
Enabled,"""composite deck builder near me""",Phrase match,Fairfax-Search-Search - Deck Leads - VA - May 2025,Composite Decking,Not eligible,campaign paused,,0,0, --,USD,0,0.00, --, --, --, --,0,0.00%,0.00,0,0.00
Enabled,[composite deck builders near me],Exact match,Fairfax-Search-Search - Deck Leads - VA - May 2025,Composite Decking,Not eligible,campaign paused,,0,0, --,USD,0,0.00, --, --, --, --,0,0.00%,0.00,0,0.00
Enabled,[composite decking fairfax],Exact match,Fairfax-Search-Search - Deck Leads - VA - May 2025,Composite Decking,Not eligible,campaign paused,,0,0, --,USD,0,0.00, --, --, --, --,0,0.00%,0.00,0,0.00
Enabled,"""composite deck installation near me""",Phrase match,Fairfax-Search-Search - Deck Leads - VA - May 2025,Composite Decking,Not eligible,campaign paused,,0,0, --,USD,0,0.00, --, --, --, --,0,0.00%,0.00,0,0.00
Enabled,[trex deck builder loudoun],Exact match,Fairfax-Search-Search - Deck Leads - VA - May 2025,Composite Decking,Not eligible,rarely served; campaign paused,,0,0, --,USD,0,0.00, --, --, --, --,0,0.00%,0.00,0,0.00
Enabled,[build a deck near me],Exact match,Fairfax-Search-Search - Deck Leads - VA - May 2025,Composite Decking,Not eligible,campaign paused,,29,0,0.00%,USD,0,0.00, --, --, --, --,0,0.00%,0.00,0,0.00
Enabled,[trex deck builder near me],Exact match,Fairfax-Search-Search - Deck Leads - VA - May 2025,Composite Decking,Not eligible,campaign paused,,0,0, --,USD,0,0.00, --, --, --, --,0,0.00%,0.00,0,0.00
Enabled,"""deck company ashburn""",Phrase match,loudoun decks,Deck Builder - Ashburn,Not eligible,campaign paused,,0,0, --,USD,0,0.00, --, --, --, --,0,0.00%,0.00,0,0.00
Paused,[a deck company],Exact match,loudoun decks,Loudoun Decks,Paused,paused; campaign paused,,0,0, --,USD,0,0.00, --, --, --, --,0,0.00%,0.00,0,0.00
Enabled,[concrete deck resurfacing],Exact match,loudoun decks,Loudoun Decks,Not eligible,campaign paused,,0,0, --,USD,0,0.00,4,Average,Below average,Average,0,0.00%,0.00,0,0.00
Paused,[outdoor deck resurfacing],Exact match,loudoun decks,Loudoun Decks,Paused,paused; campaign paused,,0,0, --,USD,0,0.00, --, --, --, --,0,0.00%,0.00,0,0.00
Paused,[deck refinishing near me],Exact match,loudoun decks,Loudoun Decks,Paused,paused; campaign paused,,0,0, --,USD,0,0.00,4,Below average,Average,Average,0,0.00%,0.00,0,0.00
Enabled,[composite deck builder],Exact match,loudoun decks,Loudoun Decks,Not eligible,campaign paused,,0,0, --,USD,0,0.00, --, --, --, --,0,0.00%,0.00,0,0.00
Paused,[pool deck resurfacing near me],Exact match,loudoun decks,Loudoun Decks,Paused,paused; campaign paused,,0,0, --,USD,0,0.00, --, --, --, --,0,0.00%,0.00,0,0.00
Enabled,[outdoor deck builders near me],Exact match,loudoun decks,Loudoun Decks,Not eligible,campaign paused,,0,0, --,USD,0,0.00, --, --, --, --,0,0.00%,0.00,0,0.00
Enabled,"""deck builders ashburn""",Phrase match,loudoun decks,Deck Builder - Ashburn,Not eligible,campaign paused,,0,0, --,USD,0,0.00, --, --, --, --,0,0.00%,0.00,0,0.00
Enabled,[custom deck builder],Exact match,loudoun decks,Loudoun Decks,Not eligible,campaign paused,,70,1,1.43%,USD,18.08,18.08,3,Below average,Average,Below average,1,0.00%,0.00,18.08,0.00
Paused,[pool deck refinishing near me],Exact match,loudoun decks,Loudoun Decks,Paused,paused; campaign paused,,0,0, --,USD,0,0.00, --, --, --, --,0,0.00%,0.00,0,0.00
Enabled,[deck builder loudoun],Exact match,loudoun decks,Loudoun Decks,Not eligible,campaign paused,,2,0,0.00%,USD,0,0.00, --, --, --, --,0,0.00%,0.00,0,0.00
Paused,[outdoor deck companies near me],Exact match,loudoun decks,Loudoun Decks,Paused,paused; campaign paused,,0,0, --,USD,0,0.00, --, --, --, --,0,0.00%,0.00,0,0.00
Enabled,[deck contractor ashburn va],Exact match,loudoun decks,Deck Builder - Ashburn,Not eligible,campaign paused,,0,0, --,USD,0,0.00, --, --, --, --,0,0.00%,0.00,0,0.00
Enabled,[composite deck builder round hill],Exact match,loudoun decks,Deck Builder - Round Hill,Not eligible,rarely served; campaign paused,,0,0, --,USD,0,0.00, --, --, --, --,0,0.00%,0.00,0,0.00
Enabled,[companies that build porches],Exact match,loudoun decks,Loudoun Decks,Not eligible,campaign paused,,0,0, --,USD,0,0.00, --, --, --, --,0,0.00%,0.00,0,0.00
Enabled,[deck installation ashburn va],Exact match,loudoun decks,Deck Builder - Ashburn,Not eligible,campaign paused,,0,0, --,USD,0,0.00, --, --, --, --,0,0.00%,0.00,0,0.00
Paused,[pool deck resurfacing companies near me],Exact match,loudoun decks,Loudoun Decks,Paused,paused; campaign paused,,0,0, --,USD,0,0.00, --, --, --, --,0,0.00%,0.00,0,0.00
Enabled,[composite deck builder ashburn],Exact match,loudoun decks,Deck Builder - Ashburn,Not eligible,campaign paused,,0,0, --,USD,0,0.00, --, --, --, --,0,0.00%,0.00,0,0.00
Enabled,[deck contractor round hill va],Exact match,loudoun decks,Deck Builder - Round Hill,Not eligible,campaign paused,,1,0,0.00%,USD,0,0.00, --, --, --, --,0,0.00%,0.00,0,0.00
Paused,[we build decks],Exact match,loudoun decks,Loudoun Decks,Paused,paused; campaign paused,,0,0, --,USD,0,0.00, --, --, --, --,0,0.00%,0.00,0,0.00
Enabled,[custom decks near me],Exact match,loudoun decks,Loudoun Decks,Not eligible,campaign paused,,0,0, --,USD,0,0.00,6,Below average,Above average,Average,0,0.00%,0.00,0,0.00
Paused,[custom decks],Exact match,loudoun decks,Loudoun Decks,Paused,paused; low quality; campaign paused,,0,0, --,USD,0,0.00,1,Below average,Below average,Below average,0,0.00%,0.00,0,0.00
Paused,[concrete pool deck repair near me],Exact match,loudoun decks,Loudoun Decks,Paused,paused; campaign paused,,0,0, --,USD,0,0.00, --, --, --, --,0,0.00%,0.00,0,0.00
Enabled,"""composite deck ashburn""",Phrase match,loudoun decks,Deck Builder - Ashburn,Not eligible,campaign paused,,0,0, --,USD,0,0.00, --, --, --, --,0,0.00%,0.00,0,0.00
Enabled,[deck company round hill],Exact match,loudoun decks,Deck Builder - Round Hill,Not eligible,rarely served; campaign paused,,0,0, --,USD,0,0.00, --, --, --, --,0,0.00%,0.00,0,0.00
Enabled,[deck and patio contractors near me],Exact match,Fairfax-Search-Search - Deck Leads - VA - May 2025,Deck + Patio / Outdoor Living,Not eligible,campaign paused,,73,6,8.22%,USD,2.63,15.75, --, --, --, --,6,0.00%,0.00,2.63,0.00
Enabled,[best deck builders near me],Exact match,loudoun decks,Loudoun Decks,Not eligible,campaign paused,,2,0,0.00%,USD,0,0.00,3,Below average,Average,Below average,0,0.00%,0.00,0,0.00
Paused,[pool concrete resurfacing],Exact match,loudoun decks,Loudoun Decks,Paused,paused; campaign paused,,0,0, --,USD,0,0.00, --, --, --, --,0,0.00%,0.00,0,0.00
Enabled,"""deck replacement round hill""",Phrase match,loudoun decks,Deck Builder - Round Hill,Not eligible,rarely served; campaign paused,,0,0, --,USD,0,0.00, --, --, --, --,0,0.00%,0.00,0,0.00
Enabled,[custom deck builder ashburn],Exact match,loudoun decks,Deck Builder - Ashburn,Not eligible,campaign paused,,0,0, --,USD,0,0.00, --, --, --, --,0,0.00%,0.00,0,0.00
Enabled,"""deck and porch builders""",Phrase match,Fairfax-Search-Search - Deck Leads - VA - May 2025,Deck + Patio / Outdoor Living,Not eligible,campaign paused,,108,5,4.63%,USD,9.63,48.16, --, --, --, --,5,0.00%,0.00,9.63,0.00
Enabled,[best deck contractors near me],Exact match,loudoun decks,Loudoun Decks,Not eligible,low quality; campaign paused,,1,0,0.00%,USD,0,0.00,1,Below average,Below average,Below average,0,0.00%,0.00,0,0.00
Enabled,"""trex deck ashburn""",Phrase match,loudoun decks,Deck Builder - Ashburn,Not eligible,campaign paused,,0,0, --,USD,0,0.00, --, --, --, --,0,0.00%,0.00,0,0.00
Enabled,"""custom deck round hill""",Phrase match,loudoun decks,Deck Builder - Round Hill,Not eligible,rarely served; campaign paused,,0,0, --,USD,0,0.00, --, --, --, --,0,0.00%,0.00,0,0.00
Enabled,[deck and porch builders near me],Exact match,Fairfax-Search-Search - Deck Leads - VA - May 2025,Deck + Patio / Outdoor Living,Not eligible,campaign paused,,0,0, --,USD,0,0.00, --, --, --, --,0,0.00%,0.00,0,0.00
Paused,[the decking company],Exact match,loudoun decks,Loudoun Decks,Paused,paused; campaign paused,,0,0, --,USD,0,0.00, --, --, --, --,0,0.00%,0.00,0,0.00
Enabled,"""deck building company near me""",Phrase match,loudoun decks,Loudoun Decks,Not eligible,campaign paused,,0,0, --,USD,0,0.00, --, --, --, --,0,0.00%,0.00,0,0.00
Enabled,[wood deck contractors near me],Exact match,loudoun decks,Loudoun Decks,Not eligible,campaign paused,,0,0, --,USD,0,0.00, --, --, --, --,0,0.00%,0.00,0,0.00
Enabled,[covered deck contractors],Exact match,loudoun decks,Loudoun Decks,Not eligible,campaign paused,,0,0, --,USD,0,0.00, --, --, --, --,0,0.00%,0.00,0,0.00
Paused,[deck finishing companies],Exact match,loudoun decks,Loudoun Decks,Paused,paused; campaign paused,,0,0, --,USD,0,0.00, --, --, --, --,0,0.00%,0.00,0,0.00
Enabled,[deck installation round hill va],Exact match,loudoun decks,Deck Builder - Round Hill,Not eligible,campaign paused,,0,0, --,USD,0,0.00, --, --, --, --,0,0.00%,0.00,0,0.00
Enabled,"""deck installation ashburn""",Phrase match,loudoun decks,Deck Builder - Ashburn,Not eligible,campaign paused,,0,0, --,USD,0,0.00, --, --, --, --,0,0.00%,0.00,0,0.00
Paused,"""deck builder""",Phrase match,loudoun decks,Loudoun Decks,Paused,paused; low quality; campaign paused,,0,0, --,USD,0,0.00,2,Below average,Below average,Average,0,0.00%,0.00,0,0.00
Enabled,[deck company round hill va],Exact match,loudoun decks,Deck Builder - Round Hill,Not eligible,rarely served; campaign paused,,0,0, --,USD,0,0.00, --, --, --, --,0,0.00%,0.00,0,0.00
Enabled,[trex deck contractor near me],Exact match,loudoun decks,Loudoun Decks,Not eligible,campaign paused,,0,0, --,USD,0,0.00, --, --, --, --,0,0.00%,0.00,0,0.00
Enabled,"""trex deck round hill""",Phrase match,loudoun decks,Deck Builder - Round Hill,Not eligible,campaign paused,,0,0, --,USD,0,0.00, --, --, --, --,0,0.00%,0.00,0,0.00
Enabled,[deck resurfacing companies],Exact match,loudoun decks,Loudoun Decks,Not eligible,campaign paused,,0,0, --,USD,0,0.00, --, --, --, --,0,0.00%,0.00,0,0.00
Enabled,"""deck replacement ashburn""",Phrase match,loudoun decks,Deck Builder - Ashburn,Not eligible,campaign paused,,0,0, --,USD,0,0.00, --, --, --, --,0,0.00%,0.00,0,0.00
Enabled,[deck building companies near me],Exact match,loudoun decks,Loudoun Decks,Not eligible,campaign paused,,6,1,16.67%,USD,3.08,3.08,5,Below average,Above average,Below average,1,0.00%,0.00,3.08,0.00
Enabled,[local deck contractor],Exact match,loudoun decks,Loudoun Decks,Not eligible,campaign paused,,0,0, --,USD,0,0.00, --, --, --, --,0,0.00%,0.00,0,0.00
Enabled,[deck builder near me],Exact match,loudoun decks,Deck Builder - Ashburn,Not eligible,campaign paused,,1,0,0.00%,USD,0,0.00, --, --, --, --,0,0.00%,0.00,0,0.00
Enabled,[deck builders round hill va],Exact match,loudoun decks,Deck Builder - Round Hill,Not eligible,campaign paused,,0,0, --,USD,0,0.00, --, --, --, --,0,0.00%,0.00,0,0.00
Enabled,"""deck builders round hill""",Phrase match,loudoun decks,Deck Builder - Round Hill,Not eligible,campaign paused,,0,0, --,USD,0,0.00, --, --, --, --,0,0.00%,0.00,0,0.00
Enabled,[deck guys near me],Exact match,loudoun decks,Loudoun Decks,Not eligible,campaign paused,,0,0, --,USD,0,0.00, --, --, --, --,0,0.00%,0.00,0,0.00
Paused,[wood deck refinishing near me],Exact match,loudoun decks,Loudoun Decks,Paused,paused; campaign paused,,0,0, --,USD,0,0.00, --, --, --, --,0,0.00%,0.00,0,0.00
Enabled,[composite deck contractors near me],Exact match,loudoun decks,Loudoun Decks,Not eligible,campaign paused,,0,0, --,USD,0,0.00, --, --, --, --,0,0.00%,0.00,0,0.00
Paused,[concrete pool deck resurfacing near me],Exact match,loudoun decks,Loudoun Decks,Paused,paused; campaign paused,,0,0, --,USD,0,0.00, --, --, --, --,0,0.00%,0.00,0,0.00
Enabled,[patio deck company near me],Exact match,loudoun decks,Loudoun Decks,Not eligible,campaign paused,,0,0, --,USD,0,0.00, --, --, --, --,0,0.00%,0.00,0,0.00
Enabled,[deck builders near me],Exact match,loudoun decks,Deck Builder - Round Hill,Not eligible,campaign paused,,55,2,3.64%,USD,17.84,35.68,4,Below average,Average,Average,2,0.00%,0.00,17.84,0.00
Enabled,[deck and screened porch contractors],Exact match,Fairfax-Search-Search - Deck Leads - VA - May 2025,Deck + Patio / Outdoor Living,Not eligible,campaign paused,,0,0, --,USD,0,0.00, --, --, --, --,0,0.00%,0.00,0,0.00
Enabled,"""deck contractor round hill""",Phrase match,loudoun decks,Deck Builder - Round Hill,Not eligible,rarely served; campaign paused,,0,0, --,USD,0,0.00, --, --, --, --,0,0.00%,0.00,0,0.00
Enabled,[deck companies near me],Exact match,loudoun decks,Loudoun Decks,Not eligible,campaign paused,,11,0,0.00%,USD,0,0.00,3,Below average,Average,Below average,0,0.00%,0.00,0,0.00
Enabled,[deck building contractors near me],Exact match,loudoun decks,Loudoun Decks,Not eligible,campaign paused,,0,0, --,USD,0,0.00,3,Below average,Average,Below average,0,0.00%,0.00,0,0.00
Enabled,[custom deck builder round hill],Exact match,loudoun decks,Deck Builder - Round Hill,Not eligible,rarely served; campaign paused,,0,0, --,USD,0,0.00, --, --, --, --,0,0.00%,0.00,0,0.00
Enabled,"""deck contractor ashburn""",Phrase match,loudoun decks,Deck Builder - Ashburn,Not eligible,campaign paused,,0,0, --,USD,0,0.00, --, --, --, --,0,0.00%,0.00,0,0.00
Paused,[pool and deck resurfacing],Exact match,loudoun decks,Loudoun Decks,Paused,paused; campaign paused,,0,0, --,USD,0,0.00, --, --, --, --,0,0.00%,0.00,0,0.00
Enabled,[deck resurfacing round hill],Exact match,loudoun decks,Deck Builder - Round Hill,Not eligible,rarely served; campaign paused,,0,0, --,USD,0,0.00, --, --, --, --,0,0.00%,0.00,0,0.00
Enabled,[custom decks and patios],Exact match,loudoun decks,Loudoun Decks,Not eligible,campaign paused,,0,0, --,USD,0,0.00,3,Below average,Average,Below average,0,0.00%,0.00,0,0.00
Enabled,"""deck company round hill""",Phrase match,loudoun decks,Deck Builder - Round Hill,Not eligible,rarely served; campaign paused,,0,0, --,USD,0,0.00, --, --, --, --,0,0.00%,0.00,0,0.00
Paused,[deck refurbishing near me],Exact match,loudoun decks,Loudoun Decks,Paused,paused; campaign paused,,0,0, --,USD,0,0.00, --, --, --, --,0,0.00%,0.00,0,0.00
Enabled,"""custom deck ashburn""",Phrase match,loudoun decks,Deck Builder - Ashburn,Not eligible,campaign paused,,0,0, --,USD,0,0.00, --, --, --, --,0,0.00%,0.00,0,0.00
Enabled,"""deck builder near me""",Phrase match,loudoun decks,Loudoun Decks,Not eligible,low quality; campaign paused,,0,0, --,USD,0,0.00,2,Below average,Below average,Average,0,0.00%,0.00,0,0.00
Enabled,[trex deck builder round hill],Exact match,loudoun decks,Deck Builder - Round Hill,Not eligible,rarely served; campaign paused,,0,0, --,USD,0,0.00, --, --, --, --,0,0.00%,0.00,0,0.00
Enabled,[trex deck builder ashburn],Exact match,loudoun decks,Deck Builder - Ashburn,Not eligible,campaign paused,,0,0, --,USD,0,0.00, --, --, --, --,0,0.00%,0.00,0,0.00
Enabled,[deck builders ashburn va],Exact match,loudoun decks,Deck Builder - Ashburn,Not eligible,campaign paused,,0,0, --,USD,0,0.00, --, --, --, --,0,0.00%,0.00,0,0.00
Enabled,"""deck installation round hill""",Phrase match,loudoun decks,Deck Builder - Round Hill,Not eligible,rarely served; campaign paused,,0,0, --,USD,0,0.00, --, --, --, --,0,0.00%,0.00,0,0.00
Paused,[concrete pool deck repair companies near me],Exact match,loudoun decks,Loudoun Decks,Paused,paused; campaign paused,,0,0, --,USD,0,0.00, --, --, --, --,0,0.00%,0.00,0,0.00
Paused,[pool patio resurfacing],Exact match,loudoun decks,Loudoun Decks,Paused,paused; campaign paused,,0,0, --,USD,0,0.00, --, --, --, --,0,0.00%,0.00,0,0.00
Enabled,"""deck and patio builders""",Phrase match,Fairfax-Search-Search - Deck Leads - VA - May 2025,Deck + Patio / Outdoor Living,Not eligible,campaign paused,,55,1,1.82%,USD,11.04,11.04,4,Below average,Average,Average,1,100.00%,1.00,11.04,11.04
Enabled,[deck builder company],Exact match,loudoun decks,Loudoun Decks,Not eligible,low quality; campaign paused,,1,0,0.00%,USD,0,0.00,2,Below average,Below average,Average,0,0.00%,0.00,0,0.00
Enabled,[deck company ashburn va],Exact match,loudoun decks,Deck Builder - Ashburn,Not eligible,campaign paused,,0,0, --,USD,0,0.00, --, --, --, --,0,0.00%,0.00,0,0.00
Enabled,"""composite deck round hill""",Phrase match,loudoun decks,Deck Builder - Round Hill,Not eligible,rarely served; campaign paused,,0,0, --,USD,0,0.00, --, --, --, --,0,0.00%,0.00,0,0.00
Paused,[pool deck repair and resurfacing],Exact match,loudoun decks,Loudoun Decks,Paused,paused; campaign paused,,0,0, --,USD,0,0.00, --, --, --, --,0,0.00%,0.00,0,0.00
Enabled,[decks and patios],Exact match,Fairfax-Search-Search - Deck Leads - VA - May 2025,Deck + Patio / Outdoor Living,Not eligible,campaign paused,,326,6,1.84%,USD,4.91,29.48, --, --, --, --,6,16.67%,1.00,4.91,29.48
Enabled,"""composite deck lovettsville""",Phrase match,loudoun decks,Deck Builder - Lovettsville,Not eligible,rarely served; campaign paused,,0,0, --,USD,0,0.00, --, --, --, --,0,0.00%,0.00,0,0.00
Enabled,"""deck builders hamilton va""",Phrase match,loudoun decks,Deck Builder - Hamilton,Not eligible,campaign paused,,0,0, --,USD,0,0.00, --, --, --, --,0,0.00%,0.00,0,0.00
Enabled,[custom deck builder brambleton],Exact match,loudoun decks,Deck Builder - Brambleton,Not eligible,rarely served; campaign paused,,0,0, --,USD,0,0.00, --, --, --, --,0,0.00%,0.00,0,0.00
Enabled,[deck contractor brambleton va],Exact match,loudoun decks,Deck Builder - Brambleton,Not eligible,campaign paused,,0,0, --,USD,0,0.00, --, --, --, --,0,0.00%,0.00,0,0.00
Enabled,"""deck replacement south riding""",Phrase match,loudoun decks,Deck Builder - South Riding,Not eligible,campaign paused,,0,0, --,USD,0,0.00, --, --, --, --,0,0.00%,0.00,0,0.00
Enabled,[deck installation lovettsville va],Exact match,loudoun decks,Deck Builder - Lovettsville,Not eligible,rarely served; campaign paused,,0,0, --,USD,0,0.00, --, --, --, --,0,0.00%,0.00,0,0.00
Enabled,"""custom deck south riding""",Phrase match,loudoun decks,Deck Builder - South Riding,Not eligible,rarely served; campaign paused,,0,0, --,USD,0,0.00, --, --, --, --,0,0.00%,0.00,0,0.00
Enabled,[deck contractor lovettsville va],Exact match,loudoun decks,Deck Builder - Lovettsville,Not eligible,campaign paused,,4,1,25.00%,USD,7.87,7.87, --, --, --, --,1,0.00%,0.00,7.87,0.00
Enabled,"""deck builder brambleton""",Phrase match,loudoun decks,Deck Builder - Brambleton,Not eligible,campaign paused,,0,0, --,USD,0,0.00, --, --, --, --,0,0.00%,0.00,0,0.00
Enabled,"""custom deck brambleton""",Phrase match,loudoun decks,Deck Builder - Brambleton,Not eligible,rarely served; campaign paused,,0,0, --,USD,0,0.00, --, --, --, --,0,0.00%,0.00,0,0.00
Enabled,[deck contractor hamilton virginia],Exact match,loudoun decks,Deck Builder - Hamilton,Not eligible,rarely served; campaign paused,,0,0, --,USD,0,0.00, --, --, --, --,0,0.00%,0.00,0,0.00
Enabled,"""deck company brambleton""",Phrase match,loudoun decks,Deck Builder - Brambleton,Not eligible,campaign paused,,0,0, --,USD,0,0.00, --, --, --, --,0,0.00%,0.00,0,0.00
Enabled,custom patio builders,Broad match,loudoun decks,Deck Builder - Brambleton,Not eligible,campaign paused,,289,9,3.11%,USD,15.76,141.82, --, --, --, --,9,0.00%,0.00,15.76,0.00
Enabled,"""deck company lovettsville""",Phrase match,loudoun decks,Deck Builder - Lovettsville,Not eligible,rarely served; campaign paused,,0,0, --,USD,0,0.00, --, --, --, --,0,0.00%,0.00,0,0.00
Enabled,"""trex deck brambleton""",Phrase match,loudoun decks,Deck Builder - Brambleton,Not eligible,campaign paused,,0,0, --,USD,0,0.00, --, --, --, --,0,0.00%,0.00,0,0.00
Enabled,"""deck builders lovettsville""",Phrase match,loudoun decks,Deck Builder - Lovettsville,Not eligible,rarely served; campaign paused,,0,0, --,USD,0,0.00, --, --, --, --,0,0.00%,0.00,0,0.00
Enabled,[custom deck builder south riding],Exact match,loudoun decks,Deck Builder - South Riding,Not eligible,rarely served; campaign paused,,0,0, --,USD,0,0.00, --, --, --, --,0,0.00%,0.00,0,0.00
Enabled,[trex deck builder lovettsville],Exact match,loudoun decks,Deck Builder - Lovettsville,Not eligible,rarely served; campaign paused,,0,0, --,USD,0,0.00, --, --, --, --,0,0.00%,0.00,0,0.00
Enabled,"""deck company south riding""",Phrase match,loudoun decks,Deck Builder - South Riding,Not eligible,campaign paused,,0,0, --,USD,0,0.00, --, --, --, --,0,0.00%,0.00,0,0.00
Enabled,[deck company lovettsville],Exact match,loudoun decks,Deck Builder - Lovettsville,Not eligible,rarely served; campaign paused,,0,0, --,USD,0,0.00, --, --, --, --,0,0.00%,0.00,0,0.00
Enabled,"""deck installation brambleton""",Phrase match,loudoun decks,Deck Builder - Brambleton,Not eligible,campaign paused,,0,0, --,USD,0,0.00, --, --, --, --,0,0.00%,0.00,0,0.00
Enabled,"""deck contractor hamilton va""",Phrase match,loudoun decks,Deck Builder - Hamilton,Not eligible,campaign paused,,0,0, --,USD,0,0.00, --, --, --, --,0,0.00%,0.00,0,0.00
Enabled,"""deck installation hamilton va""",Phrase match,loudoun decks,Deck Builder - Hamilton,Not eligible,rarely served; campaign paused,,0,0, --,USD,0,0.00, --, --, --, --,0,0.00%,0.00,0,0.00
Enabled,"""deck contractor brambleton""",Phrase match,loudoun decks,Deck Builder - Brambleton,Not eligible,rarely served; campaign paused,,0,0, --,USD,0,0.00, --, --, --, --,0,0.00%,0.00,0,0.00
Enabled,"""deck contractor south riding""",Phrase match,loudoun decks,Deck Builder - South Riding,Not eligible,rarely served; campaign paused,,0,0, --,USD,0,0.00, --, --, --, --,0,0.00%,0.00,0,0.00
Enabled,outdoor stair construction,Broad match,loudoun decks,Deck Builder - Brambleton,Not eligible,campaign paused,,0,0, --,USD,0,0.00, --, --, --, --,0,0.00%,0.00,0,0.00
Enabled,"""trex deck lovettsville""",Phrase match,loudoun decks,Deck Builder - Lovettsville,Not eligible,rarely served; campaign paused,,0,0, --,USD,0,0.00, --, --, --, --,0,0.00%,0.00,0,0.00
Enabled,[deck installation south riding va],Exact match,loudoun decks,Deck Builder - South Riding,Not eligible,campaign paused,,0,0, --,USD,0,0.00, --, --, --, --,0,0.00%,0.00,0,0.00
Enabled,[deck builders lovettsville va],Exact match,loudoun decks,Deck Builder - Lovettsville,Not eligible,rarely served; campaign paused,,0,0, --,USD,0,0.00, --, --, --, --,0,0.00%,0.00,0,0.00
Enabled,"""trex deck south riding""",Phrase match,loudoun decks,Deck Builder - South Riding,Not eligible,rarely served; campaign paused,,0,0, --,USD,0,0.00, --, --, --, --,0,0.00%,0.00,0,0.00
Enabled,[composite deck builder brambleton],Exact match,loudoun decks,Deck Builder - Brambleton,Not eligible,rarely served; campaign paused,,0,0, --,USD,0,0.00, --, --, --, --,0,0.00%,0.00,0,0.00
Enabled,[custom deck builder hamilton va],Exact match,loudoun decks,Deck Builder - Hamilton,Not eligible,rarely served; campaign paused,,0,0, --,USD,0,0.00, --, --, --, --,0,0.00%,0.00,0,0.00
Enabled,"""composite deck south riding""",Phrase match,loudoun decks,Deck Builder - South Riding,Not eligible,rarely served; campaign paused,,0,0, --,USD,0,0.00, --, --, --, --,0,0.00%,0.00,0,0.00
Enabled,[deck company south riding va],Exact match,loudoun decks,Deck Builder - South Riding,Not eligible,rarely served; campaign paused,,0,0, --,USD,0,0.00, --, --, --, --,0,0.00%,0.00,0,0.00
Enabled,[deck builders brambleton va],Exact match,loudoun decks,Deck Builder - Brambleton,Not eligible,rarely served; campaign paused,,0,0, --,USD,0,0.00, --, --, --, --,0,0.00%,0.00,0,0.00
Enabled,[deck contractor brambleton],Exact match,loudoun decks,Deck Builder - Brambleton,Not eligible,rarely served; campaign paused,,0,0, --,USD,0,0.00, --, --, --, --,0,0.00%,0.00,0,0.00
Enabled,[trex deck builder hamilton va],Exact match,loudoun decks,Deck Builder - Hamilton,Not eligible,rarely served; campaign paused,,0,0, --,USD,0,0.00, --, --, --, --,0,0.00%,0.00,0,0.00
Enabled,[deck builders south riding va],Exact match,loudoun decks,Deck Builder - South Riding,Not eligible,campaign paused,,0,0, --,USD,0,0.00, --, --, --, --,0,0.00%,0.00,0,0.00
Enabled,"""deck builders south riding""",Phrase match,loudoun decks,Deck Builder - South Riding,Not eligible,rarely served; campaign paused,,0,0, --,USD,0,0.00, --, --, --, --,0,0.00%,0.00,0,0.00
Enabled,"""deck replacement hamilton va""",Phrase match,loudoun decks,Deck Builder - Hamilton,Not eligible,rarely served; campaign paused,,0,0, --,USD,0,0.00, --, --, --, --,0,0.00%,0.00,0,0.00
Enabled,[deck contractor near me],Exact match,loudoun decks,Deck Builder - Lovettsville,Not eligible,campaign paused,,13,1,7.69%,USD,7.35,7.35, --, --, --, --,1,0.00%,0.00,7.35,0.00
Enabled,[deck replacement hamilton va],Exact match,loudoun decks,Deck Builder - Hamilton,Not eligible,rarely served; campaign paused,,0,0, --,USD,0,0.00, --, --, --, --,0,0.00%,0.00,0,0.00
Enabled,[deck installation brambleton va],Exact match,loudoun decks,Deck Builder - Brambleton,Not eligible,campaign paused,,0,0, --,USD,0,0.00, --, --, --, --,0,0.00%,0.00,0,0.00
Enabled,"""deck builder lovettsville""",Phrase match,loudoun decks,Deck Builder - Lovettsville,Not eligible,campaign paused,,0,0, --,USD,0,0.00, --, --, --, --,0,0.00%,0.00,0,0.00
Enabled,"""composite deck brambleton""",Phrase match,loudoun decks,Deck Builder - Brambleton,Not eligible,rarely served; campaign paused,,0,0, --,USD,0,0.00, --, --, --, --,0,0.00%,0.00,0,0.00
Enabled,[deck resurfacing brambleton],Exact match,loudoun decks,Deck Builder - Brambleton,Not eligible,campaign paused,,0,0, --,USD,0,0.00, --, --, --, --,0,0.00%,0.00,0,0.00
Enabled,"""deck installation lovettsville""",Phrase match,loudoun decks,Deck Builder - Lovettsville,Not eligible,rarely served; campaign paused,,0,0, --,USD,0,0.00, --, --, --, --,0,0.00%,0.00,0,0.00
Enabled,decking solutions,Broad match,loudoun decks,Deck Builder - Brambleton,Not eligible,campaign paused,,514,15,2.92%,USD,5.73,86.02, --, --, --, --,15,0.00%,0.00,5.73,0.00
Enabled,"""composite deck hamilton va""",Phrase match,loudoun decks,Deck Builder - Hamilton,Not eligible,rarely served; campaign paused,,0,0, --,USD,0,0.00, --, --, --, --,0,0.00%,0.00,0,0.00
Enabled,[composite deck builder hamilton va],Exact match,loudoun decks,Deck Builder - Hamilton,Not eligible,rarely served; campaign paused,,0,0, --,USD,0,0.00, --, --, --, --,0,0.00%,0.00,0,0.00
Enabled,[deck builders near me],Exact match,loudoun decks,Deck Builder - Brambleton,Not eligible,campaign paused,,6,0,0.00%,USD,0,0.00,3,Below average,Average,Below average,0,0.00%,0.00,0,0.00
Enabled,[deck builder south riding],Exact match,loudoun decks,Deck Builder - South Riding,Not eligible,campaign paused,,0,0, --,USD,0,0.00, --, --, --, --,0,0.00%,0.00,0,0.00
Enabled,[deck builders near me],Exact match,loudoun decks,Deck Builder - South Riding,Not eligible,campaign paused,,204,7,3.43%,USD,5.51,38.54,3,Below average,Average,Below average,7,0.00%,0.00,5.51,0.00
Enabled,[trex deck builder south riding],Exact match,loudoun decks,Deck Builder - South Riding,Not eligible,campaign paused,,0,0, --,USD,0,0.00, --, --, --, --,0,0.00%,0.00,0,0.00
Enabled,[deck resurfacing south riding],Exact match,loudoun decks,Deck Builder - South Riding,Not eligible,campaign paused,,0,0, --,USD,0,0.00, --, --, --, --,0,0.00%,0.00,0,0.00
Enabled,[deck company brambleton va],Exact match,loudoun decks,Deck Builder - Brambleton,Not eligible,rarely served; campaign paused,,0,0, --,USD,0,0.00, --, --, --, --,0,0.00%,0.00,0,0.00
Enabled,[deck resurfacing lovettsville],Exact match,loudoun decks,Deck Builder - Lovettsville,Not eligible,rarely served; campaign paused,,0,0, --,USD,0,0.00, --, --, --, --,0,0.00%,0.00,0,0.00
Enabled,[deck company lovettsville va],Exact match,loudoun decks,Deck Builder - Lovettsville,Not eligible,rarely served; campaign paused,,0,0, --,USD,0,0.00, --, --, --, --,0,0.00%,0.00,0,0.00
Enabled,"""custom deck hamilton va""",Phrase match,loudoun decks,Deck Builder - Hamilton,Not eligible,rarely served; campaign paused,,0,0, --,USD,0,0.00, --, --, --, --,0,0.00%,0.00,0,0.00
Enabled,[deck builders near me],Exact match,loudoun decks,Deck Builder - Hamilton,Not eligible,campaign paused,,114,3,2.63%,USD,9.08,27.24,4,Below average,Average,Average,3,33.33%,1.00,9.08,27.24
Enabled,[composite deck builder south riding],Exact match,loudoun decks,Deck Builder - South Riding,Not eligible,rarely served; campaign paused,,0,0, --,USD,0,0.00, --, --, --, --,0,0.00%,0.00,0,0.00
Enabled,"""deck replacement brambleton""",Phrase match,loudoun decks,Deck Builder - Brambleton,Not eligible,campaign paused,,0,0, --,USD,0,0.00, --, --, --, --,0,0.00%,0.00,0,0.00
Enabled,[deck company hamilton virginia],Exact match,loudoun decks,Deck Builder - Hamilton,Not eligible,rarely served; campaign paused,,0,0, --,USD,0,0.00, --, --, --, --,0,0.00%,0.00,0,0.00
Enabled,"""trex deck hamilton va""",Phrase match,loudoun decks,Deck Builder - Hamilton,Not eligible,campaign paused,,0,0, --,USD,0,0.00, --, --, --, --,0,0.00%,0.00,0,0.00
Enabled,[deck resurfacing hamilton va],Exact match,loudoun decks,Deck Builder - Hamilton,Not eligible,rarely served; campaign paused,,0,0, --,USD,0,0.00, --, --, --, --,0,0.00%,0.00,0,0.00
Enabled,"""deck installation south riding""",Phrase match,loudoun decks,Deck Builder - South Riding,Not eligible,campaign paused,,0,0, --,USD,0,0.00, --, --, --, --,0,0.00%,0.00,0,0.00
Enabled,[custom deck builder lovettsville],Exact match,loudoun decks,Deck Builder - Lovettsville,Not eligible,rarely served; campaign paused,,0,0, --,USD,0,0.00, --, --, --, --,0,0.00%,0.00,0,0.00
Enabled,"""deck builders brambleton""",Phrase match,loudoun decks,Deck Builder - Brambleton,Not eligible,campaign paused,,0,0, --,USD,0,0.00, --, --, --, --,0,0.00%,0.00,0,0.00
Enabled,[trex deck builder brambleton],Exact match,loudoun decks,Deck Builder - Brambleton,Not eligible,campaign paused,,0,0, --,USD,0,0.00, --, --, --, --,0,0.00%,0.00,0,0.00
Enabled,"""deck builder south riding""",Phrase match,loudoun decks,Deck Builder - South Riding,Not eligible,campaign paused,,0,0, --,USD,0,0.00, --, --, --, --,0,0.00%,0.00,0,0.00
Enabled,"""custom deck lovettsville""",Phrase match,loudoun decks,Deck Builder - Lovettsville,Not eligible,rarely served; campaign paused,,0,0, --,USD,0,0.00, --, --, --, --,0,0.00%,0.00,0,0.00
Enabled,"""deck company hamilton va""",Phrase match,loudoun decks,Deck Builder - Hamilton,Not eligible,rarely served; campaign paused,,0,0, --,USD,0,0.00, --, --, --, --,0,0.00%,0.00,0,0.00
Enabled,[deck contractor south riding va],Exact match,loudoun decks,Deck Builder - South Riding,Not eligible,campaign paused,,0,0, --,USD,0,0.00, --, --, --, --,0,0.00%,0.00,0,0.00
Enabled,building deck stairs,Broad match,loudoun decks,Deck Builder - Brambleton,Not eligible,campaign paused,,56,1,1.79%,USD,1.68,1.68, --, --, --, --,1,0.00%,0.00,1.68,0.00
Enabled,local patio and deck builders near me[deck builder brambleton],Broad match,loudoun decks,Deck Builder - Brambleton,Not eligible,rarely served; campaign paused,,0,0, --,USD,0,0.00, --, --, --, --,0,0.00%,0.00,0,0.00
Enabled,"""deck replacement lovettsville""",Phrase match,loudoun decks,Deck Builder - Lovettsville,Not eligible,rarely served; campaign paused,,0,0, --,USD,0,0.00, --, --, --, --,0,0.00%,0.00,0,0.00
Enabled,[deck company hamilton va],Exact match,loudoun decks,Deck Builder - Hamilton,Not eligible,rarely served; campaign paused,,0,0, --,USD,0,0.00, --, --, --, --,0,0.00%,0.00,0,0.00
Enabled,"""deck contractor lovettsville""",Phrase match,loudoun decks,Deck Builder - Lovettsville,Not eligible,rarely served; campaign paused,,0,0, --,USD,0,0.00, --, --, --, --,0,0.00%,0.00,0,0.00
Enabled,[deck installation hamilton va],Exact match,loudoun decks,Deck Builder - Hamilton,Not eligible,rarely served; campaign paused,,0,0, --,USD,0,0.00, --, --, --, --,0,0.00%,0.00,0,0.00
Enabled,[deck contractor south riding],Exact match,loudoun decks,Deck Builder - South Riding,Not eligible,rarely served; campaign paused,,0,0, --,USD,0,0.00, --, --, --, --,0,0.00%,0.00,0,0.00
Enabled,[composite deck builder lovettsville],Exact match,loudoun decks,Deck Builder - Lovettsville,Not eligible,rarely served; campaign paused,,0,0, --,USD,0,0.00, --, --, --, --,0,0.00%,0.00,0,0.00
Enabled,"""deck replacement middleburg""",Phrase match,loudoun decks,Deck Builder - Middleburg,Not eligible,rarely served; campaign paused,,0,0, --,USD,0,0.00, --, --, --, --,0,0.00%,0.00,0,0.00
Enabled,[custom deck builder arcola],Exact match,loudoun decks,Deck Builder - Arcola,Not eligible,rarely served; campaign paused,,0,0, --,USD,0,0.00, --, --, --, --,0,0.00%,0.00,0,0.00
Enabled,"""deck contractor broadlands""",Phrase match,loudoun decks,Deck Builder - Broadlands,Not eligible,rarely served; campaign paused,,0,0, --,USD,0,0.00, --, --, --, --,0,0.00%,0.00,0,0.00
Enabled,[composite deck builder lansdowne],Exact match,loudoun decks,Deck Builder - Lansdowne,Not eligible,rarely served; campaign paused,,0,0, --,USD,0,0.00, --, --, --, --,0,0.00%,0.00,0,0.00
Enabled,[deck resurfacing middleburg],Exact match,loudoun decks,Deck Builder - Middleburg,Not eligible,rarely served; campaign paused,,0,0, --,USD,0,0.00, --, --, --, --,0,0.00%,0.00,0,0.00
Enabled,[custom deck builder lansdowne],Exact match,loudoun decks,Deck Builder - Lansdowne,Not eligible,rarely served; campaign paused,,0,0, --,USD,0,0.00, --, --, --, --,0,0.00%,0.00,0,0.00
Enabled,[deck installation broadlands va],Exact match,loudoun decks,Deck Builder - Broadlands,Not eligible,campaign paused,,0,0, --,USD,0,0.00, --, --, --, --,0,0.00%,0.00,0,0.00
Enabled,"""composite deck middleburg""",Phrase match,loudoun decks,Deck Builder - Middleburg,Not eligible,rarely served; campaign paused,,0,0, --,USD,0,0.00, --, --, --, --,0,0.00%,0.00,0,0.00
Enabled,"""deck builder broadlands""",Phrase match,loudoun decks,Deck Builder - Broadlands,Not eligible,campaign paused,,0,0, --,USD,0,0.00, --, --, --, --,0,0.00%,0.00,0,0.00
Enabled,[deck installation arcola va],Exact match,loudoun decks,Deck Builder - Arcola,Not eligible,rarely served; campaign paused,,0,0, --,USD,0,0.00, --, --, --, --,0,0.00%,0.00,0,0.00
Enabled,[trex deck builder lansdowne],Exact match,loudoun decks,Deck Builder - Lansdowne,Not eligible,rarely served; campaign paused,,0,0, --,USD,0,0.00, --, --, --, --,0,0.00%,0.00,0,0.00
Enabled,[deck installation middleburg va],Exact match,loudoun decks,Deck Builder - Middleburg,Not eligible,rarely served; campaign paused,,0,0, --,USD,0,0.00, --, --, --, --,0,0.00%,0.00,0,0.00
Enabled,"""deck builder middleburg""",Phrase match,loudoun decks,Deck Builder - Middleburg,Not eligible,campaign paused,,0,0, --,USD,0,0.00, --, --, --, --,0,0.00%,0.00,0,0.00
Enabled,[deck builder near me],Exact match,loudoun decks,Deck Builder - Lansdowne,Not eligible,campaign paused,,14,0,0.00%,USD,0,0.00, --, --, --, --,0,0.00%,0.00,0,0.00
Enabled,[deck company broadlands va],Exact match,loudoun decks,Deck Builder - Broadlands,Not eligible,rarely served; campaign paused,,0,0, --,USD,0,0.00, --, --, --, --,0,0.00%,0.00,0,0.00
Enabled,"""deck builders broadlands""",Phrase match,loudoun decks,Deck Builder - Broadlands,Not eligible,rarely served; campaign paused,,0,0, --,USD,0,0.00, --, --, --, --,0,0.00%,0.00,0,0.00
Enabled,"""deck contractor middleburg""",Phrase match,loudoun decks,Deck Builder - Middleburg,Not eligible,rarely served; campaign paused,,0,0, --,USD,0,0.00, --, --, --, --,0,0.00%,0.00,0,0.00
Enabled,[deck contractor broadlands va],Exact match,loudoun decks,Deck Builder - Broadlands,Not eligible,campaign paused,,0,0, --,USD,0,0.00, --, --, --, --,0,0.00%,0.00,0,0.00
Enabled,[loudon decks],Exact match,SRCH | Branded | 3 Counties | Calls,Brand Exact,Eligible,,https://www.ldndecks.com/contact/,2,0,0.00%,USD,0,0.00,10,Above average,Above average,Above average,0,0.00%,0.00,0,0.00
Enabled,[ldn decks],Exact match,SRCH | Branded | 3 Counties | Calls,Brand Exact,Eligible,,https://www.ldndecks.com/contact/,4,5,125.00%,USD,11.03,55.15,8,Above average,Average,Above average,5,0.00%,0.00,11.03,0.00
Enabled,[loudoun deck company],Exact match,SRCH | Branded | 3 Counties | Calls,Brand Exact,Not eligible,rarely served,https://www.ldndecks.com/contact/,0,0, --,USD,0,0.00, --, --, --, --,0,0.00%,0.00,0,0.00
Enabled,[ldndecks],Exact match,SRCH | Branded | 3 Counties | Calls,Brand Exact,Eligible,,https://www.ldndecks.com/contact/,0,0, --,USD,0,0.00, --, --, --, --,0,0.00%,0.00,0,0.00
Enabled,[loudoun decks],Exact match,SRCH | Branded | 3 Counties | Calls,Brand Exact,Eligible,,https://www.ldndecks.com/contact/,2,0,0.00%,USD,0,0.00,7,Below average,Above average,Above average,0,0.00%,0.00,0,0.00
Enabled,"""ldn decks reviews""",Phrase match,SRCH | Branded | 3 Counties | Calls,Brand Phrase,Eligible,,https://www.ldndecks.com/contact/,0,0, --,USD,0,0.00, --, --, --, --,0,0.00%,0.00,0,0.00
Enabled,"""loudoun decks estimate""",Phrase match,SRCH | Branded | 3 Counties | Calls,Brand Phrase,Not eligible,rarely served,https://www.ldndecks.com/contact/,0,0, --,USD,0,0.00, --, --, --, --,0,0.00%,0.00,0,0.00
Enabled,"""ldn decks estimate""",Phrase match,SRCH | Branded | 3 Counties | Calls,Brand Phrase,Not eligible,rarely served,https://www.ldndecks.com/contact/,0,0, --,USD,0,0.00, --, --, --, --,0,0.00%,0.00,0,0.00
Enabled,"""ldn decks phone number""",Phrase match,SRCH | Branded | 3 Counties | Calls,Brand Phrase,Not eligible,rarely served,https://www.ldndecks.com/contact/,0,0, --,USD,0,0.00, --, --, --, --,0,0.00%,0.00,0,0.00
Enabled,"""loudoun decks contact""",Phrase match,SRCH | Branded | 3 Counties | Calls,Brand Phrase,Not eligible,rarely served,https://www.ldndecks.com/contact/,0,0, --,USD,0,0.00, --, --, --, --,0,0.00%,0.00,0,0.00
Enabled,"""ldn decks contact""",Phrase match,SRCH | Branded | 3 Counties | Calls,Brand Phrase,Not eligible,rarely served,https://www.ldndecks.com/contact/,0,0, --,USD,0,0.00, --, --, --, --,0,0.00%,0.00,0,0.00
Enabled,"""loudoun decks phone number""",Phrase match,SRCH | Branded | 3 Counties | Calls,Brand Phrase,Not eligible,rarely served,https://www.ldndecks.com/contact/,0,0, --,USD,0,0.00, --, --, --, --,0,0.00%,0.00,0,0.00
Enabled,"""loudoun decks reviews""",Phrase match,SRCH | Branded | 3 Counties | Calls,Brand Phrase,Eligible,,https://www.ldndecks.com/contact/,0,0, --,USD,0,0.00, --, --, --, --,0,0.00%,0.00,0,0.00
Enabled,[deck replacement near me],Exact match,Deck Repair - Loudoun County,Deck Repair - Loudoun County,Not eligible,campaign paused,,0,0, --,USD,0,0.00, --, --, --, --,0,0.00%,0.00,0,0.00
Enabled,[deck refinishing near me],Exact match,Deck Repair - Loudoun County,Deck Restoration - Refinishing,Not eligible,campaign paused,,1,0,0.00%,USD,0,0.00, --, --, --, --,0,0.00%,0.00,0,0.00
Enabled,[deck restoration company],Exact match,Deck Repair - Loudoun County,Deck Repair - Loudoun County,Not eligible,campaign paused,,0,0, --,USD,0,0.00, --, --, --, --,0,0.00%,0.00,0,0.00
Enabled,[patio deck repair near me],Exact match,Deck Repair - Loudoun County,Deck Repair - Loudoun County,Not eligible,campaign paused,,1,0,0.00%,USD,0,0.00, --, --, --, --,0,0.00%,0.00,0,0.00
Enabled,[deck repair contractor near me],Exact match,Deck Repair - Loudoun County,Deck Repair - Loudoun County,Not eligible,campaign paused,,0,0, --,USD,0,0.00, --, --, --, --,0,0.00%,0.00,0,0.00
Enabled,[deck building and repair near me],Exact match,Deck Repair - Loudoun County,Deck Repair - Loudoun County,Not eligible,campaign paused,,0,0, --,USD,0,0.00, --, --, --, --,0,0.00%,0.00,0,0.00
Enabled,[large deck replacement],Exact match,Deck Repair - Loudoun County,Deck Replacement,Not eligible,campaign paused,,0,0, --,USD,0,0.00, --, --, --, --,0,0.00%,0.00,0,0.00
Enabled,[composite deck repair near me],Exact match,Deck Repair - Loudoun County,Deck Repair - Loudoun County,Not eligible,campaign paused,,0,0, --,USD,0,0.00, --, --, --, --,0,0.00%,0.00,0,0.00
Enabled,complete deck replacement,Broad match,Deck Repair - Loudoun County,Deck Replacement,Not eligible,campaign paused,,60,5,8.33%,USD,4.09,20.44, --, --, --, --,5,0.00%,0.00,4.09,0.00
Enabled,[deck replacement cost],Exact match,Deck Repair - Loudoun County,Deck Replacement,Not eligible,campaign paused,,1,0,0.00%,USD,0,0.00,5,Below average,Above average,Below average,0,0.00%,0.00,0,0.00
Enabled,[deck replacement contractors near me],Exact match,Deck Repair - Loudoun County,Deck Repair - Loudoun County,Not eligible,campaign paused,,0,0, --,USD,0,0.00, --, --, --, --,0,0.00%,0.00,0,0.00
Enabled,[wood patio repair near me],Exact match,Deck Repair - Loudoun County,Deck Repair - Loudoun County,Not eligible,campaign paused,,0,0, --,USD,0,0.00, --, --, --, --,0,0.00%,0.00,0,0.00
Enabled,[deck restoration near me],Exact match,Deck Repair - Loudoun County,Deck Restoration - Refinishing,Not eligible,campaign paused,,1,0,0.00%,USD,0,0.00, --, --, --, --,0,0.00%,0.00,0,0.00
Enabled,[best deck repair companies near me],Exact match,Deck Repair - Loudoun County,Deck Repair - Loudoun County,Not eligible,campaign paused,,0,0, --,USD,0,0.00, --, --, --, --,0,0.00%,0.00,0,0.00
Enabled,[wood deck repair near me],Exact match,Deck Repair - Loudoun County,Deck Repair - Loudoun County,Not eligible,campaign paused,,3,0,0.00%,USD,0,0.00,5,Average,Average,Below average,0,0.00%,0.00,0,0.00
Enabled,[composite deck upgrade],Exact match,Deck Repair - Loudoun County,Deck Repair - Loudoun County,Not eligible,campaign paused,,0,0, --,USD,0,0.00, --, --, --, --,0,0.00%,0.00,0,0.00
Enabled,[wood decking installation contractors near me],Exact match,Deck Repair - Loudoun County,Deck Repair - Loudoun County,Not eligible,campaign paused,,0,0, --,USD,0,0.00, --, --, --, --,0,0.00%,0.00,0,0.00
Enabled,[deck upgrade],Exact match,Deck Repair - Loudoun County,Deck Repair - Loudoun County,Not eligible,low quality; campaign paused,,1,0,0.00%,USD,0,0.00,1,Below average,Below average,Below average,0,0.00%,0.00,0,0.00
Enabled,[deck repair contractors],Exact match,Deck Repair - Loudoun County,Deck Repair - Loudoun County,Not eligible,campaign paused,,6,1,16.67%,USD,7.40,7.40,5,Below average,Average,Above average,1,0.00%,0.00,7.40,0.00
Enabled,[wood deck repair contractors near me],Exact match,Deck Repair - Loudoun County,Deck Repair - Loudoun County,Not eligible,campaign paused,,0,0, --,USD,0,0.00,3,Below average,Average,Below average,0,0.00%,0.00,0,0.00
Enabled,[full deck replacement],Exact match,Deck Repair - Loudoun County,Deck Replacement,Not eligible,campaign paused,,0,0, --,USD,0,0.00, --, --, --, --,0,0.00%,0.00,0,0.00
Enabled,[deck restoration service],Exact match,Deck Repair - Loudoun County,Deck Restoration - Refinishing,Not eligible,campaign paused,,0,0, --,USD,0,0.00, --, --, --, --,0,0.00%,0.00,0,0.00
Paused,[patio deck builders near me],Exact match,Deck Repair - Loudoun County,Deck Repair - Loudoun County,Paused,paused; campaign paused,,0,0, --,USD,0,0.00, --, --, --, --,0,0.00%,0.00,0,0.00
Enabled,[deck wood replacement],Exact match,Deck Repair - Loudoun County,Deck Replacement,Not eligible,campaign paused,,0,0, --,USD,0,0.00, --, --, --, --,0,0.00%,0.00,0,0.00
Enabled,[deck refinishing near me],Exact match,Deck Repair - Loudoun County,Deck Repair - Loudoun County,Not eligible,campaign paused,,39,6,15.38%,USD,16.12,96.72,7,Average,Average,Above average,6,16.67%,1.00,16.12,96.72
Enabled,[deck resurfacing near me],Exact match,Deck Repair - Loudoun County,Deck Restoration - Refinishing,Not eligible,campaign paused,,1,0,0.00%,USD,0,0.00,4,Below average,Average,Average,0,0.00%,0.00,0,0.00
Enabled,[deck refinishing contractors near me],Exact match,Deck Repair - Loudoun County,Deck Repair - Loudoun County,Not eligible,campaign paused,,0,0, --,USD,0,0.00, --, --, --, --,0,0.00%,0.00,0,0.00
Enabled,[deck rebuild],Exact match,Deck Repair - Loudoun County,Deck Repair - Loudoun County,Not eligible,campaign paused,,18,2,11.11%,USD,11.41,22.81, --, --, --, --,2,50.00%,1.00,11.41,22.81
Enabled,[restore my deck],Exact match,Deck Repair - Loudoun County,Deck Restoration - Refinishing,Not eligible,campaign paused,,0,0, --,USD,0,0.00, --, --, --, --,0,0.00%,0.00,0,0.00
Enabled,[deck rebuilding near me],Exact match,Deck Repair - Loudoun County,Deck Repair - Loudoun County,Not eligible,campaign paused,,0,0, --,USD,0,0.00, --, --, --, --,0,0.00%,0.00,0,0.00
Enabled,[deck and porch contractors near me],Exact match,Deck Repair - Loudoun County,Deck Repair - Loudoun County,Not eligible,campaign paused,,0,0, --,USD,0,0.00, --, --, --, --,0,0.00%,0.00,0,0.00
Enabled,[deck repair services near me],Exact match,Deck Repair - Loudoun County,Deck Repair - Loudoun County,Not eligible,campaign paused,,0,0, --,USD,0,0.00, --, --, --, --,0,0.00%,0.00,0,0.00
Enabled,[deck remodeling near me],Exact match,Deck Repair - Loudoun County,Deck Replacement,Not eligible,campaign paused,,0,0, --,USD,0,0.00, --, --, --, --,0,0.00%,0.00,0,0.00
Enabled,[deck repair near me],Exact match,Deck Repair - Loudoun County,Deck Repair - Loudoun County,Not eligible,campaign paused,,91,9,9.89%,USD,13.44,120.92,4,Below average,Average,Average,9,0.00%,0.00,13.44,0.00
Enabled,[deck replacement near me],Exact match,Deck Repair - Loudoun County,Deck Replacement,Not eligible,campaign paused,,0,0, --,USD,0,0.00, --, --, --, --,0,0.00%,0.00,0,0.00
Enabled,[deck board replacement],Exact match,Deck Repair - Loudoun County,Deck Replacement,Not eligible,campaign paused,,3,0,0.00%,USD,0,0.00, --, --, --, --,0,0.00%,0.00,0,0.00
Enabled,[deck rebuild near me],Exact match,Deck Repair - Loudoun County,Deck Replacement,Not eligible,campaign paused,,0,0, --,USD,0,0.00, --, --, --, --,0,0.00%,0.00,0,0.00
Enabled,[fix my deck],Exact match,Deck Repair - Loudoun County,Deck Repair - Loudoun County,Not eligible,campaign paused,,0,0, --,USD,0,0.00, --, --, --, --,0,0.00%,0.00,0,0.00
Enabled,[wood deck replacement near me],Exact match,Deck Repair - Loudoun County,Deck Replacement,Not eligible,campaign paused,,0,0, --,USD,0,0.00, --, --, --, --,0,0.00%,0.00,0,0.00
Enabled,[deck fixing near me],Exact match,Deck Repair - Loudoun County,Deck Repair - Loudoun County,Not eligible,campaign paused,,3,0,0.00%,USD,0,0.00,6,Average,Above average,Below average,0,0.00%,0.00,0,0.00
Enabled,[patio and deck repair near me],Exact match,Deck Repair - Loudoun County,Deck Repair - Loudoun County,Not eligible,campaign paused,,0,0, --,USD,0,0.00, --, --, --, --,0,0.00%,0.00,0,0.00
Enabled,[deck replacement contractor],Exact match,Deck Repair - Loudoun County,Deck Replacement,Not eligible,campaign paused,,2,0,0.00%,USD,0,0.00, --, --, --, --,0,0.00%,0.00,0,0.00
Enabled,[outdoor deck repair near me],Exact match,Deck Repair - Loudoun County,Deck Repair - Loudoun County,Not eligible,campaign paused,,0,0, --,USD,0,0.00, --, --, --, --,0,0.00%,0.00,0,0.00
Enabled,[local deck repair near me],Exact match,Deck Repair - Loudoun County,Deck Repair - Loudoun County,Not eligible,campaign paused,,0,0, --,USD,0,0.00, --, --, --, --,0,0.00%,0.00,0,0.00
Enabled,[replace deck boards],Exact match,Deck Repair - Loudoun County,Deck Repair - Loudoun County,Not eligible,campaign paused,,1,0,0.00%,USD,0,0.00, --, --, --, --,0,0.00%,0.00,0,0.00
Paused,"""deck resurfacing loudoun""",Phrase match,Deck Repair - Loudoun County,Deck Repair - Loudoun County,Paused,paused; rarely served; campaign paused,,0,0, --,USD,0,0.00, --, --, --, --,0,0.00%,0.00,0,0.00
Enabled,[replace my deck],Exact match,Deck Repair - Loudoun County,Deck Replacement,Not eligible,campaign paused,,0,0, --,USD,0,0.00, --, --, --, --,0,0.00%,0.00,0,0.00
Enabled,[best deck repair contractors near me],Exact match,Deck Repair - Loudoun County,Deck Repair - Loudoun County,Not eligible,campaign paused,,120,12,10.00%,USD,7.19,86.24,3,Below average,Average,Below average,12,0.00%,0.00,7.19,0.00
Enabled,[deck repair loudoun county],Exact match,Deck Repair - Loudoun County,Deck Repair - Loudoun County,Not eligible,campaign paused,,42,4,9.52%,USD,11.62,46.50,5,Below average,Average,Above average,4,0.00%,0.00,11.62,0.00
Enabled,[deck fixers near me],Exact match,Deck Repair - Loudoun County,Deck Repair - Loudoun County,Not eligible,campaign paused,,0,0, --,USD,0,0.00, --, --, --, --,0,0.00%,0.00,0,0.00
Enabled,[deck renovation contractor],Exact match,Deck Repair - Loudoun County,Deck Replacement,Not eligible,campaign paused,,0,0, --,USD,0,0.00, --, --, --, --,0,0.00%,0.00,0,0.00
Paused,[deck repair companies near me],Exact match,Deck Repair - Loudoun County,Deck Repair - Loudoun County,Paused,paused; campaign paused,,0,0, --,USD,0,0.00,3,Below average,Average,Below average,0,0.00%,0.00,0,0.00
Enabled,[porch and deck repair near me],Exact match,Deck Repair - Loudoun County,Deck Repair - Loudoun County,Not eligible,campaign paused,,0,0, --,USD,0,0.00, --, --, --, --,0,0.00%,0.00,0,0.00
Enabled,[deck resurfacing contractor],Exact match,Deck Repair - Loudoun County,Deck Restoration - Refinishing,Not eligible,campaign paused,,0,0, --,USD,0,0.00, --, --, --, --,0,0.00%,0.00,0,0.00
Enabled,[deck resurfacing companies],Exact match,Deck Repair - Loudoun County,Deck Restoration - Refinishing,Not eligible,campaign paused,,0,0, --,USD,0,0.00, --, --, --, --,0,0.00%,0.00,0,0.00
Enabled,[deck resurfacing],Exact match,Deck Repair - Loudoun County,Deck Repair - Loudoun County,Not eligible,campaign paused,,3,0,0.00%,USD,0,0.00,5,Below average,Average,Above average,0,0.00%,0.00,0,0.00
Enabled,[deck repair ashburn va],Exact match,Deck Repair - Loudoun County,Deck Repair - Loudoun County,Not eligible,campaign paused,,12,1,8.33%,USD,8.80,8.80,5,Below average,Average,Above average,1,0.00%,0.00,8.80,0.00
Enabled,[rotted deck boards replacement],Exact match,Deck Repair - Loudoun County,Deck Repair - Loudoun County,Not eligible,campaign paused,,0,0, --,USD,0,0.00, --, --, --, --,0,0.00%,0.00,0,0.00
Enabled,[deck and porch repair near me],Exact match,Deck Repair - Loudoun County,Deck Repair - Loudoun County,Not eligible,campaign paused,,0,0, --,USD,0,0.00, --, --, --, --,0,0.00%,0.00,0,0.00
Enabled,[deck restoration company],Exact match,Deck Repair - Loudoun County,Deck Restoration - Refinishing,Not eligible,campaign paused,,0,0, --,USD,0,0.00, --, --, --, --,0,0.00%,0.00,0,0.00
Enabled,[deck restoration near me],Exact match,Deck Repair - Loudoun County,Deck Repair - Loudoun County,Not eligible,campaign paused,,1,0,0.00%,USD,0,0.00, --, --, --, --,0,0.00%,0.00,0,0.00
Enabled,[wood deck replacement near me],Exact match,Deck Repair - Loudoun County,Deck Repair - Loudoun County,Not eligible,campaign paused,,0,0, --,USD,0,0.00, --, --, --, --,0,0.00%,0.00,0,0.00
Enabled,[deck and patio repair near me],Exact match,Deck Repair - Loudoun County,Deck Repair - Loudoun County,Not eligible,campaign paused,,2,0,0.00%,USD,0,0.00, --, --, --, --,0,0.00%,0.00,0,0.00
Enabled,[deck renovation],Exact match,Deck Repair - Loudoun County,Deck Repair - Loudoun County,Not eligible,campaign paused,,460,40,8.70%,USD,10.19,407.57, --, --, --, --,40,22.50%,9.00,10.19,45.29
Enabled,[deck replacement company near me],Exact match,Deck Repair - Loudoun County,Deck Replacement,Not eligible,campaign paused,,0,0, --,USD,0,0.00, --, --, --, --,0,0.00%,0.00,0,0.00
Enabled,[deck repair leesburg va],Exact match,Deck Repair - Loudoun County,Deck Repair - Loudoun County,Not eligible,campaign paused,,20,3,15.00%,USD,7.84,23.52,6,Below average,Above average,Average,3,0.00%,0.00,7.84,0.00
Enabled,[best deck repair near me],Exact match,Deck Repair - Loudoun County,Deck Repair - Loudoun County,Not eligible,campaign paused,,0,0, --,USD,0,0.00,5,Below average,Above average,Below average,0,0.00%,0.00,0,0.00
Enabled,[deck replacement companies near me],Exact match,Deck Repair - Loudoun County,Deck Repair - Loudoun County,Not eligible,campaign paused,,0,0, --,USD,0,0.00, --, --, --, --,0,0.00%,0.00,0,0.00
Enabled,[deck repair replacement near me],Exact match,Deck Repair - Loudoun County,Deck Repair - Loudoun County,Not eligible,campaign paused,,0,0, --,USD,0,0.00, --, --, --, --,0,0.00%,0.00,0,0.00
Enabled,[porch deck builders near me],Exact match,Deck Repair - Loudoun County,Deck Repair - Loudoun County,Not eligible,campaign paused,,0,0, --,USD,0,0.00, --, --, --, --,0,0.00%,0.00,0,0.00
Enabled,[custom deck builder near me],Exact match,Deck Repair - Loudoun County,Deck Replacement,Not eligible,campaign paused,,1,0,0.00%,USD,0,0.00, --, --, --, --,0,0.00%,0.00,0,0.00
Enabled,[new deck installation],Exact match,Deck Repair - Loudoun County,Deck Replacement,Not eligible,campaign paused,,22,2,9.09%,USD,8.10,16.20, --, --, --, --,2,0.00%,0.00,8.10,0.00
Enabled,[full deck replacement],Exact match,Deck Repair - Loudoun County,Deck Repair - Loudoun County,Not eligible,campaign paused,,0,0, --,USD,0,0.00, --, --, --, --,0,0.00%,0.00,0,0.00
Enabled,[outdoor deck installers near me],Exact match,Deck Repair - Loudoun County,Deck Repair - Loudoun County,Not eligible,campaign paused,,0,0, --,USD,0,0.00, --, --, --, --,0,0.00%,0.00,0,0.00
Paused,[deck repair and painting near me],Exact match,Deck Repair - Loudoun County,Deck Repair - Loudoun County,Paused,paused; campaign paused,,0,0, --,USD,0,0.00,5,Average,Average,Below average,0,0.00%,0.00,0,0.00
Enabled,[local deck repair],Exact match,Deck Repair - Loudoun County,Deck Repair - Loudoun County,Not eligible,campaign paused,,0,0, --,USD,0,0.00,6,Below average,Above average,Average,0,0.00%,0.00,0,0.00
Enabled,[deck wood replacement],Exact match,Deck Repair - Loudoun County,Deck Repair - Loudoun County,Not eligible,campaign paused,,21,0,0.00%,USD,0,0.00,4,Below average,Average,Average,0,0.00%,0.00,0,0.00
Enabled,[deck construction and repair near me],Exact match,Deck Repair - Loudoun County,Deck Repair - Loudoun County,Not eligible,campaign paused,,1,1,100.00%,USD,4.65,4.65, --, --, --, --,1,0.00%,0.00,4.65,0.00
Enabled,deck restoration,Broad match,Deck Repair - Loudoun County,Deck Renovation,Not eligible,campaign paused,,12,1,8.33%,USD,44.27,44.27,4,Below average,Average,Average,1,100.00%,1.00,44.27,44.27
Enabled,deck care,Broad match,Deck Repair - Loudoun County,Deck Renovation,Not eligible,campaign paused,,0,0, --,USD,0,0.00, --, --, --, --,0,0.00%,0.00,0,0.00
Enabled,deck refinish,Broad match,Deck Repair - Loudoun County,Deck Renovation,Not eligible,campaign paused,,0,0, --,USD,0,0.00, --, --, --, --,0,0.00%,0.00,0,0.00
Enabled,deck refurbishing,Broad match,Deck Repair - Loudoun County,Deck Renovation,Not eligible,campaign paused,,2,0,0.00%,USD,0,0.00, --, --, --, --,0,0.00%,0.00,0,0.00
Enabled,deck restore,Broad match,Deck Repair - Loudoun County,Deck Renovation,Not eligible,campaign paused,,1,0,0.00%,USD,0,0.00, --, --, --, --,0,0.00%,0.00,0,0.00
Enabled,deck repair service,Broad match,Deck Repair - Loudoun County,Deck Renovation,Not eligible,campaign paused,,52,1,1.92%,USD,3.60,3.60, --, --, --, --,1,0.00%,0.00,3.60,0.00
Enabled,"""azek deck builder near me""",Phrase match,SRCH | Composite | 3 Counties | Calls,TimberTech/AZEK,Not eligible,rarely served,https://www.ldndecks.com/composite-decks/,0,0, --,USD,0,0.00, --, --, --, --,0,0.00%,0.00,0,0.00
Enabled,[azek deck contractor],Exact match,SRCH | Composite | 3 Counties | Calls,TimberTech/AZEK,Not eligible,rarely served,https://www.ldndecks.com/composite-decks/,0,0, --,USD,0,0.00, --, --, --, --,0,0.00%,0.00,0,0.00
Enabled,"""timbertech deck builder""",Phrase match,SRCH | Composite | 3 Counties | Calls,TimberTech/AZEK,Eligible,,https://www.ldndecks.com/composite-decks/,0,0, --,USD,0,0.00, --, --, --, --,0,0.00%,0.00,0,0.00
Enabled,"""timbertech deck installer""",Phrase match,SRCH | Composite | 3 Counties | Calls,TimberTech/AZEK,Eligible,,https://www.ldndecks.com/composite-decks/,0,0, --,USD,0,0.00, --, --, --, --,0,0.00%,0.00,0,0.00
Enabled,[azek deck builder],Exact match,SRCH | Composite | 3 Counties | Calls,TimberTech/AZEK,Eligible,,https://www.ldndecks.com/composite-decks/,0,0, --,USD,0,0.00, --, --, --, --,0,0.00%,0.00,0,0.00
Enabled,"""azek deck installer""",Phrase match,SRCH | Composite | 3 Counties | Calls,TimberTech/AZEK,Eligible,,https://www.ldndecks.com/composite-decks/,1,0,0.00%,USD,0,0.00, --, --, --, --,0,0.00%,0.00,0,0.00
Enabled,[timbertech deck contractor],Exact match,SRCH | Composite | 3 Counties | Calls,TimberTech/AZEK,Eligible,,https://www.ldndecks.com/composite-decks/,0,0, --,USD,0,0.00, --, --, --, --,0,0.00%,0.00,0,0.00
Enabled,"""timbertech deck contractor""",Phrase match,SRCH | Composite | 3 Counties | Calls,TimberTech/AZEK,Eligible,,https://www.ldndecks.com/composite-decks/,0,0, --,USD,0,0.00, --, --, --, --,0,0.00%,0.00,0,0.00
Enabled,"""azek deck builder""",Phrase match,SRCH | Composite | 3 Counties | Calls,TimberTech/AZEK,Eligible,,https://www.ldndecks.com/composite-decks/,0,0, --,USD,0,0.00, --, --, --, --,0,0.00%,0.00,0,0.00
Enabled,[timbertech deck builder],Exact match,SRCH | Composite | 3 Counties | Calls,TimberTech/AZEK,Eligible,,https://www.ldndecks.com/composite-decks/,0,0, --,USD,0,0.00, --, --, --, --,0,0.00%,0.00,0,0.00
Enabled,"""timbertech deck builder near me""",Phrase match,SRCH | Composite | 3 Counties | Calls,TimberTech/AZEK,Eligible,,https://www.ldndecks.com/composite-decks/,0,0, --,USD,0,0.00, --, --, --, --,0,0.00%,0.00,0,0.00
Enabled,"""azek deck contractor""",Phrase match,SRCH | Composite | 3 Counties | Calls,TimberTech/AZEK,Not eligible,rarely served,https://www.ldndecks.com/composite-decks/,0,0, --,USD,0,0.00, --, --, --, --,0,0.00%,0.00,0,0.00
Enabled,"""cost to build composite deck""",Phrase match,SRCH | Composite | 3 Counties | Calls,Composite Deck Cost,Eligible,,https://www.ldndecks.com/composite-decks/,0,0, --,USD,0,0.00, --, --, --, --,0,0.00%,0.00,0,0.00
Enabled,"""composite deck cost""",Phrase match,SRCH | Composite | 3 Counties | Calls,Composite Deck Cost,Eligible,,https://www.ldndecks.com/composite-decks/,13,0,0.00%,USD,0,0.00, --, --, --, --,0,0.00%,0.00,0,0.00
Enabled,"""trex deck cost""",Phrase match,SRCH | Composite | 3 Counties | Calls,Composite Deck Cost,Eligible,,https://www.ldndecks.com/composite-decks/,22,0,0.00%,USD,0,0.00, --, --, --, --,0,0.00%,0.00,0,0.00
Enabled,"""composite deck cost near me""",Phrase match,SRCH | Composite | 3 Counties | Calls,Composite Deck Cost,Eligible,,https://www.ldndecks.com/composite-decks/,1,0,0.00%,USD,0,0.00, --, --, --, --,0,0.00%,0.00,0,0.00
Enabled,[azek deck cost],Exact match,SRCH | Composite | 3 Counties | Calls,Composite Deck Cost,Eligible,,https://www.ldndecks.com/composite-decks/,0,0, --,USD,0,0.00, --, --, --, --,0,0.00%,0.00,0,0.00
Enabled,"""azek deck cost""",Phrase match,SRCH | Composite | 3 Counties | Calls,Composite Deck Cost,Eligible,,https://www.ldndecks.com/composite-decks/,0,0, --,USD,0,0.00, --, --, --, --,0,0.00%,0.00,0,0.00
Enabled,[timbertech deck cost],Exact match,SRCH | Composite | 3 Counties | Calls,Composite Deck Cost,Eligible,,https://www.ldndecks.com/composite-decks/,1,1,100.00%,USD,2.29,2.29, --, --, --, --,1,0.00%,0.00,2.29,0.00
Enabled,"""composite deck cost loudoun county""",Phrase match,SRCH | Composite | 3 Counties | Calls,Composite Deck Cost,Not eligible,rarely served,https://www.ldndecks.com/composite-decks/,0,0, --,USD,0,0.00, --, --, --, --,0,0.00%,0.00,0,0.00
Enabled,"""timbertech deck cost""",Phrase match,SRCH | Composite | 3 Counties | Calls,Composite Deck Cost,Eligible,,https://www.ldndecks.com/composite-decks/,2,0,0.00%,USD,0,0.00, --, --, --, --,0,0.00%,0.00,0,0.00
Enabled,[composite deck cost],Exact match,SRCH | Composite | 3 Counties | Calls,Composite Deck Cost,Eligible,,https://www.ldndecks.com/composite-decks/,5,0,0.00%,USD,0,0.00, --, --, --, --,0,0.00%,0.00,0,0.00
Enabled,"""composite deck price""",Phrase match,SRCH | Composite | 3 Counties | Calls,Composite Deck Cost,Eligible,,https://www.ldndecks.com/composite-decks/,153,11,7.19%,USD,5.71,62.81, --, --, --, --,11,9.09%,1.00,5.71,62.81
Enabled,[trex deck cost],Exact match,SRCH | Composite | 3 Counties | Calls,Composite Deck Cost,Eligible,,https://www.ldndecks.com/composite-decks/,4,0,0.00%,USD,0,0.00, --, --, --, --,0,0.00%,0.00,0,0.00
Enabled,[cost to build composite deck],Exact match,SRCH | Composite | 3 Counties | Calls,Composite Deck Cost,Eligible,,https://www.ldndecks.com/composite-decks/,0,0, --,USD,0,0.00, --, --, --, --,0,0.00%,0.00,0,0.00
Enabled,"""composite deck cost fairfax county""",Phrase match,SRCH | Composite | 3 Counties | Calls,Composite Deck Cost,Not eligible,rarely served,https://www.ldndecks.com/composite-decks/,0,0, --,USD,0,0.00, --, --, --, --,0,0.00%,0.00,0,0.00
Enabled,[trex deck contractor],Exact match,SRCH | Composite | 3 Counties | Calls,Trex,Eligible,,https://www.ldndecks.com/composite-decks/,6,3,50.00%,USD,13.35,40.05, --, --, --, --,3,0.00%,0.00,13.35,0.00
Enabled,[trex deck installer],Exact match,SRCH | Composite | 3 Counties | Calls,Trex,Eligible,,https://www.ldndecks.com/composite-decks/,2,0,0.00%,USD,0,0.00, --, --, --, --,0,0.00%,0.00,0,0.00
Enabled,"""trex deck builder loudoun county""",Phrase match,SRCH | Composite | 3 Counties | Calls,Trex,Not eligible,rarely served,https://www.ldndecks.com/composite-decks/,0,0, --,USD,0,0.00, --, --, --, --,0,0.00%,0.00,0,0.00
Enabled,[trex deck builder near me],Exact match,SRCH | Composite | 3 Counties | Calls,Trex,Eligible,,https://www.ldndecks.com/composite-decks/,3,0,0.00%,USD,0,0.00, --, --, --, --,0,0.00%,0.00,0,0.00
Enabled,"""trex deck builder""",Phrase match,SRCH | Composite | 3 Counties | Calls,Trex,Eligible,,https://www.ldndecks.com/composite-decks/,1,0,0.00%,USD,0,0.00, --, --, --, --,0,0.00%,0.00,0,0.00
Enabled,[trex deck builder],Exact match,SRCH | Composite | 3 Counties | Calls,Trex,Eligible,,https://www.ldndecks.com/composite-decks/,1,0,0.00%,USD,0,0.00, --, --, --, --,0,0.00%,0.00,0,0.00
Enabled,"""trex deck contractor""",Phrase match,SRCH | Composite | 3 Counties | Calls,Trex,Eligible,,https://www.ldndecks.com/composite-decks/,11,0,0.00%,USD,0,0.00, --, --, --, --,0,0.00%,0.00,0,0.00
Enabled,"""trex deck builder fairfax county""",Phrase match,SRCH | Composite | 3 Counties | Calls,Trex,Not eligible,rarely served,https://www.ldndecks.com/composite-decks/,0,0, --,USD,0,0.00, --, --, --, --,0,0.00%,0.00,0,0.00
Enabled,"""trex deck installer""",Phrase match,SRCH | Composite | 3 Counties | Calls,Trex,Eligible,,https://www.ldndecks.com/composite-decks/,4,0,0.00%,USD,0,0.00, --, --, --, --,0,0.00%,0.00,0,0.00
Enabled,"""trex deck builder near me""",Phrase match,SRCH | Composite | 3 Counties | Calls,Trex,Eligible,,https://www.ldndecks.com/composite-decks/,0,0, --,USD,0,0.00, --, --, --, --,0,0.00%,0.00,0,0.00
Enabled,"""trex deck builder prince william county""",Phrase match,SRCH | Composite | 3 Counties | Calls,Trex,Not eligible,rarely served,https://www.ldndecks.com/composite-decks/,0,0, --,USD,0,0.00, --, --, --, --,0,0.00%,0.00,0,0.00
Enabled,[composite deck contractor],Exact match,SRCH | Composite | 3 Counties | Calls,Composite Deck Builder,Eligible,,https://www.ldndecks.com/composite-decks/,0,0, --,USD,0,0.00, --, --, --, --,0,0.00%,0.00,0,0.00
Enabled,"""composite decking contractor""",Phrase match,SRCH | Composite | 3 Counties | Calls,Composite Deck Builder,Eligible,,https://www.ldndecks.com/composite-decks/,0,0, --,USD,0,0.00, --, --, --, --,0,0.00%,0.00,0,0.00
Enabled,"""composite deck builder""",Phrase match,SRCH | Composite | 3 Counties | Calls,Composite Deck Builder,Eligible,,https://www.ldndecks.com/composite-decks/,7,0,0.00%,USD,0,0.00, --, --, --, --,0,0.00%,0.00,0,0.00
Enabled,[composite deck installer],Exact match,SRCH | Composite | 3 Counties | Calls,Composite Deck Builder,Eligible,,https://www.ldndecks.com/composite-decks/,1,0,0.00%,USD,0,0.00, --, --, --, --,0,0.00%,0.00,0,0.00
Enabled,[composite deck builder near me],Exact match,SRCH | Composite | 3 Counties | Calls,Composite Deck Builder,Eligible,,https://www.ldndecks.com/composite-decks/,0,0, --,USD,0,0.00, --, --, --, --,0,0.00%,0.00,0,0.00
Enabled,"""composite deck builder loudoun county""",Phrase match,SRCH | Composite | 3 Counties | Calls,Composite Deck Builder,Not eligible,rarely served,https://www.ldndecks.com/composite-decks/,0,0, --,USD,0,0.00, --, --, --, --,0,0.00%,0.00,0,0.00
Enabled,"""composite deck builder prince william county""",Phrase match,SRCH | Composite | 3 Counties | Calls,Composite Deck Builder,Not eligible,rarely served,https://www.ldndecks.com/composite-decks/,0,0, --,USD,0,0.00, --, --, --, --,0,0.00%,0.00,0,0.00
Enabled,"""composite deck contractor""",Phrase match,SRCH | Composite | 3 Counties | Calls,Composite Deck Builder,Eligible,,https://www.ldndecks.com/composite-decks/,2,0,0.00%,USD,0,0.00, --, --, --, --,0,0.00%,0.00,0,0.00
Enabled,"""composite deck contractor near me""",Phrase match,SRCH | Composite | 3 Counties | Calls,Composite Deck Builder,Eligible,,https://www.ldndecks.com/composite-decks/,0,0, --,USD,0,0.00, --, --, --, --,0,0.00%,0.00,0,0.00
Enabled,"""composite deck builder near me""",Phrase match,SRCH | Composite | 3 Counties | Calls,Composite Deck Builder,Eligible,,https://www.ldndecks.com/composite-decks/,2,0,0.00%,USD,0,0.00, --, --, --, --,0,0.00%,0.00,0,0.00
Enabled,"""composite deck builder fairfax county""",Phrase match,SRCH | Composite | 3 Counties | Calls,Composite Deck Builder,Not eligible,rarely served,https://www.ldndecks.com/composite-decks/,0,0, --,USD,0,0.00, --, --, --, --,0,0.00%,0.00,0,0.00
Enabled,[composite deck builder],Exact match,SRCH | Composite | 3 Counties | Calls,Composite Deck Builder,Eligible,,https://www.ldndecks.com/composite-decks/,0,0, --,USD,0,0.00, --, --, --, --,0,0.00%,0.00,0,0.00
Enabled,"""composite deck installer""",Phrase match,SRCH | Composite | 3 Counties | Calls,Composite Deck Builder,Eligible,,https://www.ldndecks.com/composite-decks/,9,0,0.00%,USD,0,0.00, --, --, --, --,0,0.00%,0.00,0,0.00
Enabled,"""deck builder arcola""",Phrase match,loudoun decks,Deck Builder - Arcola,Not eligible,campaign paused,,0,0, --,USD,0,0.00, --, --, --, --,0,0.00%,0.00,0,0.00
Enabled,"""deck builders middleburg""",Phrase match,loudoun decks,Deck Builder - Middleburg,Not eligible,campaign paused,,0,0, --,USD,0,0.00, --, --, --, --,0,0.00%,0.00,0,0.00
Enabled,[deck resurfacing arcola],Exact match,loudoun decks,Deck Builder - Arcola,Not eligible,rarely served; campaign paused,,0,0, --,USD,0,0.00, --, --, --, --,0,0.00%,0.00,0,0.00
Enabled,[deck resurfacing lansdowne],Exact match,loudoun decks,Deck Builder - Lansdowne,Not eligible,rarely served; campaign paused,,0,0, --,USD,0,0.00, --, --, --, --,0,0.00%,0.00,0,0.00
Enabled,"""deck replacement lansdowne""",Phrase match,loudoun decks,Deck Builder - Lansdowne,Not eligible,rarely served; campaign paused,,0,0, --,USD,0,0.00, --, --, --, --,0,0.00%,0.00,0,0.00
Enabled,[deck builders lansdowne va],Exact match,loudoun decks,Deck Builder - Lansdowne,Not eligible,campaign paused,,0,0, --,USD,0,0.00, --, --, --, --,0,0.00%,0.00,0,0.00
Enabled,"""deck installation arcola""",Phrase match,loudoun decks,Deck Builder - Arcola,Not eligible,rarely served; campaign paused,,0,0, --,USD,0,0.00, --, --, --, --,0,0.00%,0.00,0,0.00
Enabled,[deck contractor lansdowne va],Exact match,loudoun decks,Deck Builder - Lansdowne,Not eligible,campaign paused,,0,0, --,USD,0,0.00, --, --, --, --,0,0.00%,0.00,0,0.00
Enabled,"""custom deck arcola""",Phrase match,loudoun decks,Deck Builder - Arcola,Not eligible,campaign paused,,0,0, --,USD,0,0.00, --, --, --, --,0,0.00%,0.00,0,0.00
Enabled,"""composite deck lansdowne""",Phrase match,loudoun decks,Deck Builder - Lansdowne,Not eligible,rarely served; campaign paused,,0,0, --,USD,0,0.00, --, --, --, --,0,0.00%,0.00,0,0.00
Enabled,"""custom deck middleburg""",Phrase match,loudoun decks,Deck Builder - Middleburg,Not eligible,rarely served; campaign paused,,0,0, --,USD,0,0.00, --, --, --, --,0,0.00%,0.00,0,0.00
Enabled,[deck company lansdowne va],Exact match,loudoun decks,Deck Builder - Lansdowne,Not eligible,rarely served; campaign paused,,0,0, --,USD,0,0.00, --, --, --, --,0,0.00%,0.00,0,0.00
Enabled,"""deck resurfacing near me""",Phrase match,Fairfax-Search-Search - Deck Leads - VA - May 2025,Deck Repair & Refinishing,Not eligible,campaign paused,,0,0, --,USD,0,0.00, --, --, --, --,0,0.00%,0.00,0,0.00
Enabled,[custom deck builder broadlands],Exact match,loudoun decks,Deck Builder - Broadlands,Not eligible,rarely served; campaign paused,,0,0, --,USD,0,0.00, --, --, --, --,0,0.00%,0.00,0,0.00
Enabled,"""trex deck lansdowne""",Phrase match,loudoun decks,Deck Builder - Lansdowne,Not eligible,rarely served; campaign paused,,0,0, --,USD,0,0.00, --, --, --, --,0,0.00%,0.00,0,0.00
Enabled,"""deck installation lansdowne""",Phrase match,loudoun decks,Deck Builder - Lansdowne,Not eligible,rarely served; campaign paused,,0,0, --,USD,0,0.00, --, --, --, --,0,0.00%,0.00,0,0.00
Enabled,[deck builders middleburg va],Exact match,loudoun decks,Deck Builder - Middleburg,Not eligible,rarely served; campaign paused,,0,0, --,USD,0,0.00, --, --, --, --,0,0.00%,0.00,0,0.00
Enabled,[deck installation lansdowne va],Exact match,loudoun decks,Deck Builder - Lansdowne,Not eligible,rarely served; campaign paused,,0,0, --,USD,0,0.00, --, --, --, --,0,0.00%,0.00,0,0.00
Enabled,[deck contractor middleburg va],Exact match,loudoun decks,Deck Builder - Middleburg,Not eligible,campaign paused,,0,0, --,USD,0,0.00, --, --, --, --,0,0.00%,0.00,0,0.00
Enabled,[composite deck builder middleburg],Exact match,loudoun decks,Deck Builder - Middleburg,Not eligible,rarely served; campaign paused,,0,0, --,USD,0,0.00, --, --, --, --,0,0.00%,0.00,0,0.00
Enabled,"""deck company lansdowne""",Phrase match,loudoun decks,Deck Builder - Lansdowne,Not eligible,rarely served; campaign paused,,0,0, --,USD,0,0.00, --, --, --, --,0,0.00%,0.00,0,0.00
Enabled,[deck builder near me],Exact match,loudoun decks,Deck Builder - Arcola,Not eligible,campaign paused,,9,0,0.00%,USD,0,0.00,4,Below average,Average,Average,0,0.00%,0.00,0,0.00
Enabled,[trex deck builder middleburg],Exact match,loudoun decks,Deck Builder - Middleburg,Not eligible,rarely served; campaign paused,,0,0, --,USD,0,0.00, --, --, --, --,0,0.00%,0.00,0,0.00
Enabled,[trex deck builder broadlands],Exact match,loudoun decks,Deck Builder - Broadlands,Not eligible,campaign paused,,0,0, --,USD,0,0.00, --, --, --, --,0,0.00%,0.00,0,0.00
Enabled,[composite deck builder broadlands],Exact match,loudoun decks,Deck Builder - Broadlands,Not eligible,rarely served; campaign paused,,0,0, --,USD,0,0.00, --, --, --, --,0,0.00%,0.00,0,0.00
Enabled,"""deck company arcola""",Phrase match,loudoun decks,Deck Builder - Arcola,Not eligible,rarely served; campaign paused,,0,0, --,USD,0,0.00, --, --, --, --,0,0.00%,0.00,0,0.00
Enabled,"""deck contractor arcola""",Phrase match,loudoun decks,Deck Builder - Arcola,Not eligible,rarely served; campaign paused,,0,0, --,USD,0,0.00, --, --, --, --,0,0.00%,0.00,0,0.00
Enabled,"""trex deck broadlands""",Phrase match,loudoun decks,Deck Builder - Broadlands,Not eligible,campaign paused,,0,0, --,USD,0,0.00, --, --, --, --,0,0.00%,0.00,0,0.00
Enabled,[composite deck builder arcola],Exact match,loudoun decks,Deck Builder - Arcola,Not eligible,rarely served; campaign paused,,0,0, --,USD,0,0.00, --, --, --, --,0,0.00%,0.00,0,0.00
Enabled,[deck builder lansdowne],Exact match,loudoun decks,Deck Builder - Lansdowne,Not eligible,campaign paused,,0,0, --,USD,0,0.00, --, --, --, --,0,0.00%,0.00,0,0.00
Enabled,"""composite deck arcola""",Phrase match,loudoun decks,Deck Builder - Arcola,Not eligible,rarely served; campaign paused,,0,0, --,USD,0,0.00, --, --, --, --,0,0.00%,0.00,0,0.00
Enabled,[deck company arcola],Exact match,loudoun decks,Deck Builder - Arcola,Not eligible,rarely served; campaign paused,,0,0, --,USD,0,0.00, --, --, --, --,0,0.00%,0.00,0,0.00
Enabled,"""deck replacement broadlands""",Phrase match,loudoun decks,Deck Builder - Broadlands,Not eligible,campaign paused,,0,0, --,USD,0,0.00, --, --, --, --,0,0.00%,0.00,0,0.00
Enabled,[deck contractor arcola va],Exact match,loudoun decks,Deck Builder - Arcola,Not eligible,campaign paused,,1,0,0.00%,USD,0,0.00, --, --, --, --,0,0.00%,0.00,0,0.00
Enabled,"""trex deck arcola""",Phrase match,loudoun decks,Deck Builder - Arcola,Not eligible,rarely served; campaign paused,,0,0, --,USD,0,0.00, --, --, --, --,0,0.00%,0.00,0,0.00
Enabled,[deck builder broadlands],Exact match,loudoun decks,Deck Builder - Broadlands,Not eligible,campaign paused,,0,0, --,USD,0,0.00, --, --, --, --,0,0.00%,0.00,0,0.00
Enabled,[deck builders broadlands va],Exact match,loudoun decks,Deck Builder - Broadlands,Not eligible,rarely served; campaign paused,,0,0, --,USD,0,0.00, --, --, --, --,0,0.00%,0.00,0,0.00
Enabled,"""deck replacement arcola""",Phrase match,loudoun decks,Deck Builder - Arcola,Not eligible,rarely served; campaign paused,,0,0, --,USD,0,0.00, --, --, --, --,0,0.00%,0.00,0,0.00
Enabled,"""deck installation broadlands""",Phrase match,loudoun decks,Deck Builder - Broadlands,Not eligible,campaign paused,,0,0, --,USD,0,0.00, --, --, --, --,0,0.00%,0.00,0,0.00
Enabled,[deck builders arcola va],Exact match,loudoun decks,Deck Builder - Arcola,Not eligible,rarely served; campaign paused,,0,0, --,USD,0,0.00, --, --, --, --,0,0.00%,0.00,0,0.00
Enabled,[deck company arcola va],Exact match,loudoun decks,Deck Builder - Arcola,Not eligible,rarely served; campaign paused,,0,0, --,USD,0,0.00, --, --, --, --,0,0.00%,0.00,0,0.00
Enabled,[deck company middleburg va],Exact match,loudoun decks,Deck Builder - Middleburg,Not eligible,rarely served; campaign paused,,0,0, --,USD,0,0.00, --, --, --, --,0,0.00%,0.00,0,0.00
Enabled,[deck company lansdowne],Exact match,loudoun decks,Deck Builder - Lansdowne,Not eligible,rarely served; campaign paused,,0,0, --,USD,0,0.00, --, --, --, --,0,0.00%,0.00,0,0.00
Enabled,[deck replacement arcola],Exact match,loudoun decks,Deck Builder - Arcola,Not eligible,rarely served; campaign paused,,0,0, --,USD,0,0.00, --, --, --, --,0,0.00%,0.00,0,0.00
Enabled,"""custom deck lansdowne""",Phrase match,loudoun decks,Deck Builder - Lansdowne,Not eligible,rarely served; campaign paused,,0,0, --,USD,0,0.00, --, --, --, --,0,0.00%,0.00,0,0.00
Enabled,[deck resurfacing broadlands],Exact match,loudoun decks,Deck Builder - Broadlands,Not eligible,campaign paused,,0,0, --,USD,0,0.00, --, --, --, --,0,0.00%,0.00,0,0.00
Enabled,[deck builder near me],Exact match,loudoun decks,Deck Builder - Broadlands,Not eligible,campaign paused,,39,2,5.13%,USD,13.89,27.77, --, --, --, --,2,50.00%,1.00,13.89,27.77
Enabled,[trex deck builder arcola],Exact match,loudoun decks,Deck Builder - Arcola,Not eligible,rarely served; campaign paused,,0,0, --,USD,0,0.00, --, --, --, --,0,0.00%,0.00,0,0.00
Enabled,[deck company middleburg],Exact match,loudoun decks,Deck Builder - Middleburg,Not eligible,rarely served; campaign paused,,0,0, --,USD,0,0.00, --, --, --, --,0,0.00%,0.00,0,0.00
Enabled,"""custom deck broadlands""",Phrase match,loudoun decks,Deck Builder - Broadlands,Not eligible,campaign paused,,0,0, --,USD,0,0.00, --, --, --, --,0,0.00%,0.00,0,0.00
Enabled,"""deck company broadlands""",Phrase match,loudoun decks,Deck Builder - Broadlands,Not eligible,rarely served; campaign paused,,0,0, --,USD,0,0.00, --, --, --, --,0,0.00%,0.00,0,0.00
Enabled,[deck contractor broadlands],Exact match,loudoun decks,Deck Builder - Broadlands,Not eligible,rarely served; campaign paused,,0,0, --,USD,0,0.00, --, --, --, --,0,0.00%,0.00,0,0.00
Enabled,[custom deck builder middleburg],Exact match,loudoun decks,Deck Builder - Middleburg,Not eligible,rarely served; campaign paused,,0,0, --,USD,0,0.00, --, --, --, --,0,0.00%,0.00,0,0.00
Enabled,"""deck company middleburg""",Phrase match,loudoun decks,Deck Builder - Middleburg,Not eligible,rarely served; campaign paused,,0,0, --,USD,0,0.00, --, --, --, --,0,0.00%,0.00,0,0.00
Enabled,"""composite deck broadlands""",Phrase match,loudoun decks,Deck Builder - Broadlands,Not eligible,rarely served; campaign paused,,0,0, --,USD,0,0.00, --, --, --, --,0,0.00%,0.00,0,0.00
Enabled,"""deck builders lansdowne""",Phrase match,loudoun decks,Deck Builder - Lansdowne,Not eligible,campaign paused,,0,0, --,USD,0,0.00, --, --, --, --,0,0.00%,0.00,0,0.00
Enabled,"""deck contractor lansdowne""",Phrase match,loudoun decks,Deck Builder - Lansdowne,Not eligible,rarely served; campaign paused,,0,0, --,USD,0,0.00, --, --, --, --,0,0.00%,0.00,0,0.00
Enabled,[deck builders near me],Exact match,loudoun decks,Deck Builder - Middleburg,Not eligible,campaign paused,,220,3,1.36%,USD,10.14,30.41,3,Below average,Average,Below average,3,0.00%,0.00,10.14,0.00
Enabled,"""trex deck middleburg""",Phrase match,loudoun decks,Deck Builder - Middleburg,Not eligible,rarely served; campaign paused,,0,0, --,USD,0,0.00, --, --, --, --,0,0.00%,0.00,0,0.00
Enabled,"""deck installation middleburg""",Phrase match,loudoun decks,Deck Builder - Middleburg,Not eligible,rarely served; campaign paused,,0,0, --,USD,0,0.00, --, --, --, --,0,0.00%,0.00,0,0.00
Enabled,[deck contractor arcola],Exact match,loudoun decks,Deck Builder - Arcola,Not eligible,rarely served; campaign paused,,0,0, --,USD,0,0.00, --, --, --, --,0,0.00%,0.00,0,0.00
Enabled,[deck builder near me],Exact match,loudoun decks,Deck Builder - Purcellville,Not eligible,campaign paused,,6,0,0.00%,USD,0,0.00,4,Below average,Average,Average,0,0.00%,0.00,0,0.00
Enabled,"""custom deck purcellville""",Phrase match,loudoun decks,Deck Builder - Purcellville,Not eligible,rarely served; campaign paused,,0,0, --,USD,0,0.00, --, --, --, --,0,0.00%,0.00,0,0.00
Enabled,"""deck builders purcellville""",Phrase match,loudoun decks,Deck Builder - Purcellville,Not eligible,campaign paused,,0,0, --,USD,0,0.00, --, --, --, --,0,0.00%,0.00,0,0.00
Enabled,[deck installation purcellville va],Exact match,loudoun decks,Deck Builder - Purcellville,Not eligible,rarely served; campaign paused,,0,0, --,USD,0,0.00, --, --, --, --,0,0.00%,0.00,0,0.00
Enabled,"""trex deck purcellville""",Phrase match,loudoun decks,Deck Builder - Purcellville,Not eligible,rarely served; campaign paused,,0,0, --,USD,0,0.00, --, --, --, --,0,0.00%,0.00,0,0.00
Enabled,"""composite deck purcellville""",Phrase match,loudoun decks,Deck Builder - Purcellville,Not eligible,rarely served; campaign paused,,0,0, --,USD,0,0.00, --, --, --, --,0,0.00%,0.00,0,0.00
Enabled,[composite deck builder purcellville],Exact match,loudoun decks,Deck Builder - Purcellville,Not eligible,rarely served; campaign paused,,0,0, --,USD,0,0.00, --, --, --, --,0,0.00%,0.00,0,0.00
Enabled,"""deck company purcellville""",Phrase match,loudoun decks,Deck Builder - Purcellville,Not eligible,campaign paused,,0,0, --,USD,0,0.00, --, --, --, --,0,0.00%,0.00,0,0.00
Enabled,"""deck installation purcellville""",Phrase match,loudoun decks,Deck Builder - Purcellville,Not eligible,rarely served; campaign paused,,0,0, --,USD,0,0.00, --, --, --, --,0,0.00%,0.00,0,0.00
Enabled,[custom deck builder purcellville],Exact match,loudoun decks,Deck Builder - Purcellville,Not eligible,rarely served; campaign paused,,0,0, --,USD,0,0.00, --, --, --, --,0,0.00%,0.00,0,0.00
Enabled,[deck resurfacing purcellville],Exact match,loudoun decks,Deck Builder - Purcellville,Not eligible,rarely served; campaign paused,,0,0, --,USD,0,0.00, --, --, --, --,0,0.00%,0.00,0,0.00
Enabled,[deck builders purcellville va],Exact match,loudoun decks,Deck Builder - Purcellville,Not eligible,campaign paused,,0,0, --,USD,0,0.00,4,Below average,Average,Average,0,0.00%,0.00,0,0.00
Enabled,[deck builder purcellville],Exact match,loudoun decks,Deck Builder - Purcellville,Not eligible,campaign paused,,0,0, --,USD,0,0.00, --, --, --, --,0,0.00%,0.00,0,0.00
Enabled,[deck contractor purcellville va],Exact match,loudoun decks,Deck Builder - Purcellville,Not eligible,campaign paused,,0,0, --,USD,0,0.00, --, --, --, --,0,0.00%,0.00,0,0.00
Enabled,"""deck replacement purcellville""",Phrase match,loudoun decks,Deck Builder - Purcellville,Not eligible,rarely served; campaign paused,,0,0, --,USD,0,0.00, --, --, --, --,0,0.00%,0.00,0,0.00
Enabled,"""deck contractor purcellville""",Phrase match,loudoun decks,Deck Builder - Purcellville,Not eligible,rarely served; campaign paused,,0,0, --,USD,0,0.00, --, --, --, --,0,0.00%,0.00,0,0.00
Enabled,[trex deck builder purcellville],Exact match,loudoun decks,Deck Builder - Purcellville,Not eligible,rarely served; campaign paused,,0,0, --,USD,0,0.00, --, --, --, --,0,0.00%,0.00,0,0.00
Enabled,"""custom deck aldie""",Phrase match,loudoun decks,Deck Builder - Aldie,Not eligible,campaign paused,,0,0, --,USD,0,0.00, --, --, --, --,0,0.00%,0.00,0,0.00
Enabled,[trex deck contractor],Exact match,Fairfax-Search-Search - Deck Leads - VA - May 2025,Composite Decks,Not eligible,campaign paused,,0,0, --,USD,0,0.00, --, --, --, --,0,0.00%,0.00,0,0.00
Enabled,[deck builder near me],Exact match,loudoun decks,Deck Builder - Aldie,Not eligible,low quality; campaign paused,,73,3,4.11%,USD,3.42,10.25,2,Below average,Below average,Average,3,0.00%,0.00,3.42,0.00
Enabled,[trex deck builder aldie],Exact match,loudoun decks,Deck Builder - Aldie,Not eligible,rarely served; campaign paused,,0,0, --,USD,0,0.00, --, --, --, --,0,0.00%,0.00,0,0.00
Enabled,deck repair and restoration,Broad match,Deck Repair - Loudoun County,Deck Renovation,Not eligible,campaign paused,,77,6,7.79%,USD,7.03,42.17, --, --, --, --,6,0.00%,0.00,7.03,0.00
Enabled,restore trex decking,Broad match,Deck Repair - Loudoun County,Deck Renovation,Not eligible,campaign paused,,0,0, --,USD,0,0.00, --, --, --, --,0,0.00%,0.00,0,0.00
Enabled,[fix composite deck],Exact match,Deck Repair - Loudoun County,Composite - Trex Repair,Not eligible,campaign paused,,0,0, --,USD,0,0.00, --, --, --, --,0,0.00%,0.00,0,0.00
Enabled,[trex deck repair contractor],Exact match,Deck Repair - Loudoun County,Composite - Trex Repair,Not eligible,rarely served; campaign paused,,0,0, --,USD,0,0.00, --, --, --, --,0,0.00%,0.00,0,0.00
Enabled,[trex deck maintenance],Exact match,Deck Repair - Loudoun County,Composite - Trex Repair,Not eligible,campaign paused,,17,1,5.88%,USD,4.61,4.61, --, --, --, --,1,0.00%,0.00,4.61,0.00
Enabled,[composite deck repair contractor],Exact match,Deck Repair - Loudoun County,Composite - Trex Repair,Not eligible,campaign paused,,0,0, --,USD,0,0.00, --, --, --, --,0,0.00%,0.00,0,0.00
Enabled,[trex deck repair near me],Exact match,Deck Repair - Loudoun County,Composite - Trex Repair,Not eligible,campaign paused,,90,3,3.33%,USD,4.16,12.48,4,Below average,Average,Average,3,0.00%,0.00,4.16,0.00
Enabled,[composite decking repair],Exact match,Deck Repair - Loudoun County,Composite - Trex Repair,Not eligible,campaign paused,,0,0, --,USD,0,0.00, --, --, --, --,0,0.00%,0.00,0,0.00
Enabled,[composite deck repair near me],Exact match,Deck Repair - Loudoun County,Composite - Trex Repair,Not eligible,campaign paused,,0,0, --,USD,0,0.00, --, --, --, --,0,0.00%,0.00,0,0.00
Enabled,[composite deck restoration],Exact match,Deck Repair - Loudoun County,Composite - Trex Repair,Not eligible,campaign paused,,1,1,100.00%,USD,0.26,0.26, --, --, --, --,1,0.00%,0.00,0.26,0.00
Enabled,[deck installation aldie va],Exact match,loudoun decks,Deck Builder - Aldie,Not eligible,campaign paused,,20,3,15.00%,USD,12.85,38.55, --, --, --, --,3,0.00%,0.00,12.85,0.00
Enabled,[deck builder aldie],Exact match,loudoun decks,Deck Builder - Aldie,Not eligible,campaign paused,,0,0, --,USD,0,0.00, --, --, --, --,0,0.00%,0.00,0,0.00
Enabled,"""trex deck aldie""",Phrase match,loudoun decks,Deck Builder - Aldie,Not eligible,rarely served; campaign paused,,0,0, --,USD,0,0.00, --, --, --, --,0,0.00%,0.00,0,0.00
Enabled,"""deck installation aldie""",Phrase match,loudoun decks,Deck Builder - Aldie,Not eligible,rarely served; campaign paused,,0,0, --,USD,0,0.00, --, --, --, --,0,0.00%,0.00,0,0.00
Enabled,"""deck replacement aldie""",Phrase match,loudoun decks,Deck Builder - Aldie,Not eligible,rarely served; campaign paused,,0,0, --,USD,0,0.00, --, --, --, --,0,0.00%,0.00,0,0.00
Enabled,"""deck contractor aldie""",Phrase match,loudoun decks,Deck Builder - Aldie,Not eligible,rarely served; campaign paused,,0,0, --,USD,0,0.00, --, --, --, --,0,0.00%,0.00,0,0.00
Enabled,[deck contractor aldie va],Exact match,loudoun decks,Deck Builder - Aldie,Not eligible,campaign paused,,0,0, --,USD,0,0.00, --, --, --, --,0,0.00%,0.00,0,0.00
Enabled,"""deck builders aldie""",Phrase match,loudoun decks,Deck Builder - Aldie,Not eligible,rarely served; campaign paused,,0,0, --,USD,0,0.00, --, --, --, --,0,0.00%,0.00,0,0.00
Enabled,[custom deck builder aldie],Exact match,loudoun decks,Deck Builder - Aldie,Not eligible,rarely served; campaign paused,,0,0, --,USD,0,0.00, --, --, --, --,0,0.00%,0.00,0,0.00
Enabled,[deck resurfacing aldie],Exact match,loudoun decks,Deck Builder - Aldie,Not eligible,rarely served; campaign paused,,0,0, --,USD,0,0.00, --, --, --, --,0,0.00%,0.00,0,0.00
Enabled,"""composite deck aldie""",Phrase match,loudoun decks,Deck Builder - Aldie,Not eligible,rarely served; campaign paused,,0,0, --,USD,0,0.00, --, --, --, --,0,0.00%,0.00,0,0.00
Enabled,[deck builders aldie va],Exact match,loudoun decks,Deck Builder - Aldie,Not eligible,campaign paused,,0,0, --,USD,0,0.00, --, --, --, --,0,0.00%,0.00,0,0.00
Enabled,[composite decking near me],Exact match,Fairfax-Search-Search - Deck Leads - VA - May 2025,Composite Decks,Not eligible,campaign paused,,0,0, --,USD,0,0.00, --, --, --, --,0,0.00%,0.00,0,0.00
Enabled,[deck company aldie],Exact match,loudoun decks,Deck Builder - Aldie,Not eligible,rarely served; campaign paused,,0,0, --,USD,0,0.00, --, --, --, --,0,0.00%,0.00,0,0.00
Enabled,[deck company aldie va],Exact match,loudoun decks,Deck Builder - Aldie,Not eligible,rarely served; campaign paused,,0,0, --,USD,0,0.00, --, --, --, --,0,0.00%,0.00,0,0.00
Enabled,[composite deck builder aldie],Exact match,loudoun decks,Deck Builder - Aldie,Not eligible,rarely served; campaign paused,,0,0, --,USD,0,0.00, --, --, --, --,0,0.00%,0.00,0,0.00
Enabled,"""deck company aldie""",Phrase match,loudoun decks,Deck Builder - Aldie,Not eligible,rarely served; campaign paused,,0,0, --,USD,0,0.00, --, --, --, --,0,0.00%,0.00,0,0.00
Enabled,[convert wood deck to composite],Exact match,SRCH | Replacement + Resurfacing | 3 Counties | Calls,Replace Wood With Composite,Eligible,,https://www.ldndecks.com/services/deck-replacement/,0,0, --,USD,0,0.00, --, --, --, --,0,0.00%,0.00,0,0.00
Enabled,"""upgrade wood deck to composite""",Phrase match,SRCH | Replacement + Resurfacing | 3 Counties | Calls,Replace Wood With Composite,Not eligible,rarely served,https://www.ldndecks.com/services/deck-replacement/,0,0, --,USD,0,0.00, --, --, --, --,0,0.00%,0.00,0,0.00
Enabled,"""wood to composite deck""",Phrase match,SRCH | Replacement + Resurfacing | 3 Counties | Calls,Replace Wood With Composite,Eligible,,https://www.ldndecks.com/services/deck-replacement/,0,0, --,USD,0,0.00, --, --, --, --,0,0.00%,0.00,0,0.00
Enabled,[wood deck to trex],Exact match,SRCH | Replacement + Resurfacing | 3 Counties | Calls,Replace Wood With Composite,Eligible,,https://www.ldndecks.com/services/deck-replacement/,0,0, --,USD,0,0.00, --, --, --, --,0,0.00%,0.00,0,0.00
Enabled,"""replace wood deck with composite""",Phrase match,SRCH | Replacement + Resurfacing | 3 Counties | Calls,Replace Wood With Composite,Eligible,,https://www.ldndecks.com/services/deck-replacement/,0,0, --,USD,0,0.00, --, --, --, --,0,0.00%,0.00,0,0.00
Enabled,[replace wood deck with composite],Exact match,SRCH | Replacement + Resurfacing | 3 Counties | Calls,Replace Wood With Composite,Eligible,,https://www.ldndecks.com/services/deck-replacement/,0,0, --,USD,0,0.00, --, --, --, --,0,0.00%,0.00,0,0.00
Enabled,[replace deck boards with composite],Exact match,SRCH | Replacement + Resurfacing | 3 Counties | Calls,Replace Wood With Composite,Eligible,,https://www.ldndecks.com/services/deck-replacement/,1,0,0.00%,USD,0,0.00, --, --, --, --,0,0.00%,0.00,0,0.00
Enabled,"""convert wood deck to composite""",Phrase match,SRCH | Replacement + Resurfacing | 3 Counties | Calls,Replace Wood With Composite,Eligible,,https://www.ldndecks.com/services/deck-replacement/,0,0, --,USD,0,0.00, --, --, --, --,0,0.00%,0.00,0,0.00
Enabled,"""replace wood deck with trex""",Phrase match,SRCH | Replacement + Resurfacing | 3 Counties | Calls,Replace Wood With Composite,Eligible,,https://www.ldndecks.com/services/deck-replacement/,0,0, --,USD,0,0.00, --, --, --, --,0,0.00%,0.00,0,0.00
Enabled,"""wood deck to trex""",Phrase match,SRCH | Replacement + Resurfacing | 3 Counties | Calls,Replace Wood With Composite,Eligible,,https://www.ldndecks.com/services/deck-replacement/,0,0, --,USD,0,0.00, --, --, --, --,0,0.00%,0.00,0,0.00
Enabled,[wood to composite deck],Exact match,SRCH | Replacement + Resurfacing | 3 Counties | Calls,Replace Wood With Composite,Eligible,,https://www.ldndecks.com/services/deck-replacement/,0,0, --,USD,0,0.00, --, --, --, --,0,0.00%,0.00,0,0.00
Enabled,"""replace pressure treated deck with composite""",Phrase match,SRCH | Replacement + Resurfacing | 3 Counties | Calls,Replace Wood With Composite,Not eligible,rarely served,https://www.ldndecks.com/services/deck-replacement/,0,0, --,USD,0,0.00, --, --, --, --,0,0.00%,0.00,0,0.00
Enabled,"""replace deck boards with composite""",Phrase match,SRCH | Replacement + Resurfacing | 3 Counties | Calls,Replace Wood With Composite,Eligible,,https://www.ldndecks.com/services/deck-replacement/,0,0, --,USD,0,0.00, --, --, --, --,0,0.00%,0.00,0,0.00
Enabled,[deck replacement],Exact match,SRCH | Replacement + Resurfacing | 3 Counties | Calls,Deck Replacement,Eligible,,https://www.ldndecks.com/services/deck-replacement/,2,0,0.00%,USD,0,0.00, --, --, --, --,0,0.00%,0.00,0,0.00
Enabled,"""replace old deck""",Phrase match,SRCH | Replacement + Resurfacing | 3 Counties | Calls,Deck Replacement,Eligible,,https://www.ldndecks.com/services/deck-replacement/,0,0, --,USD,0,0.00, --, --, --, --,0,0.00%,0.00,0,0.00
Enabled,"""deck replacement prince william county""",Phrase match,SRCH | Replacement + Resurfacing | 3 Counties | Calls,Deck Replacement,Not eligible,rarely served,https://www.ldndecks.com/services/deck-replacement/,0,0, --,USD,0,0.00, --, --, --, --,0,0.00%,0.00,0,0.00
Enabled,"""wood deck replacement""",Phrase match,SRCH | Replacement + Resurfacing | 3 Counties | Calls,Deck Replacement,Eligible,,https://www.ldndecks.com/services/deck-replacement/,0,0, --,USD,0,0.00, --, --, --, --,0,0.00%,0.00,0,0.00
Enabled,"""deck replacement company""",Phrase match,SRCH | Replacement + Resurfacing | 3 Counties | Calls,Deck Replacement,Eligible,,https://www.ldndecks.com/services/deck-replacement/,1,0,0.00%,USD,0,0.00, --, --, --, --,0,0.00%,0.00,0,0.00
Enabled,[deck rebuild contractor],Exact match,SRCH | Replacement + Resurfacing | 3 Counties | Calls,Deck Replacement,Eligible,,https://www.ldndecks.com/services/deck-replacement/,0,0, --,USD,0,0.00, --, --, --, --,0,0.00%,0.00,0,0.00
Enabled,"""deck replacement fairfax county""",Phrase match,SRCH | Replacement + Resurfacing | 3 Counties | Calls,Deck Replacement,Not eligible,rarely served,https://www.ldndecks.com/services/deck-replacement/,0,0, --,USD,0,0.00, --, --, --, --,0,0.00%,0.00,0,0.00
Enabled,"""deck rebuild contractor""",Phrase match,SRCH | Replacement + Resurfacing | 3 Counties | Calls,Deck Replacement,Eligible,,https://www.ldndecks.com/services/deck-replacement/,0,0, --,USD,0,0.00, --, --, --, --,0,0.00%,0.00,0,0.00
Enabled,"""deck replacement loudoun county""",Phrase match,SRCH | Replacement + Resurfacing | 3 Counties | Calls,Deck Replacement,Not eligible,rarely served,https://www.ldndecks.com/services/deck-replacement/,0,0, --,USD,0,0.00, --, --, --, --,0,0.00%,0.00,0,0.00
Enabled,"""deck replacement contractor""",Phrase match,SRCH | Replacement + Resurfacing | 3 Counties | Calls,Deck Replacement,Eligible,,https://www.ldndecks.com/services/deck-replacement/,21,2,9.52%,USD,41.85,83.69, --, --, --, --,2,0.00%,0.00,41.85,0.00
Enabled,"""deck replacement""",Phrase match,SRCH | Replacement + Resurfacing | 3 Counties | Calls,Deck Replacement,Eligible,,https://www.ldndecks.com/services/deck-replacement/,16,1,6.25%,USD,10.90,10.90, --, --, --, --,1,0.00%,0.00,10.90,0.00
Enabled,[deck replacement contractor],Exact match,SRCH | Replacement + Resurfacing | 3 Counties | Calls,Deck Replacement,Eligible,,https://www.ldndecks.com/services/deck-replacement/,0,0, --,USD,0,0.00, --, --, --, --,0,0.00%,0.00,0,0.00
Enabled,[deck replacement near me],Exact match,SRCH | Replacement + Resurfacing | 3 Counties | Calls,Deck Replacement,Eligible,,https://www.ldndecks.com/services/deck-replacement/,0,0, --,USD,0,0.00, --, --, --, --,0,0.00%,0.00,0,0.00
Enabled,[replace old deck],Exact match,SRCH | Replacement + Resurfacing | 3 Counties | Calls,Deck Replacement,Eligible,,https://www.ldndecks.com/services/deck-replacement/,0,0, --,USD,0,0.00, --, --, --, --,0,0.00%,0.00,0,0.00
Enabled,"""deck replacement near me""",Phrase match,SRCH | Replacement + Resurfacing | 3 Counties | Calls,Deck Replacement,Eligible,,https://www.ldndecks.com/services/deck-replacement/,0,0, --,USD,0,0.00, --, --, --, --,0,0.00%,0.00,0,0.00
Enabled,[composite deck resurfacing],Exact match,SRCH | Replacement + Resurfacing | 3 Counties | Calls,Deck Resurfacing,Eligible,,https://www.ldndecks.com/services/deck-replacement/,0,0, --,USD,0,0.00, --, --, --, --,0,0.00%,0.00,0,0.00
Enabled,"""deck resurfacing fairfax county""",Phrase match,SRCH | Replacement + Resurfacing | 3 Counties | Calls,Deck Resurfacing,Not eligible,rarely served,https://www.ldndecks.com/services/deck-replacement/,0,0, --,USD,0,0.00, --, --, --, --,0,0.00%,0.00,0,0.00
Enabled,"""deck board replacement composite""",Phrase match,SRCH | Replacement + Resurfacing | 3 Counties | Calls,Deck Resurfacing,Eligible,,https://www.ldndecks.com/services/deck-replacement/,0,0, --,USD,0,0.00, --, --, --, --,0,0.00%,0.00,0,0.00
Enabled,"""deck resurfacing""",Phrase match,SRCH | Replacement + Resurfacing | 3 Counties | Calls,Deck Resurfacing,Eligible,,https://www.ldndecks.com/services/deck-replacement/,2,0,0.00%,USD,0,0.00,3,Below average,Below average,Above average,0,0.00%,0.00,0,0.00
Enabled,[deck resurfacing],Exact match,SRCH | Replacement + Resurfacing | 3 Counties | Calls,Deck Resurfacing,Eligible,,https://www.ldndecks.com/services/deck-replacement/,7,1,14.29%,USD,10.26,10.26,3,Below average,Below average,Above average,1,0.00%,0.00,10.26,0.00
Enabled,"""deck resurfacing loudoun county""",Phrase match,SRCH | Replacement + Resurfacing | 3 Counties | Calls,Deck Resurfacing,Eligible,,https://www.ldndecks.com/services/deck-replacement/,0,0, --,USD,0,0.00, --, --, --, --,0,0.00%,0.00,0,0.00
Enabled,[deck resurfacing contractor],Exact match,SRCH | Replacement + Resurfacing | 3 Counties | Calls,Deck Resurfacing,Eligible,,https://www.ldndecks.com/services/deck-replacement/,0,0, --,USD,0,0.00, --, --, --, --,0,0.00%,0.00,0,0.00
Enabled,[deck resurfacing near me],Exact match,SRCH | Replacement + Resurfacing | 3 Counties | Calls,Deck Resurfacing,Eligible,,https://www.ldndecks.com/services/deck-replacement/,1,0,0.00%,USD,0,0.00,3,Below average,Average,Below average,0,0.00%,0.00,0,0.00
Enabled,"""deck resurfacing contractor""",Phrase match,SRCH | Replacement + Resurfacing | 3 Counties | Calls,Deck Resurfacing,Eligible,,https://www.ldndecks.com/services/deck-replacement/,1,0,0.00%,USD,0,0.00, --, --, --, --,0,0.00%,0.00,0,0.00
Enabled,"""deck resurfacing company""",Phrase match,SRCH | Replacement + Resurfacing | 3 Counties | Calls,Deck Resurfacing,Eligible,,https://www.ldndecks.com/services/deck-replacement/,0,0, --,USD,0,0.00, --, --, --, --,0,0.00%,0.00,0,0.00
Enabled,"""composite deck resurfacing""",Phrase match,SRCH | Replacement + Resurfacing | 3 Counties | Calls,Deck Resurfacing,Eligible,,https://www.ldndecks.com/services/deck-replacement/,0,0, --,USD,0,0.00, --, --, --, --,0,0.00%,0.00,0,0.00
Enabled,"""resurface deck with composite""",Phrase match,SRCH | Replacement + Resurfacing | 3 Counties | Calls,Deck Resurfacing,Eligible,,https://www.ldndecks.com/services/deck-replacement/,0,0, --,USD,0,0.00, --, --, --, --,0,0.00%,0.00,0,0.00
Enabled,"""deck resurfacing near me""",Phrase match,SRCH | Replacement + Resurfacing | 3 Counties | Calls,Deck Resurfacing,Eligible,,https://www.ldndecks.com/services/deck-replacement/,2,0,0.00%,USD,0,0.00,3,Below average,Average,Below average,0,0.00%,0.00,0,0.00
Enabled,[resurface deck with composite],Exact match,SRCH | Replacement + Resurfacing | 3 Counties | Calls,Deck Resurfacing,Eligible,,https://www.ldndecks.com/services/deck-replacement/,0,0, --,USD,0,0.00, --, --, --, --,0,0.00%,0.00,0,0.00
Enabled,[custom deck builder near me],Exact match,Premium Composite Decks,Ad group 1,Not eligible,campaign paused,,"1,060",88,8.30%,USD,7.40,651.27, --, --, --, --,88,5.68%,5.00,7.40,130.25
Enabled,[trex deck installer],Exact match,Premium Composite Decks,Ad group 1,Not eligible,campaign paused,,107,8,7.48%,USD,6.25,49.96, --, --, --, --,8,0.00%,0.00,6.25,0.00
Enabled,[composite deck contractor],Exact match,Premium Composite Decks,Ad group 1,Not eligible,campaign paused,,321,25,7.79%,USD,7.86,196.59, --, --, --, --,25,12.00%,3.00,7.86,65.53
Enabled,[deck replacement contractor],Exact match,Premium Composite Decks,Ad group 1,Not eligible,campaign paused,,"2,570",132,5.14%,USD,10.65,1406.05,3,Below average,Average,Below average,132,7.58%,10.00,10.65,140.60
Enabled,[timbertech deck builder],Exact match,Premium Composite Decks,Ad group 1,Not eligible,campaign paused,,6,0,0.00%,USD,0,0.00, --, --, --, --,0,0.00%,0.00,0,0.00
 --,,Total: All but removed keywords, --, --, --,,,"8,514",473,5.56%,USD,9.39,4441.92, --, --, --, --,473,8.03%,38.00,9.39,116.89
,,Total: Keywords in your account,,,,,,"8,529",474,5.56%,USD,9.39,4451.45,,,,,474,8.02%,38.00,9.39,117.14
,,Total: Your keywords,,,,,,"2,145",114,5.31%,USD,10.17,1159.24,,,,,114,6.14%,7.00,10.17,165.61
,,Total: AI Max expanded matches,,,,,,"6,384",360,5.64%,USD,9.15,3292.21,,,,,360,8.61%,31.00,9.15,106.20
,,Total: AI Max landing page matches,,,,,,"3,242",128,3.95%,USD,8.31,1063.63,,,,,128,7.03%,9.00,8.31,118.18
,,Total: URL inclusions in your account,,,,,,5,0,0.00%,USD,0,0.00,,,,,0,0.00%,0.00,0,0.00
,,Total: Account,,,,,,"153,765","71,454",46.47%,USD,0.11,7633.40,,,,,"1,615",0.09%,62.00,4.73,123.12
,,Total: Demand Gen,,,,,,"20,089",856,4.26%,USD,0.07,60.26,,,,,158,0.00%,0.00,0.38,0.00
,,Total: Smart,,,,,,"15,724",248,1.58%,USD,0.84,208.79,,,,,248,0.81%,2.00,0.84,104.39
,,Total: Search,,,,,,"11,776",602,5.11%,USD,9.16,5515.08,,,,,602,7.81%,47.00,9.16,117.34
,,Total: Performance Max,,,,,,"106,176","69,748",65.69%,USD,0.03,1849.27,,,,,607,0.02%,13.00,3.05,142.25
