Search term,Match type,Added/Excluded,Campaign,Ad group,Currency code,Avg. CPM,Clicks,Impr.,CTR,Avg. CPC,Cost,Campaign type,Conv. rate,Conversions,Cost / conv.
paved garden d24,AI Max,None,Fairfax-Search-Search - Deck Leads - VA - May 2025,Deck + Patio / Outdoor Living,USD,0.00,0,1,0.00%,0,0.00,Search,0.00%,0.00,0.00
round pavers near me,AI Max,None,Fairfax-Search-Search - Deck Leads - VA - May 2025,Deck + Patio / Outdoor Living,USD,0.00,0,1,0.00%,0,0.00,Search,0.00%,0.00,0.00
deck medic,AI Max,None,Fairfax-Search-Search - Deck Leads - VA - May 2025,Deck Repair & Refinishing,USD,0.00,0,1,0.00%,0,0.00,Search,0.00%,0.00,0.00
custom concrete curbing,AI Max,None,Fairfax-Search-Search - Deck Leads - VA - May 2025,Deck + Patio / Outdoor Living,USD,0.00,0,1,0.00%,0,0.00,Search,0.00%,0.00,0.00
extension house,AI Max,None,Fairfax-Search-Search - Deck Leads - VA - May 2025,Deck Builders Near Me,USD,0.00,0,1,0.00%,0,0.00,Search,0.00%,0.00,0.00
enclosing under a deck,AI Max,None,Fairfax-Search-Search - Deck Leads - VA - May 2025,Deck Builders Near Me,USD,0.00,0,2,0.00%,0,0.00,Search,0.00%,0.00,0.00
deck waterproofing,AI Max,None,Fairfax-Search-Search - Deck Leads - VA - May 2025,Deck Builders Near Me,USD,0.00,0,1,0.00%,0,0.00,Search,0.00%,0.00,0.00
deck repair charles town wv,Performance Max,None,PMAX cu remarketing, --,USD,0.00,0,1,0.00%,0,0.00,Performance Max,0.00%,0.00,0.00
gazeboo,Performance Max,None,PMAX cu remarketing, --,USD,0.00,0,2,0.00%,0,0.00,Performance Max,0.00%,0.00,0.00
84 lumber fredericksburg va,Performance Max,None,PMAX cu remarketing, --,USD,0.00,0,3,0.00%,0,0.00,Performance Max,0.00%,0.00,0.00
making porch,Performance Max,None,PMAX cu remarketing, --,USD,0.00,0,1,0.00%,0,0.00,Performance Max,0.00%,0.00,0.00
ground level deck,Performance Max,None,PMAX cu remarketing, --,USD,0.00,0,5,0.00%,0,0.00,Performance Max,0.00%,0.00,0.00
porch screening near me,Performance Max,None,PMAX cu remarketing, --,USD,0.00,0,2,0.00%,0,0.00,Performance Max,0.00%,0.00,0.00
pergola contractors near me,Performance Max,None,PMAX cu remarketing, --,USD,0.00,0,2,0.00%,0,0.00,Performance Max,0.00%,0.00,0.00
reston hoa rules,Performance Max,None,PMAX cu remarketing, --,USD,0.00,0,1,0.00%,0,0.00,Performance Max,0.00%,0.00,0.00
quality edge under deck,AI Max,None,Premium Composite Decks,Ad group 1,USD,0.00,0,1,0.00%,0,0.00,Search,0.00%,0.00,0.00
timbertech cypress,AI Max,None,Premium Composite Decks,Ad group 1,USD,0.00,0,1,0.00%,0,0.00,Search,0.00%,0.00,0.00
deck and patio contractors near me,Exact match (close variant),None,Premium Composite Decks,Ad group 1,USD,0.00,0,4,0.00%,0,0.00,Search,0.00%,0.00,0.00
trex flooring,AI Max,None,Premium Composite Decks,Ad group 1,USD,0.00,0,2,0.00%,0,0.00,Search,0.00%,0.00,0.00
deck remodelers,Exact match (close variant),None,Premium Composite Decks,Ad group 1,USD,0.00,0,2,0.00%,0,0.00,Search,0.00%,0.00,0.00
stone patio ideas,AI Max,None,Premium Composite Decks,Ad group 1,USD,0.00,0,1,0.00%,0,0.00,Search,0.00%,0.00,0.00
black deck house,AI Max,None,Premium Composite Decks,Ad group 1,USD,0.00,0,1,0.00%,0,0.00,Search,0.00%,0.00,0.00
deck builders harpers ferry wv,AI Max,None,Premium Composite Decks,Ad group 1,USD,0.00,0,1,0.00%,0,0.00,Search,0.00%,0.00,0.00
loudoun deck,Broad match,None,loudoun decks,Deck Builder - Brambleton,USD,2100.00,1,2,50.00%,4.20,4.20,Search,0.00%,0.00,0.00
backyard,AI Max,None,loudoun decks,Deck Builder - Middleburg,USD,0.00,0,1,0.00%,0,0.00,Search,0.00%,0.00,0.00
fa outdoor spaces,AI Max,None,loudoun decks,Deck Builder - South Riding,USD,0.00,0,1,0.00%,0,0.00,Search,0.00%,0.00,0.00
deck designs,AI Max,None,loudoun decks,Deck Builder - South Riding,USD,0.00,0,1,0.00%,0,0.00,Search,0.00%,0.00,0.00
aluminum roof for patio,AI Max,None,loudoun decks,Deck Builder - Brambleton,USD,0.00,0,1,0.00%,0,0.00,Search,0.00%,0.00,0.00
deck wood rot,AI Max,None,loudoun decks,Deck Builder - Lovettsville,USD,0.00,0,1,0.00%,0,0.00,Search,0.00%,0.00,0.00
trex,AI Max,None,loudoun decks,Deck Builder - Hamilton,USD,0.00,0,18,0.00%,0,0.00,Search,0.00%,0.00,0.00
backyard structure,Broad match,None,loudoun decks,Deck Builder - Brambleton,USD,0.00,0,3,0.00%,0,0.00,Search,0.00%,0.00,0.00
tw perry lumber leesburg va,Performance Max,None,Pmax - Dec4, --,USD,0.00,0,1,0.00%,0,0.00,Performance Max,0.00%,0.00,0.00
dream deck,Performance Max,None,Pmax - Dec4, --,USD,0.00,0,1,0.00%,0,0.00,Performance Max,0.00%,0.00,0.00
deck stains,Performance Max,None,Pmax - Dec4, --,USD,0.00,0,1,0.00%,0,0.00,Performance Max,0.00%,0.00,0.00
deck builders sterling va,AI Max,None,Deck Repair - Loudoun County,Deck Repair - Loudoun County,USD,0.00,0,3,0.00%,0,0.00,Search,0.00%,0.00,0.00
cost to refinish deck,AI Max,None,Deck Repair - Loudoun County,Deck Repair - Loudoun County,USD,0.00,0,2,0.00%,0,0.00,Search,0.00%,0.00,0.00
cost to repaint deck,AI Max,None,Deck Repair - Loudoun County,Deck Repair - Loudoun County,USD,0.00,0,1,0.00%,0,0.00,Search,0.00%,0.00,0.00
envision ridge premium decking,Phrase match (close variant),None,SRCH | Composite | 3 Counties | Calls,Composite Deck Cost,USD,0.00,0,1,0.00%,0,0.00,Search,0.00%,0.00,0.00
flip deck boards,AI Max,None,Fairfax-Search-Search - Deck Leads - VA - May 2025,Deck Repair & Refinishing,USD,0.00,0,1,0.00%,0,0.00,Search,0.00%,0.00,0.00
townhouse deck,AI Max,None,Fairfax-Search-Search - Deck Leads - VA - May 2025,Composite Decking,USD,21260.00,1,1,100.00%,21.26,21.26,Search,0.00%,0.00,0.00
dc building deck,Performance Max,None,PMAX cu remarketing, --,USD,0.00,0,1,0.00%,0,0.00,Performance Max,0.00%,0.00,0.00
lumber shops near me,Performance Max,None,PMAX cu remarketing, --,USD,0.00,0,1,0.00%,0,0.00,Performance Max,0.00%,0.00,0.00
porch vibes,Performance Max,None,PMAX cu remarketing, --,USD,4.91,1,29,3.45%,0.14,0.14,Performance Max,0.00%,0.00,0.00
deck builders in alexandria va,Performance Max,None,PMAX cu remarketing, --,USD,0.00,0,1,0.00%,0,0.00,Performance Max,0.00%,0.00,0.00
bluestone hardscape,Performance Max,None,PMAX cu remarketing, --,USD,0.00,0,1,0.00%,0,0.00,Performance Max,0.00%,0.00,0.00
trex decking tide pool,Performance Max,None,PMAX cu remarketing, --,USD,0.00,0,1,0.00%,0,0.00,Performance Max,0.00%,0.00,0.00
outdoor ideas for backyard,Performance Max,None,PMAX cu remarketing, --,USD,0.00,0,1,0.00%,0,0.00,Performance Max,0.00%,0.00,0.00
contractors in my area,Performance Max,None,PMAX cu remarketing, --,USD,1241.67,2,6,33.33%,3.73,7.45,Performance Max,0.00%,0.00,0.00
how to restain a deck,Performance Max,None,PMAX cu remarketing, --,USD,0.00,0,2,0.00%,0,0.00,Performance Max,0.00%,0.00,0.00
exterior remodeling company,Performance Max,None,PMAX cu remarketing, --,USD,0.00,0,1,0.00%,0,0.00,Performance Max,0.00%,0.00,0.00
awning for deck,Performance Max,None,PMAX cu remarketing, --,USD,0.00,0,2,0.00%,0,0.00,Performance Max,0.00%,0.00,0.00
hal co fence,Performance Max,None,PMAX cu remarketing, --,USD,0.00,0,3,0.00%,0,0.00,Performance Max,0.00%,0.00,0.00
trex decking beach dune,Performance Max,None,PMAX cu remarketing, --,USD,0.00,0,1,0.00%,0,0.00,Performance Max,0.00%,0.00,0.00
14843 persistence dr,Performance Max,None,PMAX cu remarketing, --,USD,0.00,0,2,0.00%,0,0.00,Performance Max,0.00%,0.00,0.00
decks and docks baltimore,Performance Max,None,PMAX cu remarketing, --,USD,0.00,0,2,0.00%,0,0.00,Performance Max,0.00%,0.00,0.00
concrete pool deck repair,Performance Max,None,PMAX cu remarketing, --,USD,0.00,0,1,0.00%,0,0.00,Performance Max,0.00%,0.00,0.00
fence capping installation,Performance Max,None,PMAX cu remarketing, --,USD,0.00,0,1,0.00%,0,0.00,Performance Max,0.00%,0.00,0.00
how to replace a rotten deck board,Performance Max,None,PMAX cu remarketing, --,USD,0.00,0,1,0.00%,0,0.00,Performance Max,0.00%,0.00,0.00
fairfax decks llc,Performance Max,None,PMAX cu remarketing, --,USD,0.00,0,2,0.00%,0,0.00,Performance Max,0.00%,0.00,0.00
wooden fence repair,Performance Max,None,PMAX cu remarketing, --,USD,0.00,0,1,0.00%,0,0.00,Performance Max,0.00%,0.00,0.00
tw perry springfield,Performance Max,None,PMAX cu remarketing, --,USD,0.00,0,6,0.00%,0,0.00,Performance Max,0.00%,0.00,0.00
cobra deck and concrete,AI Max,None,Premium Composite Decks,Ad group 1,USD,0.00,0,2,0.00%,0,0.00,Search,0.00%,0.00,0.00
brown trex decking,AI Max,None,Premium Composite Decks,Ad group 1,USD,0.00,0,1,0.00%,0,0.00,Search,0.00%,0.00,0.00
loudoun county typical deck details,AI Max,None,Premium Composite Decks,Ad group 1,USD,0.00,0,2,0.00%,0,0.00,Search,0.00%,0.00,0.00
outdoor railing,AI Max,None,Premium Composite Decks,Ad group 1,USD,0.00,0,2,0.00%,0,0.00,Search,0.00%,0.00,0.00
screening under deck,AI Max,None,Premium Composite Decks,Ad group 1,USD,0.00,0,5,0.00%,0,0.00,Search,0.00%,0.00,0.00
fiberon decking,AI Max,None,Premium Composite Decks,Ad group 1,USD,0.00,0,7,0.00%,0,0.00,Search,0.00%,0.00,0.00
deck staining company,AI Max,None,Premium Composite Decks,Ad group 1,USD,0.00,0,1,0.00%,0,0.00,Search,0.00%,0.00,0.00
curved trex railing,AI Max,None,Premium Composite Decks,Ad group 1,USD,0.00,0,1,0.00%,0,0.00,Search,0.00%,0.00,0.00
railing post,AI Max,None,Premium Composite Decks,Ad group 1,USD,0.00,0,1,0.00%,0,0.00,Search,0.00%,0.00,0.00
ashmeg construction,AI Max,None,Premium Composite Decks,Ad group 1,USD,0.00,0,1,0.00%,0,0.00,Search,0.00%,0.00,0.00
deck helmet photos,AI Max,None,Premium Composite Decks,Ad group 1,USD,0.00,0,1,0.00%,0,0.00,Search,0.00%,0.00,0.00
hambleton handyman,AI Max,None,Premium Composite Decks,Ad group 1,USD,0.00,0,2,0.00%,0,0.00,Search,0.00%,0.00,0.00
handyman gainesville va,AI Max,None,Premium Composite Decks,Ad group 1,USD,0.00,0,1,0.00%,0,0.00,Search,0.00%,0.00,0.00
sunsetters,Broad match,None,loudoun decks,Deck Builder - Brambleton,USD,0.00,0,1,0.00%,0,0.00,Search,0.00%,0.00,0.00
true decks,AI Max,None,loudoun decks,Deck Builder - South Riding,USD,0.00,0,2,0.00%,0,0.00,Search,0.00%,0.00,0.00
deck with patio,Phrase match (close variant),None,loudoun decks,Deck Builder - Brambleton,USD,0.00,0,1,0.00%,0,0.00,Search,0.00%,0.00,0.00
screeneze near me,Broad match,None,loudoun decks,Deck Builder - Brambleton,USD,0.00,0,1,0.00%,0,0.00,Search,0.00%,0.00,0.00
trusted builders,AI Max,None,loudoun decks,Deck Builder - South Riding,USD,0.00,0,1,0.00%,0,0.00,Search,0.00%,0.00,0.00
timbertech maritime grey,AI Max,None,loudoun decks,Deck Builder - Hamilton,USD,0.00,0,1,0.00%,0,0.00,Search,0.00%,0.00,0.00
armour fence,Performance Max,None,Pmax - Dec4, --,USD,0.00,0,2,0.00%,0,0.00,Performance Max,0.00%,0.00,0.00
trex material near me,Performance Max,None,Pmax - Dec4, --,USD,0.00,0,1,0.00%,0,0.00,Performance Max,0.00%,0.00,0.00
pvc deck restorer,AI Max,None,Deck Repair - Loudoun County,Deck Repair - Loudoun County,USD,0.00,0,1,0.00%,0,0.00,Search,0.00%,0.00,0.00
deckorators voyage decking,Phrase match (close variant),None,SRCH | Composite | 3 Counties | Calls,Composite Deck Cost,USD,0.00,0,1,0.00%,0,0.00,Search,0.00%,0.00,0.00
outdoor living,AI Max,None,Fairfax-Search-Search - Deck Leads - VA - May 2025,Deck + Patio / Outdoor Living,USD,0.00,0,35,0.00%,0,0.00,Search,0.00%,0.00,0.00
patio awning,AI Max,None,Fairfax-Search-Search - Deck Leads - VA - May 2025,Deck + Patio / Outdoor Living,USD,0.00,0,1,0.00%,0,0.00,Search,0.00%,0.00,0.00
patio,AI Max,None,Fairfax-Search-Search - Deck Leads - VA - May 2025,Deck + Patio / Outdoor Living,USD,0.00,0,12,0.00%,0,0.00,Search,0.00%,0.00,0.00
pavers concrete,AI Max,None,Fairfax-Search-Search - Deck Leads - VA - May 2025,Deck + Patio / Outdoor Living,USD,0.00,0,1,0.00%,0,0.00,Search,0.00%,0.00,0.00
tuffblock deck,AI Max,None,Fairfax-Search-Search - Deck Leads - VA - May 2025,Composite Decking,USD,0.00,0,1,0.00%,0,0.00,Search,0.00%,0.00,0.00
abundant design and build,AI Max,None,Fairfax-Search-Search - Deck Leads - VA - May 2025,Deck + Patio / Outdoor Living,USD,0.00,0,1,0.00%,0,0.00,Search,0.00%,0.00,0.00
brick pavers,AI Max,None,Fairfax-Search-Search - Deck Leads - VA - May 2025,Deck + Patio / Outdoor Living,USD,0.00,0,1,0.00%,0,0.00,Search,0.00%,0.00,0.00
rejointing patio,AI Max,None,Fairfax-Search-Search - Deck Leads - VA - May 2025,Deck Repair & Refinishing,USD,0.00,0,1,0.00%,0,0.00,Search,0.00%,0.00,0.00
deck lean to,AI Max,None,Fairfax-Search-Search - Deck Leads - VA - May 2025,Deck + Patio / Outdoor Living,USD,0.00,0,1,0.00%,0,0.00,Search,0.00%,0.00,0.00
deck redesign,AI Max,None,Fairfax-Search-Search - Deck Leads - VA - May 2025,Composite Decking,USD,0.00,0,1,0.00%,0,0.00,Search,0.00%,0.00,0.00
porches for sale near me,Performance Max,None,PMAX cu remarketing, --,USD,0.00,0,1,0.00%,0,0.00,Performance Max,0.00%,0.00,0.00
house power wash,Performance Max,None,PMAX cu remarketing, --,USD,0.00,0,1,0.00%,0,0.00,Performance Max,0.00%,0.00,0.00
merrick design and build,Performance Max,None,PMAX cu remarketing, --,USD,0.00,0,2,0.00%,0,0.00,Performance Max,0.00%,0.00,0.00
landscaping companies,Performance Max,None,PMAX cu remarketing, --,USD,3825.00,1,2,50.00%,7.65,7.65,Performance Max,0.00%,0.00,0.00
core contractors,Performance Max,None,PMAX cu remarketing, --,USD,0.00,0,1,0.00%,0,0.00,Performance Max,0.00%,0.00,0.00
zip up underdeck installation,Performance Max,None,PMAX cu remarketing, --,USD,0.00,0,1,0.00%,0,0.00,Performance Max,0.00%,0.00,0.00
deck depot,Performance Max,None,PMAX cu remarketing, --,USD,0.00,0,2,0.00%,0,0.00,Performance Max,0.00%,0.00,0.00
fence repair,Performance Max,None,PMAX cu remarketing, --,USD,0.00,0,5,0.00%,0,0.00,Performance Max,0.00%,0.00,0.00
pavers manassas va,Performance Max,None,PMAX cu remarketing, --,USD,0.00,0,1,0.00%,0,0.00,Performance Max,0.00%,0.00,0.00
half decks for above ground pools,Performance Max,None,PMAX cu remarketing, --,USD,0.00,0,1,0.00%,0,0.00,Performance Max,0.00%,0.00,0.00
building deck with roof,Performance Max,None,PMAX cu remarketing, --,USD,0.00,0,2,0.00%,0,0.00,Performance Max,0.00%,0.00,0.00
construction kev,Performance Max,None,PMAX cu remarketing, --,USD,0.00,0,1,0.00%,0,0.00,Performance Max,0.00%,0.00,0.00
sleeping porch,Performance Max,None,PMAX cu remarketing, --,USD,0.00,0,1,0.00%,0,0.00,Performance Max,0.00%,0.00,0.00
pergola,Performance Max,None,PMAX cu remarketing, --,USD,0.00,0,10,0.00%,0,0.00,Performance Max,0.00%,0.00,0.00
house wash va,Performance Max,None,PMAX cu remarketing, --,USD,0.00,0,1,0.00%,0,0.00,Performance Max,0.00%,0.00,0.00
deck repair contractors near me,Performance Max,None,PMAX cu remarketing, --,USD,0.00,0,8,0.00%,0,0.00,Performance Max,0.00%,0.00,0.00
cheapest composite decking,Performance Max,None,PMAX cu remarketing, --,USD,0.00,0,1,0.00%,0,0.00,Performance Max,0.00%,0.00,0.00
tyson deck fencing,Performance Max,None,PMAX cu remarketing, --,USD,0.00,0,1,0.00%,0,0.00,Performance Max,0.00%,0.00,0.00
landscape design services near me,Performance Max,None,PMAX cu remarketing, --,USD,0.00,0,1,0.00%,0,0.00,Performance Max,0.00%,0.00,0.00
deck company near me,Exact match (close variant),None,SRCH | Replacement + Resurfacing | 3 Counties | Calls,Deck Replacement,USD,0.00,0,1,0.00%,0,0.00,Search,0.00%,0.00,0.00
best deck builders northern virginia,AI Max,None,Premium Composite Decks,Ad group 1,USD,0.00,0,1,0.00%,0,0.00,Search,0.00%,0.00,0.00
deck styles,AI Max,None,Premium Composite Decks,Ad group 1,USD,0.00,0,1,0.00%,0,0.00,Search,0.00%,0.00,0.00
builders first source products,AI Max,None,Premium Composite Decks,Ad group 1,USD,0.00,0,1,0.00%,0,0.00,Search,0.00%,0.00,0.00
deck 20x20,AI Max,None,Premium Composite Decks,Ad group 1,USD,0.00,0,1,0.00%,0,0.00,Search,0.00%,0.00,0.00
black locust wood planks,AI Max,None,Premium Composite Decks,Ad group 1,USD,0.00,0,1,0.00%,0,0.00,Search,0.00%,0.00,0.00
deck railings,AI Max,None,Premium Composite Decks,Ad group 1,USD,0.00,0,1,0.00%,0,0.00,Search,0.00%,0.00,0.00
deck building cost,AI Max,None,Premium Composite Decks,Ad group 1,USD,0.00,0,1,0.00%,0,0.00,Search,0.00%,0.00,0.00
blue stone pavers near me,AI Max,None,Premium Composite Decks,Ad group 1,USD,0.00,0,2,0.00%,0,0.00,Search,0.00%,0.00,0.00
fairfax decks,AI Max,None,Premium Composite Decks,Ad group 1,USD,0.00,0,1,0.00%,0,0.00,Search,0.00%,0.00,0.00
deckman,AI Max,None,Premium Composite Decks,Ad group 1,USD,0.00,0,7,0.00%,0,0.00,Search,0.00%,0.00,0.00
patio backyard ideas,AI Max,None,Premium Composite Decks,Ad group 1,USD,0.00,0,1,0.00%,0,0.00,Search,0.00%,0.00,0.00
davis construction,AI Max,None,Premium Composite Decks,Ad group 1,USD,0.00,0,1,0.00%,0,0.00,Search,0.00%,0.00,0.00
best price on trex,Phrase match (close variant),None,loudoun decks,Deck Builder - Brambleton,USD,0.00,0,1,0.00%,0,0.00,Search,0.00%,0.00,0.00
floating decks,AI Max,None,loudoun decks,Loudoun Decks,USD,0.00,0,2,0.00%,0,0.00,Search,0.00%,0.00,0.00
patio covers,AI Max,None,loudoun decks,Deck Builder - South Riding,USD,0.00,0,1,0.00%,0,0.00,Search,0.00%,0.00,0.00
underdeck drainage system,Phrase match (close variant),None,loudoun decks,Deck Builder - Brambleton,USD,0.00,0,1,0.00%,0,0.00,Search,0.00%,0.00,0.00
deck,AI Max,None,loudoun decks,Deck Builder - Hamilton,USD,0.00,0,2,0.00%,0,0.00,Search,0.00%,0.00,0.00
custom builders northern virginia,Broad match,None,loudoun decks,Deck Builder - Brambleton,USD,0.00,0,1,0.00%,0,0.00,Search,0.00%,0.00,0.00
cantilever decks,Phrase match (close variant),None,loudoun decks,Deck Builder - Brambleton,USD,0.00,0,1,0.00%,0,0.00,Search,0.00%,0.00,0.00
northern virginia custom home builders,AI Max,None,loudoun decks,Deck Builder - Lansdowne,USD,0.00,0,1,0.00%,0,0.00,Search,0.00%,0.00,0.00
restaining old deck,Performance Max,None,Pmax - Dec4, --,USD,0.00,0,1,0.00%,0,0.00,Performance Max,0.00%,0.00,0.00
deck power washing,Performance Max,None,Pmax - Dec4, --,USD,0.00,0,2,0.00%,0,0.00,Performance Max,0.00%,0.00,0.00
power washing in northern virginia,Performance Max,None,Pmax - Dec4, --,USD,0.00,0,1,0.00%,0,0.00,Performance Max,0.00%,0.00,0.00
northern virginia deck and fence,Performance Max,None,Pmax - Dec4, --,USD,0.00,0,1,0.00%,0,0.00,Performance Max,0.00%,0.00,0.00
carpenter near me,Performance Max,None,Pmax - Dec4, --,USD,0.00,0,2,0.00%,0,0.00,Performance Max,0.00%,0.00,0.00
deck near me,AI Max,None,Deck Repair - Loudoun County,Deck Repair - Loudoun County,USD,0.00,0,2,0.00%,0,0.00,Search,0.00%,0.00,0.00
trex lava rock 16 ft,AI Max,None,Deck Repair - Loudoun County,Composite - Trex Repair,USD,0.00,0,1,0.00%,0,0.00,Search,0.00%,0.00,0.00
a & l construction,AI Max,None,Deck Repair - Loudoun County,Composite - Trex Repair,USD,0.00,0,1,0.00%,0,0.00,Search,0.00%,0.00,0.00
composite deck restoration,Exact match,Added,Deck Repair - Loudoun County,Composite - Trex Repair,USD,260.00,1,1,100.00%,0.26,0.26,Search,0.00%,0.00,0.00
under deck waterproofing,AI Max,None,Deck Repair - Loudoun County,Composite - Trex Repair,USD,0.00,0,2,0.00%,0,0.00,Search,0.00%,0.00,0.00
wood rot repair near me,AI Max,None,Deck Repair - Loudoun County,Deck Repair - Loudoun County,USD,0.00,0,2,0.00%,0,0.00,Search,0.00%,0.00,0.00
refinishing deck boards,AI Max,None,Deck Repair - Loudoun County,Deck Repair - Loudoun County,USD,0.00,0,2,0.00%,0,0.00,Search,0.00%,0.00,0.00
concrete slab for deck,AI Max,None,Fairfax-Search-Search - Deck Leads - VA - May 2025,Deck + Patio / Outdoor Living,USD,0.00,0,1,0.00%,0,0.00,Search,0.00%,0.00,0.00
building an exterior staircase,Performance Max,None,PMAX cu remarketing, --,USD,0.00,0,1,0.00%,0,0.00,Performance Max,0.00%,0.00,0.00
outdoor deck cleaning service,Performance Max,None,PMAX cu remarketing, --,USD,0.00,0,2,0.00%,0,0.00,Performance Max,0.00%,0.00,0.00
steam deck repair near me,Performance Max,None,PMAX cu remarketing, --,USD,0.00,0,1,0.00%,0,0.00,Performance Max,0.00%,0.00,0.00
under deck ideas,Performance Max,None,PMAX cu remarketing, --,USD,0.00,0,1,0.00%,0,0.00,Performance Max,0.00%,0.00,0.00
lowes decking designer,Performance Max,None,PMAX cu remarketing, --,USD,0.00,0,1,0.00%,0,0.00,Performance Max,0.00%,0.00,0.00
replace deck posts,Performance Max,None,PMAX cu remarketing, --,USD,0.00,0,2,0.00%,0,0.00,Performance Max,0.00%,0.00,0.00
wood fence panels installation,Performance Max,None,PMAX cu remarketing, --,USD,0.00,0,1,0.00%,0,0.00,Performance Max,0.00%,0.00,0.00
deck impact,Performance Max,None,PMAX cu remarketing, --,USD,1485.85,2,19,10.53%,14.12,28.23,Performance Max,0.00%,0.00,0.00
how to build deck,Performance Max,None,PMAX cu remarketing, --,USD,0.00,0,1,0.00%,0,0.00,Performance Max,0.00%,0.00,0.00
builders firstsource fotos,Performance Max,None,PMAX cu remarketing, --,USD,0.00,0,1,0.00%,0,0.00,Performance Max,0.00%,0.00,0.00
attached deck,AI Max,None,Premium Composite Decks,Ad group 1,USD,0.00,0,1,0.00%,0,0.00,Search,0.00%,0.00,0.00
best composite decking,AI Max,None,Premium Composite Decks,Ad group 1,USD,0.00,0,2,0.00%,0,0.00,Search,0.00%,0.00,0.00
lumber suppliers near me,AI Max,None,Premium Composite Decks,Ad group 1,USD,0.00,0,2,0.00%,0,0.00,Search,0.00%,0.00,0.00
outdoor pavilion,AI Max,None,Premium Composite Decks,Ad group 1,USD,0.00,0,1,0.00%,0,0.00,Search,0.00%,0.00,0.00
composite decking installers,Exact match (close variant),None,Premium Composite Decks,Ad group 1,USD,17280.00,2,1,200.00%,8.64,17.28,Search,0.00%,0.00,0.00
outdoor living spaces,AI Max,None,Premium Composite Decks,Ad group 1,USD,0.00,0,1,0.00%,0,0.00,Search,0.00%,0.00,0.00
trex composite decking reviews,AI Max,None,Premium Composite Decks,Ad group 1,USD,0.00,0,1,0.00%,0,0.00,Search,0.00%,0.00,0.00
cedar lumber,AI Max,None,Premium Composite Decks,Ad group 1,USD,0.00,0,2,0.00%,0,0.00,Search,0.00%,0.00,0.00
small home builders near me,AI Max,None,Premium Composite Decks,Ad group 1,USD,2850.00,1,1,100.00%,2.85,2.85,Search,0.00%,0.00,0.00
concrete deck construction,AI Max,None,Premium Composite Decks,Ad group 1,USD,43554.78,1,1,100.00%,43.55,43.55,Search,0.00%,0.00,0.00
distinctive deck designs,AI Max,None,Premium Composite Decks,Ad group 1,USD,0.00,0,1,0.00%,0,0.00,Search,0.00%,0.00,0.00
carpentry,AI Max,None,Premium Composite Decks,Ad group 1,USD,0.00,0,3,0.00%,0,0.00,Search,0.00%,0.00,0.00
deck filling,AI Max,None,Premium Composite Decks,Ad group 1,USD,0.00,0,1,0.00%,0,0.00,Search,0.00%,0.00,0.00
nova outdoor solutions,AI Max,None,loudoun decks,Deck Builder - Brambleton,USD,0.00,0,1,0.00%,0,0.00,Search,0.00%,0.00,0.00
concrete slab,Broad match,None,loudoun decks,Deck Builder - Brambleton,USD,0.00,0,1,0.00%,0,0.00,Search,0.00%,0.00,0.00
techo bloc,AI Max,None,loudoun decks,Loudoun Decks,USD,0.00,0,1,0.00%,0,0.00,Search,0.00%,0.00,0.00
deck builder near me,Exact match,Added,loudoun decks,Deck Builder - Purcellville,USD,0.00,0,5,0.00%,0,0.00,Search,0.00%,0.00,0.00
diamond decks,AI Max,None,loudoun decks,Deck Builder - Middleburg,USD,0.00,0,1,0.00%,0,0.00,Search,0.00%,0.00,0.00
cecco construction,Broad match,None,loudoun decks,Deck Builder - Brambleton,USD,0.00,0,1,0.00%,0,0.00,Search,0.00%,0.00,0.00
deck near me,Exact match (close variant),None,loudoun decks,Deck Builder - South Riding,USD,0.00,0,1,0.00%,0,0.00,Search,0.00%,0.00,0.00
outdoor deck areas,AI Max,None,Deck Repair - Loudoun County,Deck Replacement,USD,0.00,0,1,0.00%,0,0.00,Search,0.00%,0.00,0.00
backyard makeover,AI Max,None,Deck Repair - Loudoun County,Deck Restoration - Refinishing,USD,0.00,0,2,0.00%,0,0.00,Search,0.00%,0.00,0.00
decks direct,AI Max,None,Deck Repair - Loudoun County,Deck Restoration - Refinishing,USD,0.00,0,1,0.00%,0,0.00,Search,0.00%,0.00,0.00
empresa constructora cerca de mi,AI Max,None,Deck Repair - Loudoun County,Deck Replacement,USD,3080.00,1,2,50.00%,6.16,6.16,Search,0.00%,0.00,0.00
dec repair,Exact match (close variant),None,Deck Repair - Loudoun County,Deck Repair - Loudoun County,USD,4170.00,1,3,33.33%,12.51,12.51,Search,100.00%,1.00,12.51
trex dealership,AI Max,None,Deck Repair - Loudoun County,Deck Repair - Loudoun County,USD,0.00,0,1,0.00%,0,0.00,Search,0.00%,0.00,0.00
composite deck,AI Max,None,Deck Repair - Loudoun County,Composite - Trex Repair,USD,0.00,0,5,0.00%,0,0.00,Search,0.00%,0.00,0.00
outdoor decking,AI Max,None,Deck Repair - Loudoun County,Deck Replacement,USD,0.00,0,1,0.00%,0,0.00,Search,0.00%,0.00,0.00
sunroom builders near me,AI Max,None,Fairfax-Search-Search - Deck Leads - VA - May 2025,Deck Builders Near Me,USD,0.00,0,1,0.00%,0,0.00,Search,0.00%,0.00,0.00
nicolock alpine ridge pavers,AI Max,None,Fairfax-Search-Search - Deck Leads - VA - May 2025,Deck + Patio / Outdoor Living,USD,0.00,0,1,0.00%,0,0.00,Search,0.00%,0.00,0.00
belgard dimensions 12 sepia,AI Max,None,Fairfax-Search-Search - Deck Leads - VA - May 2025,Deck + Patio / Outdoor Living,USD,0.00,0,3,0.00%,0,0.00,Search,0.00%,0.00,0.00
replacing deck boards,AI Max,None,Fairfax-Search-Search - Deck Leads - VA - May 2025,Deck Repair & Refinishing,USD,0.00,0,3,0.00%,0,0.00,Search,0.00%,0.00,0.00
ecodecks design & build,AI Max,None,Fairfax-Search-Search - Deck Leads - VA - May 2025,Deck + Patio / Outdoor Living,USD,0.00,0,1,0.00%,0,0.00,Search,0.00%,0.00,0.00
how to paint deck with spray gun,Performance Max,None,PMAX cu remarketing, --,USD,0.00,0,1,0.00%,0,0.00,Performance Max,0.00%,0.00,0.00
pressure washing near me near me,Performance Max,None,PMAX cu remarketing, --,USD,0.00,0,3,0.00%,0,0.00,Performance Max,0.00%,0.00,0.00
deck sanding and sealing,Performance Max,None,PMAX cu remarketing, --,USD,0.00,0,1,0.00%,0,0.00,Performance Max,0.00%,0.00,0.00
deck america,Performance Max,None,PMAX cu remarketing, --,USD,0.00,0,1,0.00%,0,0.00,Performance Max,0.00%,0.00,0.00
armor fence virginia,Performance Max,None,PMAX cu remarketing, --,USD,0.00,0,2,0.00%,0,0.00,Performance Max,0.00%,0.00,0.00
dream builders of va,Performance Max,None,PMAX cu remarketing, --,USD,0.00,0,4,0.00%,0,0.00,Performance Max,0.00%,0.00,0.00
6x8x8 pressure treated lumber near me,Performance Max,None,PMAX cu remarketing, --,USD,0.00,0,1,0.00%,0,0.00,Performance Max,0.00%,0.00,0.00
decks builder near me,Performance Max,None,PMAX cu remarketing, --,USD,3750.00,1,1,100.00%,3.75,3.75,Performance Max,0.00%,0.00,0.00
power wash company near me,Performance Max,None,PMAX cu remarketing, --,USD,0.00,0,3,0.00%,0,0.00,Performance Max,0.00%,0.00,0.00
fa outdoor spaces reviews,Performance Max,None,PMAX cu remarketing, --,USD,0.00,0,13,0.00%,0,0.00,Performance Max,0.00%,0.00,0.00
composite vs wood deck,Performance Max,None,PMAX cu remarketing, --,USD,0.00,0,1,0.00%,0,0.00,Performance Max,0.00%,0.00,0.00
deck builder winchester va,Performance Max,None,PMAX cu remarketing, --,USD,0.00,0,1,0.00%,0,0.00,Performance Max,0.00%,0.00,0.00
deckmaster,Performance Max,None,PMAX cu remarketing, --,USD,0.00,0,4,0.00%,0,0.00,Performance Max,0.00%,0.00,0.00
cost to put up a fence,Performance Max,None,PMAX cu remarketing, --,USD,0.00,0,1,0.00%,0,0.00,Performance Max,0.00%,0.00,0.00
como reparar un deck de madera,Performance Max,None,PMAX cu remarketing, --,USD,0.00,0,1,0.00%,0,0.00,Performance Max,0.00%,0.00,0.00
fence companies in virginia,Performance Max,None,PMAX cu remarketing, --,USD,0.00,0,1,0.00%,0,0.00,Performance Max,0.00%,0.00,0.00
pea gravel patio,Performance Max,None,PMAX cu remarketing, --,USD,0.00,0,1,0.00%,0,0.00,Performance Max,0.00%,0.00,0.00
timbertech decking coconut husk,Performance Max,None,PMAX cu remarketing, --,USD,0.00,0,1,0.00%,0,0.00,Performance Max,0.00%,0.00,0.00
new patio ideas,Performance Max,None,PMAX cu remarketing, --,USD,0.00,0,1,0.00%,0,0.00,Performance Max,0.00%,0.00,0.00
how to build a roof for a deck,Performance Max,None,PMAX cu remarketing, --,USD,0.00,0,1,0.00%,0,0.00,Performance Max,0.00%,0.00,0.00
valer deck and patio,Performance Max,None,PMAX cu remarketing, --,USD,0.00,0,1,0.00%,0,0.00,Performance Max,0.00%,0.00,0.00
custom deck,Performance Max,None,PMAX cu remarketing, --,USD,0.00,0,3,0.00%,0,0.00,Performance Max,0.00%,0.00,0.00
best general contractors near me,Performance Max,None,PMAX cu remarketing, --,USD,0.00,0,1,0.00%,0,0.00,Performance Max,0.00%,0.00,0.00
cost to refinish a deck,Phrase match (close variant),None,SRCH | Replacement + Resurfacing | 3 Counties | Calls,Deck Resurfacing,USD,0.00,0,1,0.00%,0,0.00,Search,0.00%,0.00,0.00
trex decking saddle color,AI Max,None,Premium Composite Decks,Ad group 1,USD,0.00,0,1,0.00%,0,0.00,Search,0.00%,0.00,0.00
composite deck,AI Max,None,Premium Composite Decks,Ad group 1,USD,0.00,0,3,0.00%,0,0.00,Search,0.00%,0.00,0.00
cost to build stairs for deck,AI Max,None,Premium Composite Decks,Ad group 1,USD,0.00,0,1,0.00%,0,0.00,Search,0.00%,0.00,0.00
trex transcend lineage carmel,AI Max,None,Premium Composite Decks,Ad group 1,USD,0.00,0,1,0.00%,0,0.00,Search,0.00%,0.00,0.00
moisture shield decking,AI Max,None,Premium Composite Decks,Ad group 1,USD,0.00,0,1,0.00%,0,0.00,Search,0.00%,0.00,0.00
fisher's backyard structures,AI Max,None,Premium Composite Decks,Ad group 1,USD,0.00,0,1,0.00%,0,0.00,Search,0.00%,0.00,0.00
battlefield decks and patios,AI Max,None,Premium Composite Decks,Ad group 1,USD,7800.00,1,1,100.00%,7.80,7.80,Search,0.00%,0.00,0.00
building box stairs,AI Max,None,Premium Composite Decks,Ad group 1,USD,0.00,0,1,0.00%,0,0.00,Search,0.00%,0.00,0.00
pressure washing near me,AI Max,None,Premium Composite Decks,Ad group 1,USD,0.00,0,3,0.00%,0,0.00,Search,0.00%,0.00,0.00
porch store,AI Max,None,Premium Composite Decks,Ad group 1,USD,0.00,0,3,0.00%,0,0.00,Search,0.00%,0.00,0.00
trex enhance,AI Max,None,Premium Composite Decks,Ad group 1,USD,0.00,0,1,0.00%,0,0.00,Search,0.00%,0.00,0.00
composite decking material,AI Max,None,Premium Composite Decks,Ad group 1,USD,0.00,0,1,0.00%,0,0.00,Search,0.00%,0.00,0.00
deck and docks near me,AI Max,None,Premium Composite Decks,Ad group 1,USD,0.00,0,1,0.00%,0,0.00,Search,0.00%,0.00,0.00
true decks,Broad match,None,loudoun decks,Deck Builder - Brambleton,USD,0.00,0,1,0.00%,0,0.00,Search,0.00%,0.00,0.00
patios exteriores de casas,Broad match,None,loudoun decks,Deck Builder - Brambleton,USD,0.00,0,1,0.00%,0,0.00,Search,0.00%,0.00,0.00
handrail steps outdoor,Broad match,None,loudoun decks,Deck Builder - Brambleton,USD,0.00,0,1,0.00%,0,0.00,Search,0.00%,0.00,0.00
deck construction,Broad match,None,loudoun decks,Deck Builder - Brambleton,USD,0.00,0,1,0.00%,0,0.00,Search,0.00%,0.00,0.00
wood decks,Phrase match (close variant),None,loudoun decks,Deck Builder - Brambleton,USD,0.00,0,2,0.00%,0,0.00,Search,0.00%,0.00,0.00
how much are composite decks,AI Max,None,loudoun decks,Deck Builder - South Riding,USD,0.00,0,1,0.00%,0,0.00,Search,0.00%,0.00,0.00
deck builder,Exact match (close variant),None,loudoun decks,Deck Builder - Potomac Falls,USD,0.00,0,1,0.00%,0,0.00,Search,0.00%,0.00,0.00
pro design company,AI Max,None,loudoun decks,Loudoun Decks,USD,0.00,0,2,0.00%,0,0.00,Search,0.00%,0.00,0.00
deck safety inspection,AI Max,None,loudoun decks,Deck Builder - Round Hill,USD,0.00,0,1,0.00%,0,0.00,Search,0.00%,0.00,0.00
construction contractors,AI Max,None,Deck Repair - Loudoun County,Composite - Trex Repair,USD,0.00,0,2,0.00%,0,0.00,Search,0.00%,0.00,0.00
resurface deck with trex,AI Max,None,Deck Repair - Loudoun County,Deck Repair - Loudoun County,USD,0.00,0,1,0.00%,0,0.00,Search,0.00%,0.00,0.00
deck support beam replacement cost,AI Max,None,Deck Repair - Loudoun County,Deck Repair - Loudoun County,USD,0.00,0,1,0.00%,0,0.00,Search,0.00%,0.00,0.00
restoration contractors,AI Max,None,Deck Repair - Loudoun County,Deck Repair - Loudoun County,USD,0.00,0,1,0.00%,0,0.00,Search,0.00%,0.00,0.00
patio vs deck,AI Max,None,Deck Repair - Loudoun County,Deck Renovation,USD,0.00,0,1,0.00%,0,0.00,Search,0.00%,0.00,0.00
pvc deck tiles,AI Max,None,Deck Repair - Loudoun County,Deck Replacement,USD,0.00,0,1,0.00%,0,0.00,Search,0.00%,0.00,0.00
atlas remodeling group,AI Max,None,Deck Repair - Loudoun County,Deck Repair - Loudoun County,USD,0.00,0,1,0.00%,0,0.00,Search,0.00%,0.00,0.00
composite deck builders,Exact match (close variant),None,SRCH | Composite | 3 Counties | Calls,Composite Deck Builder,USD,0.00,0,3,0.00%,0,0.00,Search,0.00%,0.00,0.00
trex foggy wharf,Phrase match (close variant),None,SRCH | Composite | 3 Counties | Calls,Composite Deck Cost,USD,0.00,0,1,0.00%,0,0.00,Search,0.00%,0.00,0.00
trex decking,AI Max,None,Fairfax-Search-Search - Deck Leads - VA - May 2025,Composite Decks,USD,0.00,0,2,0.00%,0,0.00,Search,0.00%,0.00,0.00
decking business,AI Max,None,Fairfax-Search-Search - Deck Leads - VA - May 2025,Deck Builders Near Me,USD,0.00,0,1,0.00%,0,0.00,Search,0.00%,0.00,0.00
redecking a deck,Exact match (close variant),None,Fairfax-Search-Search - Deck Leads - VA - May 2025,Deck Builders Near Me,USD,0.00,0,1,0.00%,0,0.00,Search,0.00%,0.00,0.00
cement pad for shed,Performance Max,None,PMAX cu remarketing, --,USD,0.00,0,1,0.00%,0,0.00,Performance Max,0.00%,0.00,0.00
how to renew deck,Performance Max,None,PMAX cu remarketing, --,USD,0.00,0,1,0.00%,0,0.00,Performance Max,0.00%,0.00,0.00
virginia deck builders,Performance Max,None,PMAX cu remarketing, --,USD,0.00,0,1,0.00%,0,0.00,Performance Max,0.00%,0.00,0.00
accokeek fence & deck,Performance Max,None,PMAX cu remarketing, --,USD,0.00,0,1,0.00%,0,0.00,Performance Max,0.00%,0.00,0.00
pouring a concrete patio,Performance Max,None,PMAX cu remarketing, --,USD,0.00,0,1,0.00%,0,0.00,Performance Max,0.00%,0.00,0.00
mc fence and deck,Performance Max,None,PMAX cu remarketing, --,USD,10.48,1,62,1.61%,0.65,0.65,Performance Max,0.00%,0.00,0.00
different decks,Performance Max,None,PMAX cu remarketing, --,USD,0.00,0,1,0.00%,0,0.00,Performance Max,0.00%,0.00,0.00
glass porch near me,Performance Max,None,PMAX cu remarketing, --,USD,5200.00,1,1,100.00%,5.20,5.20,Performance Max,0.00%,0.00,0.00
eagle patio,Performance Max,None,PMAX cu remarketing, --,USD,0.00,0,1,0.00%,0,0.00,Performance Max,0.00%,0.00,0.00
salzano custom concrete,Performance Max,None,PMAX cu remarketing, --,USD,0.00,0,1,0.00%,0,0.00,Performance Max,0.00%,0.00,0.00
construction supply near me,Performance Max,None,PMAX cu remarketing, --,USD,0.00,0,1,0.00%,0,0.00,Performance Max,0.00%,0.00,0.00
ipe wood restoration,Performance Max,None,PMAX cu remarketing, --,USD,0.00,0,1,0.00%,0,0.00,Performance Max,0.00%,0.00,0.00
trex deck calculator,Performance Max,None,PMAX cu remarketing, --,USD,0.00,0,1,0.00%,0,0.00,Performance Max,0.00%,0.00,0.00
cornerstone deck company,Performance Max,None,PMAX cu remarketing, --,USD,0.00,0,1,0.00%,0,0.00,Performance Max,0.00%,0.00,0.00
prince william county permits,Performance Max,None,PMAX cu remarketing, --,USD,2332.32,1,1,100.00%,2.33,2.33,Performance Max,0.00%,0.00,0.00
concrete patio contractors,Performance Max,None,PMAX cu remarketing, --,USD,0.00,0,1,0.00%,0,0.00,Performance Max,0.00%,0.00,0.00
nursery landscaping near me,Performance Max,None,PMAX cu remarketing, --,USD,412.62,1,1,100.00%,0.41,0.41,Performance Max,0.00%,0.00,0.00
12x20 deck cost,Performance Max,None,PMAX cu remarketing, --,USD,0.00,0,1,0.00%,0,0.00,Performance Max,0.00%,0.00,0.00
barrons lumber waldorf,Performance Max,None,PMAX cu remarketing, --,USD,0.00,0,1,0.00%,0,0.00,Performance Max,0.00%,0.00,0.00
custom pergola shades,Performance Max,None,PMAX cu remarketing, --,USD,0.00,0,1,0.00%,0,0.00,Performance Max,0.00%,0.00,0.00
prefab deck footings,Performance Max,None,PMAX cu remarketing, --,USD,0.00,0,1,0.00%,0,0.00,Performance Max,0.00%,0.00,0.00
pressure wash deck before staining,Performance Max,None,PMAX cu remarketing, --,USD,0.00,0,1,0.00%,0,0.00,Performance Max,0.00%,0.00,0.00
fence workers near me,Performance Max,None,PMAX cu remarketing, --,USD,0.00,0,2,0.00%,0,0.00,Performance Max,0.00%,0.00,0.00
backyard house ideas,AI Max,None,Premium Composite Decks,Ad group 1,USD,0.00,0,2,0.00%,0,0.00,Search,0.00%,0.00,0.00
wolf decking,AI Max,None,Premium Composite Decks,Ad group 1,USD,0.00,0,1,0.00%,0,0.00,Search,0.00%,0.00,0.00
cost of a 12x12 composite deck,AI Max,None,Premium Composite Decks,Ad group 1,USD,0.00,0,1,0.00%,0,0.00,Search,0.00%,0.00,0.00
custom decks,AI Max,None,Premium Composite Decks,Ad group 1,USD,0.00,0,1,0.00%,0,0.00,Search,0.00%,0.00,0.00
timbertech rainescape,AI Max,None,Premium Composite Decks,Ad group 1,USD,0.00,0,1,0.00%,0,0.00,Search,0.00%,0.00,0.00
how to rebuild my deck,AI Max,None,Premium Composite Decks,Ad group 1,USD,0.00,0,2,0.00%,0,0.00,Search,0.00%,0.00,0.00
build a gazebo,AI Max,None,Premium Composite Decks,Ad group 1,USD,0.00,0,1,0.00%,0,0.00,Search,0.00%,0.00,0.00
trex installation,AI Max,None,Premium Composite Decks,Ad group 1,USD,0.00,0,1,0.00%,0,0.00,Search,0.00%,0.00,0.00
outdoor stairs,AI Max,None,Premium Composite Decks,Ad group 1,USD,0.00,0,1,0.00%,0,0.00,Search,0.00%,0.00,0.00
paver and stone patio,AI Max,None,Premium Composite Decks,Ad group 1,USD,0.00,0,1,0.00%,0,0.00,Search,0.00%,0.00,0.00
power washing services near me,AI Max,None,Premium Composite Decks,Ad group 1,USD,0.00,0,2,0.00%,0,0.00,Search,0.00%,0.00,0.00
chesapeake finishing inc,AI Max,None,loudoun decks,Deck Builder - Purcellville,USD,0.00,0,1,0.00%,0,0.00,Search,0.00%,0.00,0.00
urban deck,AI Max,None,loudoun decks,Deck Builder - Aldie,USD,0.00,0,1,0.00%,0,0.00,Search,0.00%,0.00,0.00
patio installation companies near me,AI Max,None,loudoun decks,Deck Builder - Broadlands,USD,0.00,0,1,0.00%,0,0.00,Search,0.00%,0.00,0.00
outside deck,AI Max,None,loudoun decks,Deck Builder - Leesburg,USD,0.00,0,1,0.00%,0,0.00,Search,0.00%,0.00,0.00
decks,AI Max,None,loudoun decks,Deck Builder - Hamilton,USD,0.00,0,1,0.00%,0,0.00,Search,0.00%,0.00,0.00
decks and docks,AI Max,None,loudoun decks,Deck Builder - Arcola,USD,0.00,0,1,0.00%,0,0.00,Search,0.00%,0.00,0.00
loudoun construction,AI Max,None,loudoun decks,Deck Builder - Aldie,USD,0.00,0,1,0.00%,0,0.00,Search,0.00%,0.00,0.00
cómo se hace un deck,Broad match,None,loudoun decks,Deck Builder - Brambleton,USD,0.00,0,1,0.00%,0,0.00,Search,0.00%,0.00,0.00
wash my deck,AI Max,None,loudoun decks,Loudoun Decks,USD,0.00,0,4,0.00%,0,0.00,Search,0.00%,0.00,0.00
ecowood deck,Phrase match (close variant),None,loudoun decks,Deck Builder - Brambleton,USD,0.00,0,1,0.00%,0,0.00,Search,0.00%,0.00,0.00
deck work near me,Exact match (close variant),None,loudoun decks,Deck Builder - South Riding,USD,0.00,0,2,0.00%,0,0.00,Search,0.00%,0.00,0.00
metal decks,Phrase match (close variant),None,loudoun decks,Deck Builder - Brambleton,USD,0.00,0,1,0.00%,0,0.00,Search,0.00%,0.00,0.00
hoppy design & build,Performance Max,None,Pmax - Dec4, --,USD,0.00,0,2,0.00%,0,0.00,Performance Max,0.00%,0.00,0.00
awning for deck near me,Performance Max,None,Pmax - Dec4, --,USD,0.00,0,1,0.00%,0,0.00,Performance Max,0.00%,0.00,0.00
build a fence,Performance Max,None,Pmax - Dec4, --,USD,0.00,0,1,0.00%,0,0.00,Performance Max,0.00%,0.00,0.00
wood deck crack repair,Broad match,None,Deck Repair - Loudoun County,Deck Renovation,USD,0.00,0,1,0.00%,0,0.00,Search,0.00%,0.00,0.00
behr deck resurfacer,AI Max,None,Deck Repair - Loudoun County,Deck Repair - Loudoun County,USD,0.00,0,1,0.00%,0,0.00,Search,0.00%,0.00,0.00
trex decking,AI Max,None,Deck Repair - Loudoun County,Deck Restoration - Refinishing,USD,0.00,0,1,0.00%,0,0.00,Search,0.00%,0.00,0.00
deck rotting from underneath,AI Max,None,Deck Repair - Loudoun County,Deck Repair - Loudoun County,USD,0.00,0,1,0.00%,0,0.00,Search,0.00%,0.00,0.00
under deck drainage system,AI Max,None,Deck Repair - Loudoun County,Deck Repair - Loudoun County,USD,0.00,0,1,0.00%,0,0.00,Search,0.00%,0.00,0.00
what is deck resurfacing,Phrase match (close variant),None,Deck Repair - Loudoun County,Deck Renovation,USD,0.00,0,1,0.00%,0,0.00,Search,0.00%,0.00,0.00
backyard deck,AI Max,None,Deck Repair - Loudoun County,Deck Repair - Loudoun County,USD,0.00,0,2,0.00%,0,0.00,Search,0.00%,0.00,0.00
stair railings outdoor,AI Max,None,Deck Repair - Loudoun County,Deck Repair - Loudoun County,USD,0.00,0,1,0.00%,0,0.00,Search,0.00%,0.00,0.00
deck framing,AI Max,None,Deck Repair - Loudoun County,Deck Replacement,USD,0.00,0,1,0.00%,0,0.00,Search,0.00%,0.00,0.00
flagstone patio,AI Max,None,Fairfax-Search-Search - Deck Leads - VA - May 2025,Deck Builders Near Me,USD,0.00,0,2,0.00%,0,0.00,Search,0.00%,0.00,0.00
new deck wood,AI Max,None,Fairfax-Search-Search - Deck Leads - VA - May 2025,Composite Decking,USD,0.00,0,1,0.00%,0,0.00,Search,0.00%,0.00,0.00
patio screen installation,AI Max,None,Fairfax-Search-Search - Deck Leads - VA - May 2025,Deck + Patio / Outdoor Living,USD,0.00,0,1,0.00%,0,0.00,Search,0.00%,0.00,0.00
patio services near me,Exact match (close variant),None,Fairfax-Search-Search - Deck Leads - VA - May 2025,Deck + Patio / Outdoor Living,USD,0.00,0,1,0.00%,0,0.00,Search,0.00%,0.00,0.00
foxterra design,AI Max,None,Fairfax-Search-Search - Deck Leads - VA - May 2025,Deck + Patio / Outdoor Living,USD,0.00,0,1,0.00%,0,0.00,Search,0.00%,0.00,0.00
rim joist deck,AI Max,None,Fairfax-Search-Search - Deck Leads - VA - May 2025,Composite Decking,USD,0.00,0,1,0.00%,0,0.00,Search,0.00%,0.00,0.00
where can i buy ipe wood near me,AI Max,None,Fairfax-Search-Search - Deck Leads - VA - May 2025,Deck Builders Near Me,USD,0.00,0,2,0.00%,0,0.00,Search,0.00%,0.00,0.00
how to clean siding on house,Performance Max,None,PMAX cu remarketing, --,USD,0.00,0,1,0.00%,0,0.00,Performance Max,0.00%,0.00,0.00
how much does it cost to put up a privacy fence,Performance Max,None,PMAX cu remarketing, --,USD,0.00,0,2,0.00%,0,0.00,Performance Max,0.00%,0.00,0.00
decks pictures,Performance Max,None,PMAX cu remarketing, --,USD,0.00,0,1,0.00%,0,0.00,Performance Max,0.00%,0.00,0.00
fence installer,Performance Max,None,PMAX cu remarketing, --,USD,0.00,0,1,0.00%,0,0.00,Performance Max,0.00%,0.00,0.00
home deck,Performance Max,None,PMAX cu remarketing, --,USD,0.00,0,1,0.00%,0,0.00,Performance Max,0.00%,0.00,0.00
deck polish,Performance Max,None,PMAX cu remarketing, --,USD,680.00,1,1,100.00%,0.68,0.68,Performance Max,0.00%,0.00,0.00
gazebo installers near me,Performance Max,None,PMAX cu remarketing, --,USD,0.00,0,5,0.00%,0,0.00,Performance Max,0.00%,0.00,0.00
deck materials,Performance Max,None,PMAX cu remarketing, --,USD,0.00,0,3,0.00%,0,0.00,Performance Max,0.00%,0.00,0.00
port city fence and deck,Performance Max,None,PMAX cu remarketing, --,USD,0.00,0,2,0.00%,0,0.00,Performance Max,0.00%,0.00,0.00
deck in maryland,Performance Max,None,PMAX cu remarketing, --,USD,0.00,0,1,0.00%,0,0.00,Performance Max,0.00%,0.00,0.00
how to install deck boards,Performance Max,None,PMAX cu remarketing, --,USD,0.00,0,1,0.00%,0,0.00,Performance Max,0.00%,0.00,0.00
covered screened in porch,Performance Max,None,PMAX cu remarketing, --,USD,0.00,0,1,0.00%,0,0.00,Performance Max,0.00%,0.00,0.00
best way to clean duradek,Performance Max,None,PMAX cu remarketing, --,USD,0.00,0,1,0.00%,0,0.00,Performance Max,0.00%,0.00,0.00
how to install a fence in the backyard,Performance Max,None,PMAX cu remarketing, --,USD,0.00,0,1,0.00%,0,0.00,Performance Max,0.00%,0.00,0.00
deck with patio underneath,Performance Max,None,PMAX cu remarketing, --,USD,0.00,0,1,0.00%,0,0.00,Performance Max,0.00%,0.00,0.00
best deck framing,AI Max,None,Premium Composite Decks,Ad group 1,USD,0.00,0,1,0.00%,0,0.00,Search,0.00%,0.00,0.00
garrett construction,AI Max,None,Premium Composite Decks,Ad group 1,USD,0.00,0,1,0.00%,0,0.00,Search,0.00%,0.00,0.00
timbertech price per sq ft,AI Max,None,Premium Composite Decks,Ad group 1,USD,0.00,0,1,0.00%,0,0.00,Search,0.00%,0.00,0.00
building washing services,AI Max,None,Premium Composite Decks,Ad group 1,USD,0.00,0,2,0.00%,0,0.00,Search,0.00%,0.00,0.00
screens for a deck,AI Max,None,Premium Composite Decks,Ad group 1,USD,0.00,0,1,0.00%,0,0.00,Search,0.00%,0.00,0.00
next level building and construction,AI Max,None,Premium Composite Decks,Ad group 1,USD,0.00,0,1,0.00%,0,0.00,Search,0.00%,0.00,0.00
general contractor virginia,AI Max,None,Premium Composite Decks,Ad group 1,USD,0.00,0,1,0.00%,0,0.00,Search,0.00%,0.00,0.00
decking installation near me,AI Max,None,Premium Composite Decks,Ad group 1,USD,0.00,0,1,0.00%,0,0.00,Search,0.00%,0.00,0.00
ground deck cost,AI Max,None,Premium Composite Decks,Ad group 1,USD,5400.00,1,1,100.00%,5.40,5.40,Search,0.00%,0.00,0.00
patio renovation near me,AI Max,None,Premium Composite Decks,Ad group 1,USD,1490.00,1,1,100.00%,1.49,1.49,Search,0.00%,0.00,0.00
is trex pvc or composite,AI Max,None,Premium Composite Decks,Ad group 1,USD,0.00,0,1,0.00%,0,0.00,Search,0.00%,0.00,0.00
avec construction,AI Max,None,loudoun decks,Deck Builder - South Riding,USD,0.00,0,1,0.00%,0,0.00,Search,0.00%,0.00,0.00
trex deck lighting,AI Max,None,loudoun decks,Deck Builder - Middleburg,USD,0.00,0,1,0.00%,0,0.00,Search,0.00%,0.00,0.00
deck contractors near me,Exact match (close variant),None,loudoun decks,Loudoun Decks,USD,0.00,0,1,0.00%,0,0.00,Search,0.00%,0.00,0.00
deck builder near me,Exact match,None,loudoun decks,Deck Builder - Round Hill,USD,0.00,0,1,0.00%,0,0.00,Search,0.00%,0.00,0.00
deck company near me,Exact match (close variant),None,loudoun decks,Deck Builder - Arcola,USD,0.00,0,1,0.00%,0,0.00,Search,0.00%,0.00,0.00
pro deck supply,AI Max,None,loudoun decks,Deck Builder - South Riding,USD,0.00,0,1,0.00%,0,0.00,Search,0.00%,0.00,0.00
deck dudes,AI Max,None,loudoun decks,Deck Builder - Broadlands,USD,0.00,0,1,0.00%,0,0.00,Search,0.00%,0.00,0.00
patio under deck,Performance Max,None,Pmax - Dec4, --,USD,0.00,0,2,0.00%,0,0.00,Performance Max,0.00%,0.00,0.00
sand blast deck,Broad match,None,Deck Repair - Loudoun County,Deck Renovation,USD,0.00,0,1,0.00%,0,0.00,Search,0.00%,0.00,0.00
railings,AI Max,None,Deck Repair - Loudoun County,Deck Repair - Loudoun County,USD,0.00,0,1,0.00%,0,0.00,Search,0.00%,0.00,0.00
trex deck restoration,AI Max,None,Deck Repair - Loudoun County,Deck Repair - Loudoun County,USD,0.00,0,2,0.00%,0,0.00,Search,0.00%,0.00,0.00
building deck,Exact match (close variant),None,Deck Repair - Loudoun County,Deck Replacement,USD,0.00,0,1,0.00%,0,0.00,Search,0.00%,0.00,0.00
moisture shield composite decking,Phrase match (close variant),None,SRCH | Composite | 3 Counties | Calls,Composite Deck Cost,USD,0.00,0,1,0.00%,0,0.00,Search,0.00%,0.00,0.00
trex clam shell,Phrase match (close variant),None,SRCH | Composite | 3 Counties | Calls,Composite Deck Cost,USD,0.00,0,1,0.00%,0,0.00,Search,0.00%,0.00,0.00
trex planking,Phrase match (close variant),None,SRCH | Composite | 3 Counties | Calls,Composite Deck Cost,USD,3840.00,2,2,100.00%,3.84,7.68,Search,0.00%,0.00,0.00
stamped concrete,AI Max,None,Fairfax-Search-Search - Deck Leads - VA - May 2025,Deck + Patio / Outdoor Living,USD,0.00,0,7,0.00%,0,0.00,Search,0.00%,0.00,0.00
deck sliding door,AI Max,None,Fairfax-Search-Search - Deck Leads - VA - May 2025,Deck Builders Near Me,USD,0.00,0,1,0.00%,0,0.00,Search,0.00%,0.00,0.00
how much is a 20x20 paver patio,AI Max,None,Fairfax-Search-Search - Deck Leads - VA - May 2025,Deck + Patio / Outdoor Living,USD,0.00,0,1,0.00%,0,0.00,Search,0.00%,0.00,0.00
picture frame deck around posts,AI Max,None,Fairfax-Search-Search - Deck Leads - VA - May 2025,Deck Builders Near Me,USD,0.00,0,1,0.00%,0,0.00,Search,0.00%,0.00,0.00
redwood deck,AI Max,None,Fairfax-Search-Search - Deck Leads - VA - May 2025,Composite Decking,USD,0.00,0,1,0.00%,0,0.00,Search,0.00%,0.00,0.00
how to clean deck without power washer,Performance Max,None,PMAX cu remarketing, --,USD,0.00,0,1,0.00%,0,0.00,Performance Max,0.00%,0.00,0.00
deck builder manassas va,Performance Max,None,PMAX cu remarketing, --,USD,0.00,0,1,0.00%,0,0.00,Performance Max,0.00%,0.00,0.00
m&d pressure washing,Performance Max,None,PMAX cu remarketing, --,USD,0.00,0,4,0.00%,0,0.00,Performance Max,0.00%,0.00,0.00
thorsen construction,Performance Max,None,PMAX cu remarketing, --,USD,0.00,0,2,0.00%,0,0.00,Performance Max,0.00%,0.00,0.00
building supply of manassas,Performance Max,None,PMAX cu remarketing, --,USD,0.00,0,3,0.00%,0,0.00,Performance Max,0.00%,0.00,0.00
deck buddy reviews,Performance Max,None,PMAX cu remarketing, --,USD,0.00,0,1,0.00%,0,0.00,Performance Max,0.00%,0.00,0.00
virginia exteriors,Performance Max,None,PMAX cu remarketing, --,USD,0.00,0,1,0.00%,0,0.00,Performance Max,0.00%,0.00,0.00
permit expediting services,Performance Max,None,PMAX cu remarketing, --,USD,0.00,0,2,0.00%,0,0.00,Performance Max,0.00%,0.00,0.00
build a fence,Performance Max,None,PMAX cu remarketing, --,USD,0.00,0,1,0.00%,0,0.00,Performance Max,0.00%,0.00,0.00
virginia fence,Performance Max,None,PMAX cu remarketing, --,USD,0.00,0,1,0.00%,0,0.00,Performance Max,0.00%,0.00,0.00
buy ipe decking,Performance Max,None,PMAX cu remarketing, --,USD,0.00,0,1,0.00%,0,0.00,Performance Max,0.00%,0.00,0.00
handyman,Performance Max,None,PMAX cu remarketing, --,USD,0.00,0,1,0.00%,0,0.00,Performance Max,0.00%,0.00,0.00
patio design ideas on a budget,Performance Max,None,PMAX cu remarketing, --,USD,0.00,0,2,0.00%,0,0.00,Performance Max,0.00%,0.00,0.00
how to instal trex decking,Performance Max,None,PMAX cu remarketing, --,USD,0.00,0,1,0.00%,0,0.00,Performance Max,0.00%,0.00,0.00
how to pressure wash aluminum siding,Performance Max,None,PMAX cu remarketing, --,USD,0.00,0,1,0.00%,0,0.00,Performance Max,0.00%,0.00,0.00
pergolas washington dc,Performance Max,None,PMAX cu remarketing, --,USD,0.00,0,1,0.00%,0,0.00,Performance Max,0.00%,0.00,0.00
composite stair stringers,AI Max,None,Premium Composite Decks,Ad group 1,USD,0.00,0,1,0.00%,0,0.00,Search,0.00%,0.00,0.00
awning for deck attached to house,AI Max,None,Premium Composite Decks,Ad group 1,USD,0.00,0,1,0.00%,0,0.00,Search,0.00%,0.00,0.00
top general contractors in washington dc,AI Max,None,Premium Composite Decks,Ad group 1,USD,0.00,0,1,0.00%,0,0.00,Search,0.00%,0.00,0.00
building a deck on a sloped yard,AI Max,None,Premium Composite Decks,Ad group 1,USD,0.00,0,1,0.00%,0,0.00,Search,0.00%,0.00,0.00
pressure washing company near me,AI Max,None,Premium Composite Decks,Ad group 1,USD,746.00,1,5,20.00%,3.73,3.73,Search,0.00%,0.00,0.00
trex drink rail brackets,AI Max,None,Premium Composite Decks,Ad group 1,USD,0.00,0,1,0.00%,0,0.00,Search,0.00%,0.00,0.00
trex composite decking,AI Max,None,Premium Composite Decks,Ad group 1,USD,0.00,0,3,0.00%,0,0.00,Search,0.00%,0.00,0.00
power washing woodbridge va,AI Max,None,Premium Composite Decks,Ad group 1,USD,0.00,0,1,0.00%,0,0.00,Search,0.00%,0.00,0.00
what size are decking boards,AI Max,None,Premium Composite Decks,Ad group 1,USD,0.00,0,1,0.00%,0,0.00,Search,0.00%,0.00,0.00
deck staining leesburg va,AI Max,None,Premium Composite Decks,Ad group 1,USD,0.00,0,2,0.00%,0,0.00,Search,0.00%,0.00,0.00
yard designer,Broad match,None,loudoun decks,Deck Builder - Brambleton,USD,0.00,0,1,0.00%,0,0.00,Search,0.00%,0.00,0.00
decks direct,Broad match,None,loudoun decks,Deck Builder - Brambleton,USD,0.00,0,3,0.00%,0,0.00,Search,0.00%,0.00,0.00
loudoun deck,AI Max,None,loudoun decks,Deck Builder - Aldie,USD,0.00,0,1,0.00%,0,0.00,Search,0.00%,0.00,0.00
trex deck builders near me,AI Max,None,loudoun decks,Deck Builder - Leesburg,USD,0.00,0,1,0.00%,0,0.00,Search,0.00%,0.00,0.00
deck house near me,AI Max,None,loudoun decks,Deck Builder - Hamilton,USD,0.00,0,1,0.00%,0,0.00,Search,0.00%,0.00,0.00
sun decks,Broad match,None,loudoun decks,Deck Builder - Brambleton,USD,0.00,0,3,0.00%,0,0.00,Search,0.00%,0.00,0.00
loudoun milling,Performance Max,None,Pmax - Dec4, --,USD,0.00,0,2,0.00%,0,0.00,Performance Max,0.00%,0.00,0.00
outdoor spaces llc,Performance Max,None,Pmax - Dec4, --,USD,0.00,0,4,0.00%,0,0.00,Performance Max,0.00%,0.00,0.00
gazebo for sale,Performance Max,None,Pmax - Dec4, --,USD,0.00,0,1,0.00%,0,0.00,Performance Max,0.00%,0.00,0.00
restoring deck boards,Exact match (close variant),None,Deck Repair - Loudoun County,Deck Repair - Loudoun County,USD,0.00,0,1,0.00%,0,0.00,Search,0.00%,0.00,0.00
deck repair near me,AI Max,None,Deck Repair - Loudoun County,Deck Replacement,USD,0.00,0,1,0.00%,0,0.00,Search,0.00%,0.00,0.00
trex winchester,AI Max,None,Deck Repair - Loudoun County,Deck Replacement,USD,0.00,0,1,0.00%,0,0.00,Search,0.00%,0.00,0.00
carpenter,AI Max,None,Deck Repair - Loudoun County,Deck Repair - Loudoun County,USD,0.00,0,2,0.00%,0,0.00,Search,0.00%,0.00,0.00
zipup underdeck,AI Max,None,Deck Repair - Loudoun County,Deck Repair - Loudoun County,USD,0.00,0,1,0.00%,0,0.00,Search,0.00%,0.00,0.00
timbertech decking,AI Max,None,Deck Repair - Loudoun County,Composite - Trex Repair,USD,0.00,0,1,0.00%,0,0.00,Search,0.00%,0.00,0.00
solid surface deck,AI Max,None,Fairfax-Search-Search - Deck Leads - VA - May 2025,Deck Builders Near Me,USD,0.00,0,1,0.00%,0,0.00,Search,0.00%,0.00,0.00
stoneridge decks & outdoor living,AI Max,None,Fairfax-Search-Search - Deck Leads - VA - May 2025,Composite Decking,USD,0.00,0,1,0.00%,0,0.00,Search,0.00%,0.00,0.00
paving stones,AI Max,None,Fairfax-Search-Search - Deck Leads - VA - May 2025,Deck + Patio / Outdoor Living,USD,0.00,0,3,0.00%,0,0.00,Search,0.00%,0.00,0.00
plain concrete patio,AI Max,None,Fairfax-Search-Search - Deck Leads - VA - May 2025,Deck + Patio / Outdoor Living,USD,0.00,0,1,0.00%,0,0.00,Search,0.00%,0.00,0.00
construction company cerca de mi,AI Max,None,Fairfax-Search-Search - Deck Leads - VA - May 2025,Composite Decks,USD,0.00,0,1,0.00%,0,0.00,Search,0.00%,0.00,0.00
decks roof,AI Max,None,Fairfax-Search-Search - Deck Leads - VA - May 2025,Deck + Patio / Outdoor Living,USD,0.00,0,1,0.00%,0,0.00,Search,0.00%,0.00,0.00
concrete porch repair near me,Performance Max,None,PMAX cu remarketing, --,USD,0.00,0,2,0.00%,0,0.00,Performance Max,0.00%,0.00,0.00
fence installation northern virginia,Performance Max,None,PMAX cu remarketing, --,USD,0.00,0,1,0.00%,0,0.00,Performance Max,0.00%,0.00,0.00
deck post replacement cost,Performance Max,None,PMAX cu remarketing, --,USD,0.00,0,1,0.00%,0,0.00,Performance Max,0.00%,0.00,0.00
contractors near me,Performance Max,None,PMAX cu remarketing, --,USD,0.00,0,2,0.00%,0,0.00,Performance Max,0.00%,0.00,0.00
how to restain a wood deck,Performance Max,None,PMAX cu remarketing, --,USD,0.00,0,1,0.00%,0,0.00,Performance Max,0.00%,0.00,0.00
front porch railing ideas,Performance Max,None,PMAX cu remarketing, --,USD,0.00,0,1,0.00%,0,0.00,Performance Max,0.00%,0.00,0.00
diy gazebo roof,Performance Max,None,PMAX cu remarketing, --,USD,0.00,0,1,0.00%,0,0.00,Performance Max,0.00%,0.00,0.00
pro deck installers inc,Performance Max,None,PMAX cu remarketing, --,USD,0.00,0,1,0.00%,0,0.00,Performance Max,0.00%,0.00,0.00
zep house and siding pressure wash concentrate cleaner,Performance Max,None,PMAX cu remarketing, --,USD,0.00,0,1,0.00%,0,0.00,Performance Max,0.00%,0.00,0.00
culpeper wood preservers,Performance Max,None,PMAX cu remarketing, --,USD,0.00,0,1,0.00%,0,0.00,Performance Max,0.00%,0.00,0.00
floating deck ideas,Performance Max,None,PMAX cu remarketing, --,USD,0.00,0,1,0.00%,0,0.00,Performance Max,0.00%,0.00,0.00
how much is the cost to build a deck,Performance Max,None,PMAX cu remarketing, --,USD,0.00,0,1,0.00%,0,0.00,Performance Max,0.00%,0.00,0.00
decks and things,Performance Max,None,PMAX cu remarketing, --,USD,0.00,0,1,0.00%,0,0.00,Performance Max,0.00%,0.00,0.00
easy patio,Performance Max,None,PMAX cu remarketing, --,USD,0.00,0,1,0.00%,0,0.00,Performance Max,0.00%,0.00,0.00
trex deck frame,Performance Max,None,PMAX cu remarketing, --,USD,0.00,0,1,0.00%,0,0.00,Performance Max,0.00%,0.00,0.00
how to replace screen in porch,Performance Max,None,PMAX cu remarketing, --,USD,0.00,0,1,0.00%,0,0.00,Performance Max,0.00%,0.00,0.00
dj fence,Performance Max,None,PMAX cu remarketing, --,USD,0.00,0,2,0.00%,0,0.00,Performance Max,0.00%,0.00,0.00
outdoors backyard,Performance Max,None,PMAX cu remarketing, --,USD,0.00,0,2,0.00%,0,0.00,Performance Max,0.00%,0.00,0.00
lumber yard near me near me,Performance Max,None,PMAX cu remarketing, --,USD,0.00,0,1,0.00%,0,0.00,Performance Max,0.00%,0.00,0.00
modern fence,Performance Max,None,PMAX cu remarketing, --,USD,0.00,0,3,0.00%,0,0.00,Performance Max,0.00%,0.00,0.00
installing deck posts,Performance Max,None,PMAX cu remarketing, --,USD,0.00,0,1,0.00%,0,0.00,Performance Max,0.00%,0.00,0.00
builders fence company,Performance Max,None,PMAX cu remarketing, --,USD,0.00,0,4,0.00%,0,0.00,Performance Max,0.00%,0.00,0.00
ned's new england deck fairfax,Performance Max,None,PMAX cu remarketing, --,USD,0.00,0,1,0.00%,0,0.00,Performance Max,0.00%,0.00,0.00
j&a deck and fence,Performance Max,None,PMAX cu remarketing, --,USD,0.00,0,2,0.00%,0,0.00,Performance Max,0.00%,0.00,0.00
backyard gazebo ideas,Performance Max,None,PMAX cu remarketing, --,USD,0.00,0,1,0.00%,0,0.00,Performance Max,0.00%,0.00,0.00
deck refacing,Exact match (close variant),None,SRCH | Replacement + Resurfacing | 3 Counties | Calls,Deck Resurfacing,USD,0.00,0,1,0.00%,0,0.00,Search,0.00%,0.00,0.00
deck builders centreville va,AI Max,None,Premium Composite Decks,Ad group 1,USD,0.00,0,3,0.00%,0,0.00,Search,0.00%,0.00,0.00
draft h construction llc,AI Max,None,Premium Composite Decks,Ad group 1,USD,0.00,0,1,0.00%,0,0.00,Search,0.00%,0.00,0.00
fpg construction,AI Max,None,Premium Composite Decks,Ad group 1,USD,0.00,0,2,0.00%,0,0.00,Search,0.00%,0.00,0.00
contractors in washington dc,AI Max,None,Premium Composite Decks,Ad group 1,USD,0.00,0,3,0.00%,0,0.00,Search,0.00%,0.00,0.00
pergola price,AI Max,None,Premium Composite Decks,Ad group 1,USD,0.00,0,1,0.00%,0,0.00,Search,0.00%,0.00,0.00
como decorar un deck,AI Max,None,Premium Composite Decks,Ad group 1,USD,0.00,0,1,0.00%,0,0.00,Search,0.00%,0.00,0.00
cinnamon cove trex,AI Max,None,Premium Composite Decks,Ad group 1,USD,0.00,0,2,0.00%,0,0.00,Search,0.00%,0.00,0.00
pergola contractors near me,AI Max,None,Premium Composite Decks,Ad group 1,USD,0.00,0,1,0.00%,0,0.00,Search,0.00%,0.00,0.00
the deck depot,AI Max,None,Premium Composite Decks,Ad group 1,USD,0.00,0,1,0.00%,0,0.00,Search,0.00%,0.00,0.00
deck staining tips,AI Max,None,Premium Composite Decks,Ad group 1,USD,0.00,0,1,0.00%,0,0.00,Search,0.00%,0.00,0.00
neo timber,AI Max,None,Premium Composite Decks,Ad group 1,USD,0.00,0,1,0.00%,0,0.00,Search,0.00%,0.00,0.00
aluminum pergola manufacturers near me,AI Max,None,Premium Composite Decks,Ad group 1,USD,0.00,0,1,0.00%,0,0.00,Search,0.00%,0.00,0.00
potomac outdoor living,AI Max,None,loudoun decks,Deck Builder - Brambleton,USD,0.00,0,1,0.00%,0,0.00,Search,0.00%,0.00,0.00
custom wood works near me,AI Max,None,loudoun decks,Deck Builder - Leesburg,USD,0.00,0,1,0.00%,0,0.00,Search,0.00%,0.00,0.00
patio deck,AI Max,None,loudoun decks,Loudoun Decks,USD,0.00,0,1,0.00%,0,0.00,Search,0.00%,0.00,0.00
big dog construction,AI Max,None,loudoun decks,Deck Builder - Round Hill,USD,0.00,0,1,0.00%,0,0.00,Search,0.00%,0.00,0.00
deck safety inspection,Broad match,None,loudoun decks,Deck Builder - Brambleton,USD,0.00,0,1,0.00%,0,0.00,Search,0.00%,0.00,0.00
hardscape,Broad match,None,loudoun decks,Deck Builder - Brambleton,USD,0.00,0,1,0.00%,0,0.00,Search,0.00%,0.00,0.00
front stoop,AI Max,None,loudoun decks,Deck Builder - Middleburg,USD,0.00,0,1,0.00%,0,0.00,Search,0.00%,0.00,0.00
houzz backyard,AI Max,None,loudoun decks,Deck Builder - Brambleton,USD,0.00,0,1,0.00%,0,0.00,Search,0.00%,0.00,0.00
cobblestone contractors,Broad match,None,loudoun decks,Deck Builder - Brambleton,USD,0.00,0,1,0.00%,0,0.00,Search,0.00%,0.00,0.00
replacing deck boards,Exact match (close variant),None,Deck Repair - Loudoun County,Deck Repair - Loudoun County,USD,0.00,0,2,0.00%,0,0.00,Search,0.00%,0.00,0.00
trex decking showroom,AI Max,None,Deck Repair - Loudoun County,Deck Renovation,USD,0.00,0,2,0.00%,0,0.00,Search,0.00%,0.00,0.00
how much does a 10x12 deck cost,AI Max,None,Deck Repair - Loudoun County,Deck Renovation,USD,0.00,0,1,0.00%,0,0.00,Search,0.00%,0.00,0.00
install pavers on grass,AI Max,None,Fairfax-Search-Search - Deck Leads - VA - May 2025,Deck + Patio / Outdoor Living,USD,0.00,0,1,0.00%,0,0.00,Search,0.00%,0.00,0.00
warren lee construction,AI Max,None,Fairfax-Search-Search - Deck Leads - VA - May 2025,Deck Builders Near Me,USD,0.00,0,1,0.00%,0,0.00,Search,0.00%,0.00,0.00
brick over concrete slab,AI Max,None,Fairfax-Search-Search - Deck Leads - VA - May 2025,Deck + Patio / Outdoor Living,USD,0.00,0,1,0.00%,0,0.00,Search,0.00%,0.00,0.00
c&h masonry,AI Max,None,Fairfax-Search-Search - Deck Leads - VA - May 2025,Deck + Patio / Outdoor Living,USD,0.00,0,1,0.00%,0,0.00,Search,0.00%,0.00,0.00
capitol fence,Performance Max,None,PMAX cu remarketing, --,USD,0.00,0,1,0.00%,0,0.00,Performance Max,0.00%,0.00,0.00
steadfast decks,Performance Max,None,PMAX cu remarketing, --,USD,0.00,0,1,0.00%,0,0.00,Performance Max,0.00%,0.00,0.00
trex deck designer,Performance Max,None,PMAX cu remarketing, --,USD,0.00,0,1,0.00%,0,0.00,Performance Max,0.00%,0.00,0.00
flagstone dc,Performance Max,None,PMAX cu remarketing, --,USD,0.00,0,1,0.00%,0,0.00,Performance Max,0.00%,0.00,0.00
deck washington dc,Performance Max,None,PMAX cu remarketing, --,USD,0.00,0,1,0.00%,0,0.00,Performance Max,0.00%,0.00,0.00
how to build a screened in porch,Performance Max,None,PMAX cu remarketing, --,USD,0.00,0,2,0.00%,0,0.00,Performance Max,0.00%,0.00,0.00
porch column repair,Performance Max,None,PMAX cu remarketing, --,USD,0.00,0,1,0.00%,0,0.00,Performance Max,0.00%,0.00,0.00
zuri decking reviews,AI Max,None,Premium Composite Decks,Ad group 1,USD,0.00,0,1,0.00%,0,0.00,Search,0.00%,0.00,0.00
woodscape construction,AI Max,None,Premium Composite Decks,Ad group 1,USD,0.00,0,1,0.00%,0,0.00,Search,0.00%,0.00,0.00
acr handyman services,AI Max,None,Premium Composite Decks,Ad group 1,USD,0.00,0,1,0.00%,0,0.00,Search,0.00%,0.00,0.00
composite decking boards,AI Max,None,Premium Composite Decks,Ad group 1,USD,0.00,0,2,0.00%,0,0.00,Search,0.00%,0.00,0.00
trex decking cost per sq ft,AI Max,None,Premium Composite Decks,Ad group 1,USD,0.00,0,1,0.00%,0,0.00,Search,0.00%,0.00,0.00
how to replace rotting deck boards,AI Max,None,Premium Composite Decks,Ad group 1,USD,0.00,0,1,0.00%,0,0.00,Search,0.00%,0.00,0.00
deck cleaning and painting,AI Max,None,Premium Composite Decks,Ad group 1,USD,0.00,0,1,0.00%,0,0.00,Search,0.00%,0.00,0.00
decking and fencing,AI Max,None,Premium Composite Decks,Ad group 1,USD,0.00,0,1,0.00%,0,0.00,Search,0.00%,0.00,0.00
patio near me,AI Max,None,Premium Composite Decks,Ad group 1,USD,0.00,0,3,0.00%,0,0.00,Search,0.00%,0.00,0.00
home improvement services in washington dc,AI Max,None,Premium Composite Decks,Ad group 1,USD,0.00,0,1,0.00%,0,0.00,Search,0.00%,0.00,0.00
decks and patios,AI Max,None,Premium Composite Decks,Ad group 1,USD,0.00,0,1,0.00%,0,0.00,Search,0.00%,0.00,0.00
deck masters,AI Max,None,Premium Composite Decks,Ad group 1,USD,0.00,0,2,0.00%,0,0.00,Search,0.00%,0.00,0.00
wood repair and restoration,AI Max,None,Premium Composite Decks,Ad group 1,USD,0.00,0,1,0.00%,0,0.00,Search,0.00%,0.00,0.00
porch builders near me,AI Max,None,Premium Composite Decks,Ad group 1,USD,0.00,0,1,0.00%,0,0.00,Search,0.00%,0.00,0.00
smoot lumber,AI Max,None,Premium Composite Decks,Ad group 1,USD,0.00,0,3,0.00%,0,0.00,Search,0.00%,0.00,0.00
where to buy composite decking near me,AI Max,None,Premium Composite Decks,Ad group 1,USD,0.00,0,1,0.00%,0,0.00,Search,0.00%,0.00,0.00
lowest price trex decking,AI Max,None,Premium Composite Decks,Ad group 1,USD,0.00,0,1,0.00%,0,0.00,Search,0.00%,0.00,0.00
deck wrapping,AI Max,None,loudoun decks,Deck Builder - Broadlands,USD,3670.15,1,1,100.00%,3.67,3.67,Search,0.00%,0.00,0.00
fa outdoor spaces,AI Max,None,loudoun decks,Deck Builder - Broadlands,USD,0.00,0,2,0.00%,0,0.00,Search,0.00%,0.00,0.00
composite outdoor deck,AI Max,None,loudoun decks,Deck Builder - Hamilton,USD,0.00,0,1,0.00%,0,0.00,Search,0.00%,0.00,0.00
prime outdoor living,Broad match,None,loudoun decks,Deck Builder - Brambleton,USD,0.00,0,1,0.00%,0,0.00,Search,0.00%,0.00,0.00
www yardistry structures com helpful hints,Broad match,None,loudoun decks,Deck Builder - Brambleton,USD,0.00,0,1,0.00%,0,0.00,Search,0.00%,0.00,0.00
decks and fences,AI Max,None,loudoun decks,Deck Builder - Middleburg,USD,0.00,0,1,0.00%,0,0.00,Search,0.00%,0.00,0.00
tracks deck,AI Max,None,loudoun decks,Deck Builder - Middleburg,USD,0.00,0,1,0.00%,0,0.00,Search,0.00%,0.00,0.00
havana gold trex,AI Max,None,loudoun decks,Deck Builder - Hamilton,USD,0.00,0,1,0.00%,0,0.00,Search,0.00%,0.00,0.00
trex rainescape,Performance Max,None,Pmax - Dec4, --,USD,0.00,0,2,0.00%,0,0.00,Performance Max,0.00%,0.00,0.00
evergreen composite decking,Performance Max,None,Pmax - Dec4, --,USD,0.00,0,1,0.00%,0,0.00,Performance Max,0.00%,0.00,0.00
longfence,Performance Max,None,Pmax - Dec4, --,USD,0.00,0,1,0.00%,0,0.00,Performance Max,0.00%,0.00,0.00
rotten deck joist repair,AI Max,None,Deck Repair - Loudoun County,Deck Repair - Loudoun County,USD,980.00,1,1,100.00%,0.98,0.98,Search,0.00%,0.00,0.00
deck repair near me,AI Max,None,Deck Repair - Loudoun County,Composite - Trex Repair,USD,0.00,0,2,0.00%,0,0.00,Search,0.00%,0.00,0.00
trex enhance foggy wharf,Phrase match (close variant),None,SRCH | Composite | 3 Counties | Calls,Composite Deck Cost,USD,0.00,0,1,0.00%,0,0.00,Search,0.00%,0.00,0.00
cornerstone construction,AI Max,None,Fairfax-Search-Search - Deck Leads - VA - May 2025,Deck Builders Near Me,USD,0.00,0,1,0.00%,0,0.00,Search,0.00%,0.00,0.00
northern virginia decks,Phrase match (close variant),None,Fairfax-Search-Search - Deck Leads - VA - May 2025,Deck + Patio / Outdoor Living,USD,0.00,0,1,0.00%,0,0.00,Search,0.00%,0.00,0.00
composite decking board suppliers near me,AI Max,None,Fairfax-Search-Search - Deck Leads - VA - May 2025,Deck Builders Near Me,USD,0.00,0,1,0.00%,0,0.00,Search,0.00%,0.00,0.00
trek colors,AI Max,None,Fairfax-Search-Search - Deck Leads - VA - May 2025,Composite Decking,USD,0.00,0,1,0.00%,0,0.00,Search,0.00%,0.00,0.00
wooden deck on concrete,AI Max,None,Fairfax-Search-Search - Deck Leads - VA - May 2025,Deck Repair & Refinishing,USD,0.00,0,1,0.00%,0,0.00,Search,0.00%,0.00,0.00
hemma decks,Phrase match (close variant),None,Fairfax-Search-Search - Deck Leads - VA - May 2025,Deck + Patio / Outdoor Living,USD,0.00,0,2,0.00%,0,0.00,Search,0.00%,0.00,0.00
sundeck,AI Max,None,Fairfax-Search-Search - Deck Leads - VA - May 2025,Deck Builders Near Me,USD,0.00,0,2,0.00%,0,0.00,Search,0.00%,0.00,0.00
deck building 101,Performance Max,None,PMAX cu remarketing, --,USD,0.00,0,1,0.00%,0,0.00,Performance Max,0.00%,0.00,0.00
pavers patio,Performance Max,None,PMAX cu remarketing, --,USD,0.00,0,2,0.00%,0,0.00,Performance Max,0.00%,0.00,0.00
outdoor living,Performance Max,None,PMAX cu remarketing, --,USD,0.00,0,48,0.00%,0,0.00,Performance Max,0.00%,0.00,0.00
apartment balcony decking,Performance Max,None,PMAX cu remarketing, --,USD,0.00,0,1,0.00%,0,0.00,Performance Max,0.00%,0.00,0.00
deck pergola ideas,Performance Max,None,PMAX cu remarketing, --,USD,0.00,0,1,0.00%,0,0.00,Performance Max,0.00%,0.00,0.00
pwhi,Performance Max,None,PMAX cu remarketing, --,USD,0.00,0,50,0.00%,0,0.00,Performance Max,0.00%,0.00,0.00
lumber,Performance Max,None,PMAX cu remarketing, --,USD,0.00,0,2,0.00%,0,0.00,Performance Max,0.00%,0.00,0.00
splash power wash,Performance Max,None,PMAX cu remarketing, --,USD,0.00,0,1,0.00%,0,0.00,Performance Max,0.00%,0.00,0.00
pictures of decks on houses,Performance Max,None,PMAX cu remarketing, --,USD,0.00,0,1,0.00%,0,0.00,Performance Max,0.00%,0.00,0.00
jac fencing,Performance Max,None,PMAX cu remarketing, --,USD,0.00,0,1,0.00%,0,0.00,Performance Max,0.00%,0.00,0.00
loudoun county inspection schedule,Performance Max,None,PMAX cu remarketing, --,USD,0.00,0,1,0.00%,0,0.00,Performance Max,0.00%,0.00,0.00
install deck railing posts,Performance Max,None,PMAX cu remarketing, --,USD,0.00,0,1,0.00%,0,0.00,Performance Max,0.00%,0.00,0.00
how much does it cost to build a deck,Performance Max,None,PMAX cu remarketing, --,USD,0.00,0,1,0.00%,0,0.00,Performance Max,0.00%,0.00,0.00
sheets wholesale inc,Performance Max,None,PMAX cu remarketing, --,USD,0.00,0,2,0.00%,0,0.00,Performance Max,0.00%,0.00,0.00
bluestone walkway,Performance Max,None,PMAX cu remarketing, --,USD,0.00,0,1,0.00%,0,0.00,Performance Max,0.00%,0.00,0.00
barrons lumber cerca de mi,AI Max,None,Premium Composite Decks,Ad group 1,USD,430.00,1,1,100.00%,0.43,0.43,Search,0.00%,0.00,0.00
landscaping companies,AI Max,None,Premium Composite Decks,Ad group 1,USD,0.00,0,2,0.00%,0,0.00,Search,0.00%,0.00,0.00
trex railing,AI Max,None,Premium Composite Decks,Ad group 1,USD,0.00,0,6,0.00%,0,0.00,Search,0.00%,0.00,0.00
timber frame porch,AI Max,None,Premium Composite Decks,Ad group 1,USD,0.00,0,1,0.00%,0,0.00,Search,0.00%,0.00,0.00
deck contractor maryland,AI Max,None,Premium Composite Decks,Ad group 1,USD,0.00,0,4,0.00%,0,0.00,Search,0.00%,0.00,0.00
deck near me,AI Max,None,Premium Composite Decks,Ad group 1,USD,0.00,0,2,0.00%,0,0.00,Search,0.00%,0.00,0.00
luxury custom home builders in virginia,AI Max,None,Premium Composite Decks,Ad group 1,USD,0.00,0,1,0.00%,0,0.00,Search,0.00%,0.00,0.00
southeast contractors,AI Max,None,Premium Composite Decks,Ad group 1,USD,0.00,0,1,0.00%,0,0.00,Search,0.00%,0.00,0.00
trex select saddle decking,AI Max,None,Premium Composite Decks,Ad group 1,USD,0.00,0,1,0.00%,0,0.00,Search,0.00%,0.00,0.00
fencing installation near me,AI Max,None,Premium Composite Decks,Ad group 1,USD,0.00,0,1,0.00%,0,0.00,Search,0.00%,0.00,0.00
fiberon composite decking,AI Max,None,Premium Composite Decks,Ad group 1,USD,0.00,0,3,0.00%,0,0.00,Search,0.00%,0.00,0.00
outdoor living space designers near me,AI Max,None,Premium Composite Decks,Ad group 1,USD,0.00,0,1,0.00%,0,0.00,Search,0.00%,0.00,0.00
local deck builders,AI Max,None,Premium Composite Decks,Ad group 1,USD,0.00,0,1,0.00%,0,0.00,Search,0.00%,0.00,0.00
3d deck designer,AI Max,None,Premium Composite Decks,Ad group 1,USD,6220.00,1,2,50.00%,12.44,12.44,Search,0.00%,0.00,0.00
temporary deck,AI Max,None,Premium Composite Decks,Ad group 1,USD,0.00,0,1,0.00%,0,0.00,Search,0.00%,0.00,0.00
trex installers near me,Exact match (close variant),None,Premium Composite Decks,Ad group 1,USD,6680.00,1,1,100.00%,6.68,6.68,Search,0.00%,0.00,0.00
b&g construction,AI Max,None,Premium Composite Decks,Ad group 1,USD,0.00,0,1,0.00%,0,0.00,Search,0.00%,0.00,0.00
lumber manassas va,AI Max,None,Premium Composite Decks,Ad group 1,USD,0.00,0,1,0.00%,0,0.00,Search,0.00%,0.00,0.00
culpepper lumber,AI Max,None,Premium Composite Decks,Ad group 1,USD,0.00,0,1,0.00%,0,0.00,Search,0.00%,0.00,0.00
loudoun county deck builders,AI Max,None,loudoun decks,Deck Builder - Round Hill,USD,0.00,0,1,0.00%,0,0.00,Search,0.00%,0.00,0.00
backyard renovations,AI Max,None,loudoun decks,Deck Builder - Sterling,USD,0.00,0,1,0.00%,0,0.00,Search,0.00%,0.00,0.00
mid atlantic construction,AI Max,None,loudoun decks,Deck Builder - Middleburg,USD,0.00,0,1,0.00%,0,0.00,Search,0.00%,0.00,0.00
pro deck,Phrase match (close variant),None,loudoun decks,Deck Builder - Brambleton,USD,0.00,0,3,0.00%,0,0.00,Search,0.00%,0.00,0.00
deck sealers near me,Broad match,None,loudoun decks,Deck Builder - Brambleton,USD,0.00,0,1,0.00%,0,0.00,Search,0.00%,0.00,0.00
trex,AI Max,None,loudoun decks,Deck Builder - Middleburg,USD,0.00,0,2,0.00%,0,0.00,Search,0.00%,0.00,0.00
deck resurfacing,Broad match,None,loudoun decks,Deck Builder - Brambleton,USD,0.00,0,1,0.00%,0,0.00,Search,0.00%,0.00,0.00
powerwashing home,Performance Max,None,Pmax - Dec4, --,USD,0.00,0,1,0.00%,0,0.00,Performance Max,0.00%,0.00,0.00
fence near me,Performance Max,None,Pmax - Dec4, --,USD,0.00,0,1,0.00%,0,0.00,Performance Max,0.00%,0.00,0.00
custom fence and deck,Performance Max,None,Pmax - Dec4, --,USD,0.00,0,2,0.00%,0,0.00,Performance Max,0.00%,0.00,0.00
dominion decks,Performance Max,None,Pmax - Dec4, --,USD,0.00,0,2,0.00%,0,0.00,Performance Max,0.00%,0.00,0.00
loudoun deck repair,AI Max,None,Deck Repair - Loudoun County,Deck Contractors Northern VA,USD,1776.51,1,10,10.00%,17.77,17.77,Search,100.00%,1.00,17.77
wood filler deck,AI Max,None,Deck Repair - Loudoun County,Deck Repair - Loudoun County,USD,0.00,0,1,0.00%,0,0.00,Search,0.00%,0.00,0.00
already made deck,AI Max,None,Deck Repair - Loudoun County,Deck Repair - Loudoun County,USD,905.00,1,2,50.00%,1.81,1.81,Search,0.00%,0.00,0.00
cinnamon cove trex,AI Max,None,Deck Repair - Loudoun County,Deck Renovation,USD,0.00,0,1,0.00%,0,0.00,Search,0.00%,0.00,0.00
restaining a deck,AI Max,None,Deck Repair - Loudoun County,Deck Repair - Loudoun County,USD,0.00,0,1,0.00%,0,0.00,Search,0.00%,0.00,0.00
trex havana gold deck,Phrase match (close variant),None,SRCH | Composite | 3 Counties | Calls,Composite Deck Cost,USD,0.00,0,1,0.00%,0,0.00,Search,0.00%,0.00,0.00
trex cinnamon cove decking,Phrase match (close variant),None,SRCH | Composite | 3 Counties | Calls,Composite Deck Cost,USD,0.00,0,1,0.00%,0,0.00,Search,0.00%,0.00,0.00
trex transcend lineage salt flat,Phrase match (close variant),None,SRCH | Composite | 3 Counties | Calls,Composite Deck Cost,USD,0.00,0,4,0.00%,0,0.00,Search,0.00%,0.00,0.00
hardscape near me,AI Max,None,Fairfax-Search-Search - Deck Leads - VA - May 2025,Deck + Patio / Outdoor Living,USD,0.00,0,1,0.00%,0,0.00,Search,0.00%,0.00,0.00
custom pergola,Performance Max,None,PMAX cu remarketing, --,USD,0.00,0,1,0.00%,0,0.00,Performance Max,0.00%,0.00,0.00
gazebo roof,Performance Max,None,PMAX cu remarketing, --,USD,0.00,0,1,0.00%,0,0.00,Performance Max,0.00%,0.00,0.00
all pro pressure washing,Performance Max,None,PMAX cu remarketing, --,USD,0.00,0,1,0.00%,0,0.00,Performance Max,0.00%,0.00,0.00
deck repair fairfax,Performance Max,None,PMAX cu remarketing, --,USD,0.00,0,2,0.00%,0,0.00,Performance Max,0.00%,0.00,0.00
fisherman decks,Performance Max,None,PMAX cu remarketing, --,USD,0.00,0,1,0.00%,0,0.00,Performance Max,0.00%,0.00,0.00
next level power washing,Performance Max,None,PMAX cu remarketing, --,USD,0.00,0,2,0.00%,0,0.00,Performance Max,0.00%,0.00,0.00
1000 sq ft deck cost,Performance Max,None,PMAX cu remarketing, --,USD,0.00,0,1,0.00%,0,0.00,Performance Max,0.00%,0.00,0.00
clinton fence company,Performance Max,None,PMAX cu remarketing, --,USD,3153.29,1,2,50.00%,6.31,6.31,Performance Max,0.00%,0.00,0.00
trex pricing,Performance Max,None,PMAX cu remarketing, --,USD,0.00,0,1,0.00%,0,0.00,Performance Max,0.00%,0.00,0.00
custom home builders in washington dc,Performance Max,None,PMAX cu remarketing, --,USD,0.00,0,1,0.00%,0,0.00,Performance Max,0.00%,0.00,0.00
front porch contractor,Performance Max,None,PMAX cu remarketing, --,USD,0.00,0,1,0.00%,0,0.00,Performance Max,0.00%,0.00,0.00
fence company,Performance Max,None,PMAX cu remarketing, --,USD,0.00,0,7,0.00%,0,0.00,Performance Max,0.00%,0.00,0.00
best stamped concrete,Performance Max,None,PMAX cu remarketing, --,USD,0.00,0,1,0.00%,0,0.00,Performance Max,0.00%,0.00,0.00
deck maintenance,Performance Max,None,PMAX cu remarketing, --,USD,0.00,0,4,0.00%,0,0.00,Performance Max,0.00%,0.00,0.00
diy deck building,Performance Max,None,PMAX cu remarketing, --,USD,0.00,0,1,0.00%,0,0.00,Performance Max,0.00%,0.00,0.00
how to refinish old deck,Performance Max,None,PMAX cu remarketing, --,USD,0.00,0,5,0.00%,0,0.00,Performance Max,0.00%,0.00,0.00
trex deck railing installation,AI Max,None,Premium Composite Decks,Ad group 1,USD,0.00,0,1,0.00%,0,0.00,Search,0.00%,0.00,0.00
ecodecks,AI Max,None,Premium Composite Decks,Ad group 1,USD,0.00,0,1,0.00%,0,0.00,Search,0.00%,0.00,0.00
golden select composite deck tiles,AI Max,None,Premium Composite Decks,Ad group 1,USD,0.00,0,2,0.00%,0,0.00,Search,0.00%,0.00,0.00
patio install near me,AI Max,None,Premium Composite Decks,Ad group 1,USD,0.00,0,2,0.00%,0,0.00,Search,0.00%,0.00,0.00
whiskey barrel trex,AI Max,None,Premium Composite Decks,Ad group 1,USD,0.00,0,1,0.00%,0,0.00,Search,0.00%,0.00,0.00
ldn decks,AI Max,None,Premium Composite Decks,Ad group 1,USD,0.00,0,4,0.00%,0,0.00,Search,0.00%,0.00,0.00
trex calculator,AI Max,None,Premium Composite Decks,Ad group 1,USD,0.00,0,1,0.00%,0,0.00,Search,0.00%,0.00,0.00
deck designs with roof,AI Max,None,Premium Composite Decks,Ad group 1,USD,0.00,0,1,0.00%,0,0.00,Search,0.00%,0.00,0.00
nova decks and exteriors,AI Max,None,Premium Composite Decks,Ad group 1,USD,0.00,0,13,0.00%,0,0.00,Search,0.00%,0.00,0.00
patio builders llc,AI Max,None,Premium Composite Decks,Ad group 1,USD,0.00,0,1,0.00%,0,0.00,Search,0.00%,0.00,0.00
construction works,AI Max,None,Premium Composite Decks,Ad group 1,USD,0.00,0,1,0.00%,0,0.00,Search,0.00%,0.00,0.00
pw perry,AI Max,None,Premium Composite Decks,Ad group 1,USD,0.00,0,2,0.00%,0,0.00,Search,0.00%,0.00,0.00
loudoun lumber purcellville,AI Max,None,Premium Composite Decks,Ad group 1,USD,0.00,0,1,0.00%,0,0.00,Search,0.00%,0.00,0.00
timber tech cost,AI Max,None,Premium Composite Decks,Ad group 1,USD,0.00,0,1,0.00%,0,0.00,Search,0.00%,0.00,0.00
weathered teak timbertech,AI Max,None,Premium Composite Decks,Ad group 1,USD,0.00,0,1,0.00%,0,0.00,Search,0.00%,0.00,0.00
trex gate installation,AI Max,None,loudoun decks,Deck Builder - Hamilton,USD,0.00,0,1,0.00%,0,0.00,Search,0.00%,0.00,0.00
deckstar llc,AI Max,None,loudoun decks,Deck Builder - Broadlands,USD,0.00,0,2,0.00%,0,0.00,Search,0.00%,0.00,0.00
trex pebble grey,Phrase match (close variant),None,loudoun decks,Deck Builder - Brambleton,USD,0.00,0,1,0.00%,0,0.00,Search,0.00%,0.00,0.00
core outdoor,Broad match,None,loudoun decks,Deck Builder - Brambleton,USD,0.00,0,4,0.00%,0,0.00,Search,0.00%,0.00,0.00
trex deck builders near me,AI Max,None,loudoun decks,Deck Builder - Middleburg,USD,0.00,0,2,0.00%,0,0.00,Search,0.00%,0.00,0.00
outdoor living lawn & garden,Performance Max,None,Pmax - Dec4, --,USD,0.00,0,1,0.00%,0,0.00,Performance Max,0.00%,0.00,0.00
sistering deck joist,AI Max,None,Deck Repair - Loudoun County,Deck Repair - Loudoun County,USD,0.00,0,1,0.00%,0,0.00,Search,0.00%,0.00,0.00
deck sinking one corner,AI Max,None,Deck Repair - Loudoun County,Deck Repair - Loudoun County,USD,0.00,0,1,0.00%,0,0.00,Search,0.00%,0.00,0.00
deck repairs near me,Exact match (close variant),None,Deck Repair - Loudoun County,Deck Repair - Loudoun County,USD,0.00,0,6,0.00%,0,0.00,Search,0.00%,0.00,0.00
home remodeling near me,AI Max,None,Deck Repair - Loudoun County,Deck Repair - Loudoun County,USD,0.00,0,1,0.00%,0,0.00,Search,0.00%,0.00,0.00
lowe's home improvement cerca de mi,AI Max,None,Deck Repair - Loudoun County,Composite - Trex Repair,USD,0.00,0,3,0.00%,0,0.00,Search,0.00%,0.00,0.00
decked out landscapes,AI Max,None,Deck Repair - Loudoun County,Deck Restoration - Refinishing,USD,0.00,0,1,0.00%,0,0.00,Search,0.00%,0.00,0.00
timbertech near me,Phrase match (close variant),None,SRCH | Composite | 3 Counties | Calls,Composite Deck Builder,USD,0.00,0,1,0.00%,0,0.00,Search,0.00%,0.00,0.00
construction systems of virginia,AI Max,None,Fairfax-Search-Search - Deck Leads - VA - May 2025,Deck Builders Near Me,USD,0.00,0,1,0.00%,0,0.00,Search,0.00%,0.00,0.00
refinish deck,AI Max,None,Fairfax-Search-Search - Deck Leads - VA - May 2025,Composite Decking,USD,0.00,0,1,0.00%,0,0.00,Search,0.00%,0.00,0.00
building code for residential decks virginia pdf,AI Max,None,Fairfax-Search-Search - Deck Leads - VA - May 2025,Deck Builders Near Me,USD,0.00,0,1,0.00%,0,0.00,Search,0.00%,0.00,0.00
deck builder fairfax va,Exact match,Added,Fairfax-Search-Search - Deck Leads - VA - May 2025,Deck Builders Near Me,USD,5082.00,1,5,20.00%,25.41,25.41,Search,0.00%,0.00,0.00
sunburst deck,AI Max,None,Fairfax-Search-Search - Deck Leads - VA - May 2025,Deck Builders Near Me,USD,0.00,0,1,0.00%,0,0.00,Search,0.00%,0.00,0.00
trex decking over existing deck,Phrase match (close variant),None,Fairfax-Search-Search - Deck Leads - VA - May 2025,Deck Builders Near Me,USD,0.00,0,1,0.00%,0,0.00,Search,0.00%,0.00,0.00
building a deck on a hillside,AI Max,None,Fairfax-Search-Search - Deck Leads - VA - May 2025,Deck Builders Near Me,USD,0.00,0,1,0.00%,0,0.00,Search,0.00%,0.00,0.00
pressure washing business near me,Performance Max,None,PMAX cu remarketing, --,USD,0.00,0,1,0.00%,0,0.00,Performance Max,0.00%,0.00,0.00
snapp screen,Performance Max,None,PMAX cu remarketing, --,USD,0.00,0,1,0.00%,0,0.00,Performance Max,0.00%,0.00,0.00
build deck,Performance Max,None,PMAX cu remarketing, --,USD,0.00,0,1,0.00%,0,0.00,Performance Max,0.00%,0.00,0.00
gazeeba,Performance Max,None,PMAX cu remarketing, --,USD,0.00,0,1,0.00%,0,0.00,Performance Max,0.00%,0.00,0.00
84 lumber culpeper va,Performance Max,None,PMAX cu remarketing, --,USD,0.00,0,1,0.00%,0,0.00,Performance Max,0.00%,0.00,0.00
prime decks,Performance Max,None,PMAX cu remarketing, --,USD,0.00,0,5,0.00%,0,0.00,Performance Max,0.00%,0.00,0.00
timbertech cost,Performance Max,None,PMAX cu remarketing, --,USD,0.00,0,2,0.00%,0,0.00,Performance Max,0.00%,0.00,0.00
residential fencing,Performance Max,None,PMAX cu remarketing, --,USD,0.00,0,1,0.00%,0,0.00,Performance Max,0.00%,0.00,0.00
custom fence and deck,Performance Max,None,PMAX cu remarketing, --,USD,0.00,0,3,0.00%,0,0.00,Performance Max,0.00%,0.00,0.00
pergola installers near me,Performance Max,None,PMAX cu remarketing, --,USD,0.00,0,3,0.00%,0,0.00,Performance Max,0.00%,0.00,0.00
repair deck boards,Performance Max,None,PMAX cu remarketing, --,USD,0.00,0,1,0.00%,0,0.00,Performance Max,0.00%,0.00,0.00
how to stain a wood deck,Performance Max,None,PMAX cu remarketing, --,USD,0.00,0,1,0.00%,0,0.00,Performance Max,0.00%,0.00,0.00
under deck drainage system,Performance Max,None,PMAX cu remarketing, --,USD,0.00,0,1,0.00%,0,0.00,Performance Max,0.00%,0.00,0.00
deck builders fairfax va,Phrase match (close variant),None,SRCH | Replacement + Resurfacing | 3 Counties | Calls,Deck Replacement,USD,0.00,0,1,0.00%,0,0.00,Search,0.00%,0.00,0.00
pool decking that doesn t get hot,AI Max,None,Premium Composite Decks,Ad group 1,USD,0.00,0,2,0.00%,0,0.00,Search,0.00%,0.00,0.00
making box steps for deck,AI Max,None,Premium Composite Decks,Ad group 1,USD,0.00,0,1,0.00%,0,0.00,Search,0.00%,0.00,0.00
ipe decking,AI Max,None,Premium Composite Decks,Ad group 1,USD,0.00,0,3,0.00%,0,0.00,Search,0.00%,0.00,0.00
timbertech railing,AI Max,None,Premium Composite Decks,Ad group 1,USD,0.00,0,1,0.00%,0,0.00,Search,0.00%,0.00,0.00
trex transcend decking,AI Max,None,Premium Composite Decks,Ad group 1,USD,0.00,0,3,0.00%,0,0.00,Search,0.00%,0.00,0.00
deck resurfacing,AI Max,None,Premium Composite Decks,Ad group 1,USD,0.00,0,4,0.00%,0,0.00,Search,0.00%,0.00,0.00
how to price a decking job,AI Max,None,Premium Composite Decks,Ad group 1,USD,0.00,0,1,0.00%,0,0.00,Search,0.00%,0.00,0.00
custom home building,AI Max,None,Premium Composite Decks,Ad group 1,USD,0.00,0,1,0.00%,0,0.00,Search,0.00%,0.00,0.00
deck supply store,AI Max,None,Premium Composite Decks,Ad group 1,USD,0.00,0,1,0.00%,0,0.00,Search,0.00%,0.00,0.00
three season room,Broad match,None,loudoun decks,Deck Builder - Brambleton,USD,0.00,0,1,0.00%,0,0.00,Search,0.00%,0.00,0.00
decks and porches,AI Max,None,loudoun decks,Deck Builder - Aldie,USD,0.00,0,1,0.00%,0,0.00,Search,0.00%,0.00,0.00
virginia ground works,Broad match,None,loudoun decks,Deck Builder - Brambleton,USD,0.00,0,1,0.00%,0,0.00,Search,0.00%,0.00,0.00
fiberon armorguard coastal gray,AI Max,None,loudoun decks,Deck Builder - Hamilton,USD,0.00,0,1,0.00%,0,0.00,Search,0.00%,0.00,0.00
home construction va,AI Max,None,loudoun decks,Deck Builder - Arcola,USD,0.00,0,1,0.00%,0,0.00,Search,0.00%,0.00,0.00
deck,AI Max,None,loudoun decks,Deck Builder - Arcola,USD,0.00,0,1,0.00%,0,0.00,Search,0.00%,0.00,0.00
trex transcend,Phrase match (close variant),None,loudoun decks,Deck Builder - Brambleton,USD,0.00,0,1,0.00%,0,0.00,Search,0.00%,0.00,0.00
compañía de construcción cerca de mi,AI Max,None,loudoun decks,Deck Builder - Lovettsville,USD,0.00,0,1,0.00%,0,0.00,Search,0.00%,0.00,0.00
open trellis roof,Broad match,None,loudoun decks,Deck Builder - Brambleton,USD,0.00,0,1,0.00%,0,0.00,Search,0.00%,0.00,0.00
leesburg decks,AI Max,None,loudoun decks,Deck Builder - Middleburg,USD,0.00,0,1,0.00%,0,0.00,Search,0.00%,0.00,0.00
decks high off ground,Performance Max,None,Pmax - Dec4, --,USD,0.00,0,1,0.00%,0,0.00,Performance Max,0.00%,0.00,0.00
fa outdoor spaces,Performance Max,None,Pmax - Dec4, --,USD,0.00,0,3,0.00%,0,0.00,Performance Max,0.00%,0.00,0.00
trex deck on sale,AI Max,None,Deck Repair - Loudoun County,Composite - Trex Repair,USD,0.00,0,1,0.00%,0,0.00,Search,0.00%,0.00,0.00
deck remodel,Exact match (close variant),None,Deck Repair - Loudoun County,Deck Repair - Loudoun County,USD,0.00,0,1,0.00%,0,0.00,Search,0.00%,0.00,0.00
loudoun deck,AI Max,None,Deck Repair - Loudoun County,Deck Repair - Loudoun County,USD,6408.34,2,4,50.00%,12.82,25.63,Search,0.00%,0.00,0.00
wood work contractors near me,AI Max,None,Deck Repair - Loudoun County,Deck Repair - Loudoun County,USD,0.00,0,1,0.00%,0,0.00,Search,0.00%,0.00,0.00
resurfacing decks,AI Max,None,Deck Repair - Loudoun County,Deck Contractors Northern VA,USD,0.00,0,1,0.00%,0,0.00,Search,0.00%,0.00,0.00
brown deck,AI Max,None,Deck Repair - Loudoun County,Deck Repair - Loudoun County,USD,0.00,0,1,0.00%,0,0.00,Search,0.00%,0.00,0.00
fortress construction,AI Max,None,Fairfax-Search-Search - Deck Leads - VA - May 2025,Deck + Patio / Outdoor Living,USD,0.00,0,1,0.00%,0,0.00,Search,0.00%,0.00,0.00
deck roofs,AI Max,None,Fairfax-Search-Search - Deck Leads - VA - May 2025,Deck Builders Near Me,USD,0.00,0,1,0.00%,0,0.00,Search,0.00%,0.00,0.00
construction company near me near me,AI Max,None,Fairfax-Search-Search - Deck Leads - VA - May 2025,Deck Builders Near Me,USD,0.00,0,1,0.00%,0,0.00,Search,0.00%,0.00,0.00
concrete steps near me,AI Max,None,Fairfax-Search-Search - Deck Leads - VA - May 2025,Deck + Patio / Outdoor Living,USD,0.00,0,1,0.00%,0,0.00,Search,0.00%,0.00,0.00
deck repair companies near me,Performance Max,None,PMAX cu remarketing, --,USD,0.00,0,1,0.00%,0,0.00,Performance Max,0.00%,0.00,0.00
construction companies in washington dc,Performance Max,None,PMAX cu remarketing, --,USD,0.00,0,2,0.00%,0,0.00,Performance Max,0.00%,0.00,0.00
deck builders fredericksburg va,Performance Max,None,PMAX cu remarketing, --,USD,0.00,0,3,0.00%,0,0.00,Performance Max,0.00%,0.00,0.00
rd fence,Performance Max,None,PMAX cu remarketing, --,USD,0.00,0,2,0.00%,0,0.00,Performance Max,0.00%,0.00,0.00
deck tiles install,Performance Max,None,PMAX cu remarketing, --,USD,0.00,0,2,0.00%,0,0.00,Performance Max,0.00%,0.00,0.00
how to frame a deck,Performance Max,None,PMAX cu remarketing, --,USD,0.00,0,1,0.00%,0,0.00,Performance Max,0.00%,0.00,0.00
best deck,Performance Max,None,PMAX cu remarketing, --,USD,0.00,0,3,0.00%,0,0.00,Performance Max,0.00%,0.00,0.00
barrons lumber gaithersburg photos,Performance Max,None,PMAX cu remarketing, --,USD,0.00,0,1,0.00%,0,0.00,Performance Max,0.00%,0.00,0.00
cost to replace deck,Performance Max,None,PMAX cu remarketing, --,USD,0.00,0,1,0.00%,0,0.00,Performance Max,0.00%,0.00,0.00
installing stringers on deck,Performance Max,None,PMAX cu remarketing, --,USD,0.00,0,2,0.00%,0,0.00,Performance Max,0.00%,0.00,0.00
how to build an enclosed gazebo,Performance Max,None,PMAX cu remarketing, --,USD,0.00,0,2,0.00%,0,0.00,Performance Max,0.00%,0.00,0.00
install composite decking,Performance Max,None,PMAX cu remarketing, --,USD,0.00,0,1,0.00%,0,0.00,Performance Max,0.00%,0.00,0.00
prince william home improvement photos,Performance Max,None,PMAX cu remarketing, --,USD,0.00,0,1,0.00%,0,0.00,Performance Max,0.00%,0.00,0.00
building a deck,Performance Max,None,PMAX cu remarketing, --,USD,0.00,0,2,0.00%,0,0.00,Performance Max,0.00%,0.00,0.00
decking machine operator,Performance Max,None,PMAX cu remarketing, --,USD,0.00,0,1,0.00%,0,0.00,Performance Max,0.00%,0.00,0.00
hidden trex fasteners,AI Max,None,Premium Composite Decks,Ad group 1,USD,0.00,0,1,0.00%,0,0.00,Search,0.00%,0.00,0.00
best deck companies near me,Exact match (close variant),None,Premium Composite Decks,Ad group 1,USD,0.00,0,6,0.00%,0,0.00,Search,0.00%,0.00,0.00
deck cost estimator,AI Max,None,Premium Composite Decks,Ad group 1,USD,0.00,0,2,0.00%,0,0.00,Search,0.00%,0.00,0.00
composite decking installation tips,AI Max,None,Premium Composite Decks,Ad group 1,USD,0.00,0,1,0.00%,0,0.00,Search,0.00%,0.00,0.00
composite decking review,AI Max,None,Premium Composite Decks,Ad group 1,USD,0.00,0,2,0.00%,0,0.00,Search,0.00%,0.00,0.00
pergolas with roof,AI Max,None,Premium Composite Decks,Ad group 1,USD,0.00,0,1,0.00%,0,0.00,Search,0.00%,0.00,0.00
contractor fairfax,AI Max,None,Premium Composite Decks,Ad group 1,USD,0.00,0,1,0.00%,0,0.00,Search,0.00%,0.00,0.00
screened in porch with skylights,AI Max,None,Premium Composite Decks,Ad group 1,USD,0.00,0,1,0.00%,0,0.00,Search,0.00%,0.00,0.00
deck builders manassas va,AI Max,None,Premium Composite Decks,Ad group 1,USD,0.00,0,2,0.00%,0,0.00,Search,0.00%,0.00,0.00
small construction companies near me,AI Max,None,Premium Composite Decks,Ad group 1,USD,0.00,0,2,0.00%,0,0.00,Search,0.00%,0.00,0.00
trex decking boards,AI Max,None,Premium Composite Decks,Ad group 1,USD,1465.00,1,4,25.00%,5.86,5.86,Search,0.00%,0.00,0.00
rescreen porch,AI Max,None,Premium Composite Decks,Ad group 1,USD,0.00,0,1,0.00%,0,0.00,Search,0.00%,0.00,0.00
chantilly va hardscape,AI Max,None,Premium Composite Decks,Ad group 1,USD,0.00,0,1,0.00%,0,0.00,Search,0.00%,0.00,0.00
timbertech harvest slate gray,AI Max,None,Premium Composite Decks,Ad group 1,USD,0.00,0,1,0.00%,0,0.00,Search,0.00%,0.00,0.00
handrail design outdoor,AI Max,None,Premium Composite Decks,Ad group 1,USD,0.00,0,1,0.00%,0,0.00,Search,0.00%,0.00,0.00
coastal custom decks,AI Max,None,loudoun decks,Deck Builder - Aldie,USD,0.00,0,1,0.00%,0,0.00,Search,0.00%,0.00,0.00
trex,AI Max,None,loudoun decks,Deck Builder - South Riding,USD,0.00,0,2,0.00%,0,0.00,Search,0.00%,0.00,0.00
friendly construction inc,AI Max,None,loudoun decks,Deck Builder - Round Hill,USD,0.00,0,1,0.00%,0,0.00,Search,0.00%,0.00,0.00
small deck to patio transition,AI Max,None,loudoun decks,Deck Builder - Arcola,USD,0.00,0,1,0.00%,0,0.00,Search,0.00%,0.00,0.00
trex,Broad match,None,loudoun decks,Deck Builder - Brambleton,USD,0.00,0,12,0.00%,0,0.00,Search,0.00%,0.00,0.00
aj construction,AI Max,None,loudoun decks,Deck Builder - South Riding,USD,0.00,0,1,0.00%,0,0.00,Search,0.00%,0.00,0.00
trex deck examples,AI Max,None,loudoun decks,Deck Builder - Broadlands,USD,0.00,0,1,0.00%,0,0.00,Search,0.00%,0.00,0.00
deck builders sterling va,Performance Max,None,Pmax - Dec4, --,USD,0.00,0,1,0.00%,0,0.00,Performance Max,0.00%,0.00,0.00
deckman dc,Performance Max,None,Pmax - Dec4, --,USD,0.00,0,1,0.00%,0,0.00,Performance Max,0.00%,0.00,0.00
refinish deck,Exact match (close variant),None,Deck Repair - Loudoun County,Deck Repair - Loudoun County,USD,0.00,0,1,0.00%,0,0.00,Search,0.00%,0.00,0.00
deck resurfacing near me,Exact match,Added,Deck Repair - Loudoun County,Deck Restoration - Refinishing,USD,0.00,0,1,0.00%,0,0.00,Search,0.00%,0.00,0.00
empresa deck de madeira,AI Max,None,Deck Repair - Loudoun County,Deck Repair - Loudoun County,USD,0.00,0,1,0.00%,0,0.00,Search,0.00%,0.00,0.00
deck floor,AI Max,None,Deck Repair - Loudoun County,Deck Repair - Loudoun County,USD,0.00,0,2,0.00%,0,0.00,Search,0.00%,0.00,0.00
build garden in backyard,AI Max,None,Fairfax-Search-Search - Deck Leads - VA - May 2025,Deck + Patio / Outdoor Living,USD,0.00,0,1,0.00%,0,0.00,Search,0.00%,0.00,0.00
hardscape companies near me,AI Max,None,Fairfax-Search-Search - Deck Leads - VA - May 2025,Deck + Patio / Outdoor Living,USD,0.00,0,1,0.00%,0,0.00,Search,0.00%,0.00,0.00
old castle pavers,AI Max,None,Fairfax-Search-Search - Deck Leads - VA - May 2025,Deck + Patio / Outdoor Living,USD,0.00,0,1,0.00%,0,0.00,Search,0.00%,0.00,0.00
nicolock,AI Max,None,Fairfax-Search-Search - Deck Leads - VA - May 2025,Deck + Patio / Outdoor Living,USD,0.00,0,1,0.00%,0,0.00,Search,0.00%,0.00,0.00
composite deck company,AI Max,None,Fairfax-Search-Search - Deck Leads - VA - May 2025,Composite Decking,USD,0.00,0,1,0.00%,0,0.00,Search,0.00%,0.00,0.00
building a deck for beginners,AI Max,None,Fairfax-Search-Search - Deck Leads - VA - May 2025,Deck Builders Near Me,USD,0.00,0,1,0.00%,0,0.00,Search,0.00%,0.00,0.00
power washing fairfax va,Performance Max,None,PMAX cu remarketing, --,USD,0.00,0,2,0.00%,0,0.00,Performance Max,0.00%,0.00,0.00
down sloped backyard ideas,Performance Max,None,PMAX cu remarketing, --,USD,0.00,0,1,0.00%,0,0.00,Performance Max,0.00%,0.00,0.00
how to finish trex ends,Performance Max,None,PMAX cu remarketing, --,USD,0.00,0,1,0.00%,0,0.00,Performance Max,0.00%,0.00,0.00
floating deck plans,Performance Max,None,PMAX cu remarketing, --,USD,0.00,0,1,0.00%,0,0.00,Performance Max,0.00%,0.00,0.00
how to install composite decking,Performance Max,None,PMAX cu remarketing, --,USD,0.00,0,1,0.00%,0,0.00,Performance Max,0.00%,0.00,0.00
ipe deck refinishing near me,Performance Max,None,PMAX cu remarketing, --,USD,0.00,0,2,0.00%,0,0.00,Performance Max,0.00%,0.00,0.00
fence installers near me,Performance Max,None,PMAX cu remarketing, --,USD,0.00,0,2,0.00%,0,0.00,Performance Max,0.00%,0.00,0.00
patio builders near me,Performance Max,None,PMAX cu remarketing, --,USD,0.00,0,3,0.00%,0,0.00,Performance Max,0.00%,0.00,0.00
how to clean aluminum siding,Performance Max,None,PMAX cu remarketing, --,USD,0.00,0,1,0.00%,0,0.00,Performance Max,0.00%,0.00,0.00
timbertech composite balusters,Performance Max,None,PMAX cu remarketing, --,USD,0.00,0,1,0.00%,0,0.00,Performance Max,0.00%,0.00,0.00
fence repair contractor,Performance Max,None,PMAX cu remarketing, --,USD,0.00,0,2,0.00%,0,0.00,Performance Max,0.00%,0.00,0.00
patio,Performance Max,None,PMAX cu remarketing, --,USD,0.00,0,9,0.00%,0,0.00,Performance Max,0.00%,0.00,0.00
ned's power washing,Performance Max,None,PMAX cu remarketing, --,USD,0.00,0,1,0.00%,0,0.00,Performance Max,0.00%,0.00,0.00
deck post crack,Performance Max,None,PMAX cu remarketing, --,USD,0.00,0,1,0.00%,0,0.00,Performance Max,0.00%,0.00,0.00
premier outdoor living,Performance Max,None,PMAX cu remarketing, --,USD,0.00,0,13,0.00%,0,0.00,Performance Max,0.00%,0.00,0.00
outdoor patio ideas,Performance Max,None,PMAX cu remarketing, --,USD,0.00,0,1,0.00%,0,0.00,Performance Max,0.00%,0.00,0.00
fence and deck connection,Performance Max,None,PMAX cu remarketing, --,USD,0.00,0,3,0.00%,0,0.00,Performance Max,0.00%,0.00,0.00
deck 11,Performance Max,None,PMAX cu remarketing, --,USD,0.00,0,2,0.00%,0,0.00,Performance Max,0.00%,0.00,0.00
home pressure washing,Performance Max,None,PMAX cu remarketing, --,USD,0.00,0,1,0.00%,0,0.00,Performance Max,0.00%,0.00,0.00
outdoor creations,Performance Max,None,PMAX cu remarketing, --,USD,0.00,0,1,0.00%,0,0.00,Performance Max,0.00%,0.00,0.00
screened in porch ideas,AI Max,None,Premium Composite Decks,Ad group 1,USD,349.67,1,6,16.67%,2.10,2.10,Search,0.00%,0.00,0.00
amazing deck,AI Max,None,Premium Composite Decks,Ad group 1,USD,0.00,0,2,0.00%,0,0.00,Search,0.00%,0.00,0.00
mcfenceanddeck,AI Max,None,Premium Composite Decks,Ad group 1,USD,0.00,0,1,0.00%,0,0.00,Search,0.00%,0.00,0.00
patio roof builders near me,AI Max,None,Premium Composite Decks,Ad group 1,USD,0.00,0,1,0.00%,0,0.00,Search,0.00%,0.00,0.00
building a deck,AI Max,None,Premium Composite Decks,Ad group 1,USD,0.00,0,1,0.00%,0,0.00,Search,0.00%,0.00,0.00
trex company,AI Max,None,Premium Composite Decks,Ad group 1,USD,0.00,0,9,0.00%,0,0.00,Search,0.00%,0.00,0.00
nova exteriors reviews,AI Max,None,Premium Composite Decks,Ad group 1,USD,0.00,0,1,0.00%,0,0.00,Search,0.00%,0.00,0.00
lumber cerca de mi,AI Max,None,Premium Composite Decks,Ad group 1,USD,0.00,0,1,0.00%,0,0.00,Search,0.00%,0.00,0.00
resurface trex decking,AI Max,None,Premium Composite Decks,Ad group 1,USD,0.00,0,1,0.00%,0,0.00,Search,0.00%,0.00,0.00
composite deck tiles over concrete,AI Max,None,Premium Composite Decks,Ad group 1,USD,0.00,0,1,0.00%,0,0.00,Search,0.00%,0.00,0.00
docks and decks near me,AI Max,None,Premium Composite Decks,Ad group 1,USD,0.00,0,1,0.00%,0,0.00,Search,0.00%,0.00,0.00
outdoor elements,AI Max,None,Premium Composite Decks,Ad group 1,USD,0.00,0,1,0.00%,0,0.00,Search,0.00%,0.00,0.00
matrix construction,AI Max,None,Premium Composite Decks,Ad group 1,USD,0.00,0,1,0.00%,0,0.00,Search,0.00%,0.00,0.00
how to update deck,AI Max,None,Premium Composite Decks,Ad group 1,USD,0.00,0,2,0.00%,0,0.00,Search,0.00%,0.00,0.00
aluminum rails,Broad match,None,loudoun decks,Deck Builder - Brambleton,USD,0.00,0,1,0.00%,0,0.00,Search,0.00%,0.00,0.00
deck,AI Max,None,loudoun decks,Deck Builder - Potomac Falls,USD,2568.57,1,7,14.29%,17.98,17.98,Search,0.00%,0.00,0.00
composite deck installation,AI Max,None,loudoun decks,Deck Builder - South Riding,USD,0.00,0,1,0.00%,0,0.00,Search,0.00%,0.00,0.00
houzz decks,AI Max,None,loudoun decks,Deck Builder - South Riding,USD,0.00,0,1,0.00%,0,0.00,Search,0.00%,0.00,0.00
go masonry,Broad match,None,loudoun decks,Deck Builder - Brambleton,USD,0.00,0,1,0.00%,0,0.00,Search,0.00%,0.00,0.00
patio decks,AI Max,None,loudoun decks,Deck Builder - Middleburg,USD,0.00,0,1,0.00%,0,0.00,Search,0.00%,0.00,0.00
metal patio deck,Phrase match (close variant),None,loudoun decks,Deck Builder - Brambleton,USD,0.00,0,1,0.00%,0,0.00,Search,0.00%,0.00,0.00
eco wood,Broad match,None,loudoun decks,Deck Builder - Brambleton,USD,0.00,0,1,0.00%,0,0.00,Search,0.00%,0.00,0.00
deck store,Broad match,None,loudoun decks,Deck Builder - Brambleton,USD,0.00,0,1,0.00%,0,0.00,Search,0.00%,0.00,0.00
pillar construction,AI Max,None,loudoun decks,Deck Builder - Lovettsville,USD,0.00,0,1,0.00%,0,0.00,Search,0.00%,0.00,0.00
open stoop,Broad match,None,loudoun decks,Deck Builder - Brambleton,USD,0.00,0,1,0.00%,0,0.00,Search,0.00%,0.00,0.00
timbertech suppliers near me,Phrase match (close variant),None,loudoun decks,Deck Builder - Brambleton,USD,0.00,0,2,0.00%,0,0.00,Search,0.00%,0.00,0.00
bluestone patio,Performance Max,None,Pmax - Dec4, --,USD,0.00,0,1,0.00%,0,0.00,Performance Max,0.00%,0.00,0.00
replace wood deck with composite,Performance Max,None,Pmax - Dec4, --,USD,5490.00,1,1,100.00%,5.49,5.49,Performance Max,0.00%,0.00,0.00
jac fencing,Performance Max,None,Pmax - Dec4, --,USD,0.00,0,2,0.00%,0,0.00,Performance Max,0.00%,0.00,0.00
prince william deck and patio,AI Max,None,Deck Repair - Loudoun County,Deck Restoration - Refinishing,USD,0.00,0,1,0.00%,0,0.00,Search,0.00%,0.00,0.00
deck waterproof membrane,AI Max,None,Deck Repair - Loudoun County,Deck Repair - Loudoun County,USD,0.00,0,1,0.00%,0,0.00,Search,0.00%,0.00,0.00
monarch construction,AI Max,None,Fairfax-Search-Search - Deck Leads - VA - May 2025,Deck + Patio / Outdoor Living,USD,0.00,0,1,0.00%,0,0.00,Search,0.00%,0.00,0.00
deck construction,AI Max,None,Fairfax-Search-Search - Deck Leads - VA - May 2025,Composite Decking,USD,0.00,0,1,0.00%,0,0.00,Search,0.00%,0.00,0.00
deck ceiling,Performance Max,None,PMAX cu remarketing, --,USD,0.00,0,1,0.00%,0,0.00,Performance Max,0.00%,0.00,0.00
fencing companies near me,Performance Max,None,PMAX cu remarketing, --,USD,0.00,0,7,0.00%,0,0.00,Performance Max,0.00%,0.00,0.00
installing trex,Performance Max,None,PMAX cu remarketing, --,USD,0.00,0,1,0.00%,0,0.00,Performance Max,0.00%,0.00,0.00
fa outdoors,Performance Max,None,PMAX cu remarketing, --,USD,0.00,0,2,0.00%,0,0.00,Performance Max,0.00%,0.00,0.00
top rated fence companies near me,Performance Max,None,PMAX cu remarketing, --,USD,0.00,0,2,0.00%,0,0.00,Performance Max,0.00%,0.00,0.00
porch screen repair near me,Performance Max,None,PMAX cu remarketing, --,USD,0.00,0,2,0.00%,0,0.00,Performance Max,0.00%,0.00,0.00
trex deck cost,Performance Max,None,PMAX cu remarketing, --,USD,0.00,0,1,0.00%,0,0.00,Performance Max,0.00%,0.00,0.00
how to build a backyard deck,Performance Max,None,PMAX cu remarketing, --,USD,0.00,0,2,0.00%,0,0.00,Performance Max,0.00%,0.00,0.00
privacy fence install,Performance Max,None,PMAX cu remarketing, --,USD,0.00,0,1,0.00%,0,0.00,Performance Max,0.00%,0.00,0.00
how to power wash bluestone patio,Performance Max,None,PMAX cu remarketing, --,USD,0.00,0,1,0.00%,0,0.00,Performance Max,0.00%,0.00,0.00
where can i buy azek decking,Performance Max,None,PMAX cu remarketing, --,USD,0.00,0,1,0.00%,0,0.00,Performance Max,0.00%,0.00,0.00
min home improvement,Performance Max,None,PMAX cu remarketing, --,USD,0.00,0,1,0.00%,0,0.00,Performance Max,0.00%,0.00,0.00
deck repair arlington va,Performance Max,None,PMAX cu remarketing, --,USD,590.40,1,5,20.00%,2.95,2.95,Performance Max,0.00%,0.00,0.00
shly deck company,Performance Max,None,PMAX cu remarketing, --,USD,0.00,0,1,0.00%,0,0.00,Performance Max,0.00%,0.00,0.00
deckman,Performance Max,None,PMAX cu remarketing, --,USD,0.00,0,7,0.00%,0,0.00,Performance Max,0.00%,0.00,0.00
core outdoor,Performance Max,None,PMAX cu remarketing, --,USD,0.00,0,2,0.00%,0,0.00,Performance Max,0.00%,0.00,0.00
deck company near me,Performance Max,None,PMAX cu remarketing, --,USD,0.00,0,1,0.00%,0,0.00,Performance Max,0.00%,0.00,0.00
nova stone catharpin,Performance Max,None,PMAX cu remarketing, --,USD,0.00,0,1,0.00%,0,0.00,Performance Max,0.00%,0.00,0.00
replacing wooden deck boards,Performance Max,None,PMAX cu remarketing, --,USD,0.00,0,5,0.00%,0,0.00,Performance Max,0.00%,0.00,0.00
deck it,Performance Max,None,PMAX cu remarketing, --,USD,0.00,0,1,0.00%,0,0.00,Performance Max,0.00%,0.00,0.00
diy deck skirting ideas,Performance Max,None,PMAX cu remarketing, --,USD,0.00,0,1,0.00%,0,0.00,Performance Max,0.00%,0.00,0.00
cedar planks near me,Performance Max,None,PMAX cu remarketing, --,USD,0.00,0,1,0.00%,0,0.00,Performance Max,0.00%,0.00,0.00
archadeck magic,Performance Max,None,PMAX cu remarketing, --,USD,0.00,0,1,0.00%,0,0.00,Performance Max,0.00%,0.00,0.00
washington dc contractor,Performance Max,None,PMAX cu remarketing, --,USD,0.00,0,1,0.00%,0,0.00,Performance Max,0.00%,0.00,0.00
backyard on the porch,Performance Max,None,PMAX cu remarketing, --,USD,0.00,0,2,0.00%,0,0.00,Performance Max,0.00%,0.00,0.00
armor fence and deck,Performance Max,None,PMAX cu remarketing, --,USD,0.00,0,7,0.00%,0,0.00,Performance Max,0.00%,0.00,0.00
lumber store near me,Performance Max,None,PMAX cu remarketing, --,USD,0.00,0,3,0.00%,0,0.00,Performance Max,0.00%,0.00,0.00
paver patio,Performance Max,None,PMAX cu remarketing, --,USD,0.00,0,5,0.00%,0,0.00,Performance Max,0.00%,0.00,0.00
nova deck and fence,Performance Max,None,PMAX cu remarketing, --,USD,0.00,0,1,0.00%,0,0.00,Performance Max,0.00%,0.00,0.00
contractor near me,AI Max,None,Premium Composite Decks,Ad group 1,USD,0.00,0,1,0.00%,0,0.00,Search,0.00%,0.00,0.00
flagstone patio installation cost,AI Max,None,Premium Composite Decks,Ad group 1,USD,0.00,0,1,0.00%,0,0.00,Search,0.00%,0.00,0.00
nova decks and exteriors reviews,AI Max,None,Premium Composite Decks,Ad group 1,USD,0.00,0,4,0.00%,0,0.00,Search,0.00%,0.00,0.00
los brothers construction llc,AI Max,None,Premium Composite Decks,Ad group 1,USD,0.00,0,1,0.00%,0,0.00,Search,0.00%,0.00,0.00
new front stairs,AI Max,None,Premium Composite Decks,Ad group 1,USD,0.00,0,1,0.00%,0,0.00,Search,0.00%,0.00,0.00
deck and door,AI Max,None,Premium Composite Decks,Ad group 1,USD,0.00,0,1,0.00%,0,0.00,Search,0.00%,0.00,0.00
trex lineage rainier,AI Max,None,Premium Composite Decks,Ad group 1,USD,0.00,0,1,0.00%,0,0.00,Search,0.00%,0.00,0.00
deck ceiling,AI Max,None,Premium Composite Decks,Ad group 1,USD,0.00,0,1,0.00%,0,0.00,Search,0.00%,0.00,0.00
timbertech decking colors,AI Max,None,Premium Composite Decks,Ad group 1,USD,0.00,0,2,0.00%,0,0.00,Search,0.00%,0.00,0.00
perry lumber,AI Max,None,Premium Composite Decks,Ad group 1,USD,0.00,0,2,0.00%,0,0.00,Search,0.00%,0.00,0.00
tavo's construction,AI Max,None,Premium Composite Decks,Ad group 1,USD,0.00,0,1,0.00%,0,0.00,Search,0.00%,0.00,0.00
loudoun construction,AI Max,None,loudoun decks,Deck Builder - Middleburg,USD,24138.88,1,1,100.00%,24.14,24.14,Search,100.00%,1.00,24.14
deck with hot tub,Broad match,None,loudoun decks,Deck Builder - Brambleton,USD,0.00,0,2,0.00%,0,0.00,Search,0.00%,0.00,0.00
outdoor space near me,AI Max,None,loudoun decks,Deck Builder - Round Hill,USD,0.00,0,1,0.00%,0,0.00,Search,0.00%,0.00,0.00
trex store near me,Phrase match (close variant),None,loudoun decks,Deck Builder - Brambleton,USD,0.00,0,1,0.00%,0,0.00,Search,0.00%,0.00,0.00
patio and deck builders near me,Broad match,None,loudoun decks,Deck Builder - Brambleton,USD,0.00,0,1,0.00%,0,0.00,Search,0.00%,0.00,0.00
architect near me,AI Max,None,loudoun decks,Deck Builder - Broadlands,USD,0.00,0,1,0.00%,0,0.00,Search,0.00%,0.00,0.00
montgomery decks,AI Max,None,loudoun decks,Deck Builder - Aldie,USD,0.00,0,1,0.00%,0,0.00,Search,0.00%,0.00,0.00
northern deck works,Broad match,None,loudoun decks,Deck Builder - Brambleton,USD,0.00,0,1,0.00%,0,0.00,Search,0.00%,0.00,0.00
outdoor garden,Broad match,None,loudoun decks,Deck Builder - Brambleton,USD,0.00,0,1,0.00%,0,0.00,Search,0.00%,0.00,0.00
deck replacement,Broad match,None,loudoun decks,Deck Builder - Brambleton,USD,0.00,0,1,0.00%,0,0.00,Search,0.00%,0.00,0.00
decks,AI Max,None,loudoun decks,Deck Builder - Potomac Falls,USD,0.00,0,3,0.00%,0,0.00,Search,0.00%,0.00,0.00
virginia power washing,Performance Max,None,Pmax - Dec4, --,USD,0.00,0,3,0.00%,0,0.00,Performance Max,0.00%,0.00,0.00
prodeck construction,Performance Max,None,Pmax - Dec4, --,USD,0.00,0,1,0.00%,0,0.00,Performance Max,0.00%,0.00,0.00
armor fence deck and patio,Performance Max,None,Pmax - Dec4, --,USD,0.00,0,3,0.00%,0,0.00,Performance Max,0.00%,0.00,0.00
under deck rain system,AI Max,None,Deck Repair - Loudoun County,Deck Repair - Loudoun County,USD,0.00,0,1,0.00%,0,0.00,Search,0.00%,0.00,0.00
instal pavers,AI Max,None,Deck Repair - Loudoun County,Deck Restoration - Refinishing,USD,0.00,0,1,0.00%,0,0.00,Search,0.00%,0.00,0.00
waterproofing deck system,Broad match,None,Deck Repair - Loudoun County,Deck Replacement,USD,0.00,0,1,0.00%,0,0.00,Search,0.00%,0.00,0.00
deck board replacement,AI Max,None,Deck Repair - Loudoun County,Deck Repair - Loudoun County,USD,0.00,0,1,0.00%,0,0.00,Search,0.00%,0.00,0.00
laying deck boards straight,AI Max,None,Deck Repair - Loudoun County,Deck Repair - Loudoun County,USD,0.00,0,1,0.00%,0,0.00,Search,0.00%,0.00,0.00
building decks,AI Max,None,Deck Repair - Loudoun County,Deck Repair - Loudoun County,USD,0.00,0,3,0.00%,0,0.00,Search,0.00%,0.00,0.00
outdoor decks,AI Max,None,Deck Repair - Loudoun County,Deck Repair - Loudoun County,USD,1980.00,1,1,100.00%,1.98,1.98,Search,0.00%,0.00,0.00
trex enhance pebble beach,Phrase match (close variant),None,SRCH | Composite | 3 Counties | Calls,Composite Deck Cost,USD,0.00,0,1,0.00%,0,0.00,Search,0.00%,0.00,0.00
trex warranty,AI Max,None,Fairfax-Search-Search - Deck Leads - VA - May 2025,Deck + Patio / Outdoor Living,USD,0.00,0,1,0.00%,0,0.00,Search,0.00%,0.00,0.00
metropolitan pavers,AI Max,None,Fairfax-Search-Search - Deck Leads - VA - May 2025,Deck + Patio / Outdoor Living,USD,0.00,0,1,0.00%,0,0.00,Search,0.00%,0.00,0.00
trex select millstone,AI Max,None,Fairfax-Search-Search - Deck Leads - VA - May 2025,Deck + Patio / Outdoor Living,USD,0.00,0,1,0.00%,0,0.00,Search,0.00%,0.00,0.00
patio makeover,AI Max,None,Fairfax-Search-Search - Deck Leads - VA - May 2025,Deck + Patio / Outdoor Living,USD,0.00,0,1,0.00%,0,0.00,Search,0.00%,0.00,0.00
sbc outdoor services,Performance Max,None,PMAX cu remarketing, --,USD,0.00,0,1,0.00%,0,0.00,Performance Max,0.00%,0.00,0.00
replace deck joist,Performance Max,None,PMAX cu remarketing, --,USD,0.00,0,1,0.00%,0,0.00,Performance Max,0.00%,0.00,0.00
paint trex deck,Performance Max,None,PMAX cu remarketing, --,USD,0.00,0,1,0.00%,0,0.00,Performance Max,0.00%,0.00,0.00
long fence near me,Performance Max,None,PMAX cu remarketing, --,USD,0.00,0,2,0.00%,0,0.00,Performance Max,0.00%,0.00,0.00
lowes deck designer,Performance Max,None,PMAX cu remarketing, --,USD,0.00,0,1,0.00%,0,0.00,Performance Max,0.00%,0.00,0.00
jones fence and deck,Performance Max,None,PMAX cu remarketing, --,USD,0.00,0,2,0.00%,0,0.00,Performance Max,0.00%,0.00,0.00
capitol building supply springfield,Performance Max,None,PMAX cu remarketing, --,USD,0.00,0,1,0.00%,0,0.00,Performance Max,0.00%,0.00,0.00
azek decking installation video,Performance Max,None,PMAX cu remarketing, --,USD,0.00,0,1,0.00%,0,0.00,Performance Max,0.00%,0.00,0.00
jv landscaping llc reviews,Performance Max,None,PMAX cu remarketing, --,USD,0.00,0,1,0.00%,0,0.00,Performance Max,0.00%,0.00,0.00
wood deck over concrete porch,Performance Max,None,PMAX cu remarketing, --,USD,0.00,0,1,0.00%,0,0.00,Performance Max,0.00%,0.00,0.00
how to replace a porch floor,Performance Max,None,PMAX cu remarketing, --,USD,0.00,0,1,0.00%,0,0.00,Performance Max,0.00%,0.00,0.00
refinish wood deck,Performance Max,None,PMAX cu remarketing, --,USD,0.00,0,1,0.00%,0,0.00,Performance Max,0.00%,0.00,0.00
armor fence llc,Performance Max,None,PMAX cu remarketing, --,USD,0.00,0,9,0.00%,0,0.00,Performance Max,0.00%,0.00,0.00
hoppy design and build reviews,Performance Max,None,PMAX cu remarketing, --,USD,0.00,0,2,0.00%,0,0.00,Performance Max,0.00%,0.00,0.00
pathway stepping stones,AI Max,None,Premium Composite Decks,Ad group 1,USD,0.00,0,1,0.00%,0,0.00,Search,0.00%,0.00,0.00
install pergola on deck,AI Max,None,Premium Composite Decks,Ad group 1,USD,0.00,0,1,0.00%,0,0.00,Search,0.00%,0.00,0.00
trex fascia rocky harbor,AI Max,None,Premium Composite Decks,Ad group 1,USD,0.00,0,1,0.00%,0,0.00,Search,0.00%,0.00,0.00
building a deck for beginners,AI Max,None,Premium Composite Decks,Ad group 1,USD,60.36,1,3,33.33%,0.18,0.18,Search,0.00%,0.00,0.00
trex decking design,AI Max,None,Premium Composite Decks,Ad group 1,USD,0.00,0,1,0.00%,0,0.00,Search,0.00%,0.00,0.00
typical deck,AI Max,None,Premium Composite Decks,Ad group 1,USD,0.00,0,1,0.00%,0,0.00,Search,0.00%,0.00,0.00
timbertech where to buy,AI Max,None,Premium Composite Decks,Ad group 1,USD,0.00,0,1,0.00%,0,0.00,Search,0.00%,0.00,0.00
empresa deck de madeira,AI Max,None,Premium Composite Decks,Ad group 1,USD,0.00,0,1,0.00%,0,0.00,Search,0.00%,0.00,0.00
replace deck boards,AI Max,None,Premium Composite Decks,Ad group 1,USD,0.00,0,1,0.00%,0,0.00,Search,0.00%,0.00,0.00
patio landscape near me,AI Max,None,Premium Composite Decks,Ad group 1,USD,0.00,0,2,0.00%,0,0.00,Search,0.00%,0.00,0.00
exterior porch,AI Max,None,Premium Composite Decks,Ad group 1,USD,0.00,0,1,0.00%,0,0.00,Search,0.00%,0.00,0.00
does trex make lattice,AI Max,None,Premium Composite Decks,Ad group 1,USD,0.00,0,1,0.00%,0,0.00,Search,0.00%,0.00,0.00
deck,AI Max,None,Premium Composite Decks,Ad group 1,USD,241.95,2,36,5.56%,4.36,8.71,Search,50.00%,1.00,8.71
distinctive decks,AI Max,None,loudoun decks,Deck Builder - Arcola,USD,0.00,0,1,0.00%,0,0.00,Search,0.00%,0.00,0.00
restaining old deck,AI Max,None,loudoun decks,Deck Builder - Leesburg,USD,0.00,0,1,0.00%,0,0.00,Search,0.00%,0.00,0.00
deck construction,AI Max,None,loudoun decks,Deck Builder - South Riding,USD,0.00,0,1,0.00%,0,0.00,Search,0.00%,0.00,0.00
carpenter,AI Max,None,loudoun decks,Deck Builder - Middleburg,USD,0.00,0,2,0.00%,0,0.00,Search,0.00%,0.00,0.00
house deck,Performance Max,None,Pmax - Dec4, --,USD,0.00,0,1,0.00%,0,0.00,Performance Max,0.00%,0.00,0.00
deck upgrade,Performance Max,None,Pmax - Dec4, --,USD,0.00,0,1,0.00%,0,0.00,Performance Max,0.00%,0.00,0.00
composite deck refresh,Performance Max,None,Pmax - Dec4, --,USD,0.00,0,1,0.00%,0,0.00,Performance Max,0.00%,0.00,0.00
expert stain and seal cedar,AI Max,None,Deck Repair - Loudoun County,Deck Repair - Loudoun County,USD,0.00,0,1,0.00%,0,0.00,Search,0.00%,0.00,0.00
deck installer,AI Max,None,Deck Repair - Loudoun County,Deck Repair - Loudoun County,USD,9050.00,1,1,100.00%,9.05,9.05,Search,0.00%,0.00,0.00
12x16 deck,AI Max,None,Deck Repair - Loudoun County,Deck Repair - Loudoun County,USD,0.00,0,1,0.00%,0,0.00,Search,0.00%,0.00,0.00
deck repairs,Exact match (close variant),None,Deck Repair - Loudoun County,Deck Repair - Loudoun County,USD,0.00,0,2,0.00%,0,0.00,Search,0.00%,0.00,0.00
restaining old deck,AI Max,None,Deck Repair - Loudoun County,Deck Restoration - Refinishing,USD,0.00,0,1,0.00%,0,0.00,Search,0.00%,0.00,0.00
decks and docks,Broad match,None,Deck Repair - Loudoun County,Deck Renovation,USD,0.00,0,1,0.00%,0,0.00,Search,0.00%,0.00,0.00
pool decks for above ground pool,AI Max,None,Deck Repair - Loudoun County,Deck Repair - Loudoun County,USD,0.00,0,1,0.00%,0,0.00,Search,0.00%,0.00,0.00
trex decking near me,AI Max,None,Deck Repair - Loudoun County,Deck Repair - Loudoun County,USD,0.00,0,1,0.00%,0,0.00,Search,0.00%,0.00,0.00
sundeck medics llc,AI Max,None,Fairfax-Search-Search - Deck Leads - VA - May 2025,Deck Builders Near Me,USD,24070.00,1,1,100.00%,24.07,24.07,Search,0.00%,0.00,0.00
patio under deck,AI Max,None,Fairfax-Search-Search - Deck Leads - VA - May 2025,Deck Builders Near Me,USD,0.00,0,1,0.00%,0,0.00,Search,0.00%,0.00,0.00
premier deck builders,AI Max,None,Fairfax-Search-Search - Deck Leads - VA - May 2025,Composite Decking,USD,6480.00,1,1,100.00%,6.48,6.48,Search,100.00%,1.00,6.48
trex transcend lineage price,AI Max,None,Fairfax-Search-Search - Deck Leads - VA - May 2025,Deck Builders Near Me,USD,0.00,0,1,0.00%,0,0.00,Search,0.00%,0.00,0.00
patio store,AI Max,None,Fairfax-Search-Search - Deck Leads - VA - May 2025,Deck + Patio / Outdoor Living,USD,0.00,0,1,0.00%,0,0.00,Search,0.00%,0.00,0.00
patio near me,AI Max,None,Fairfax-Search-Search - Deck Leads - VA - May 2025,Deck + Patio / Outdoor Living,USD,0.00,0,1,0.00%,0,0.00,Search,0.00%,0.00,0.00
replace deck boards,Exact match (close variant),None,Fairfax-Search-Search - Deck Leads - VA - May 2025,Deck Builders Near Me,USD,0.00,0,3,0.00%,0,0.00,Search,0.00%,0.00,0.00
prince william county building inspections,Performance Max,None,PMAX cu remarketing, --,USD,0.00,0,2,0.00%,0,0.00,Performance Max,0.00%,0.00,0.00
wood pergola,Performance Max,None,PMAX cu remarketing, --,USD,0.00,0,1,0.00%,0,0.00,Performance Max,0.00%,0.00,0.00
screen porch contractor,Performance Max,None,PMAX cu remarketing, --,USD,0.00,0,1,0.00%,0,0.00,Performance Max,0.00%,0.00,0.00
dakota fence,Performance Max,None,PMAX cu remarketing, --,USD,0.00,0,1,0.00%,0,0.00,Performance Max,0.00%,0.00,0.00
how to fix loose deck railing,Performance Max,None,PMAX cu remarketing, --,USD,0.00,0,3,0.00%,0,0.00,Performance Max,0.00%,0.00,0.00
power wash patio,Performance Max,None,PMAX cu remarketing, --,USD,0.00,0,3,0.00%,0,0.00,Performance Max,0.00%,0.00,0.00
mcfenceanddeck,Performance Max,None,PMAX cu remarketing, --,USD,0.00,0,1,0.00%,0,0.00,Performance Max,0.00%,0.00,0.00
planos para deck,Performance Max,None,PMAX cu remarketing, --,USD,0.00,0,1,0.00%,0,0.00,Performance Max,0.00%,0.00,0.00
deck cleaning near me,Performance Max,None,PMAX cu remarketing, --,USD,0.00,0,4,0.00%,0,0.00,Performance Max,0.00%,0.00,0.00
trex distributors near me,Performance Max,None,PMAX cu remarketing, --,USD,0.00,0,1,0.00%,0,0.00,Performance Max,0.00%,0.00,0.00
trex enhance,Performance Max,None,PMAX cu remarketing, --,USD,1406.67,1,3,33.33%,4.22,4.22,Performance Max,0.00%,0.00,0.00
fairfax power washing,Performance Max,None,PMAX cu remarketing, --,USD,0.00,0,1,0.00%,0,0.00,Performance Max,0.00%,0.00,0.00
how to make front porch,Performance Max,None,PMAX cu remarketing, --,USD,0.00,0,2,0.00%,0,0.00,Performance Max,0.00%,0.00,0.00
trex decking material near me,Performance Max,None,PMAX cu remarketing, --,USD,0.00,0,2,0.00%,0,0.00,Performance Max,0.00%,0.00,0.00
deck builders near me,Performance Max,None,PMAX cu remarketing, --,USD,0.00,0,8,0.00%,0,0.00,Performance Max,0.00%,0.00,0.00
how to install a gazebo on a deck,Performance Max,None,PMAX cu remarketing, --,USD,0.00,0,1,0.00%,0,0.00,Performance Max,0.00%,0.00,0.00
indoor outdoor spaces,Performance Max,None,PMAX cu remarketing, --,USD,0.00,0,1,0.00%,0,0.00,Performance Max,0.00%,0.00,0.00
simpson deck planner,AI Max,None,Premium Composite Decks,Ad group 1,USD,0.00,0,1,0.00%,0,0.00,Search,0.00%,0.00,0.00
trex installation,Exact match (close variant),None,Premium Composite Decks,Ad group 1,USD,0.00,0,1,0.00%,0,0.00,Search,0.00%,0.00,0.00
general contractor in washington dc,AI Max,None,Premium Composite Decks,Ad group 1,USD,6853.33,1,3,33.33%,20.56,20.56,Search,0.00%,0.00,0.00
how to replace deck boards,AI Max,None,Premium Composite Decks,Ad group 1,USD,0.00,0,2,0.00%,0,0.00,Search,0.00%,0.00,0.00
atlas construction,AI Max,None,Premium Composite Decks,Ad group 1,USD,0.00,0,5,0.00%,0,0.00,Search,0.00%,0.00,0.00
deck maker,Exact match (close variant),None,Premium Composite Decks,Ad group 1,USD,0.00,0,2,0.00%,0,0.00,Search,0.00%,0.00,0.00
deck repairs in my area,AI Max,None,Premium Composite Decks,Ad group 1,USD,0.00,0,1,0.00%,0,0.00,Search,0.00%,0.00,0.00
how much front porch cost,AI Max,None,Premium Composite Decks,Ad group 1,USD,0.00,0,2,0.00%,0,0.00,Search,0.00%,0.00,0.00
11801 balls ford rd manassas va 20109,AI Max,None,Premium Composite Decks,Ad group 1,USD,0.00,0,2,0.00%,0,0.00,Search,0.00%,0.00,0.00
local landscapers near me,AI Max,None,Premium Composite Decks,Ad group 1,USD,0.00,0,1,0.00%,0,0.00,Search,0.00%,0.00,0.00
t w perry leesburg va,AI Max,None,Premium Composite Decks,Ad group 1,USD,0.00,0,2,0.00%,0,0.00,Search,0.00%,0.00,0.00
home repair contractor near me,AI Max,None,Premium Composite Decks,Ad group 1,USD,0.00,0,1,0.00%,0,0.00,Search,0.00%,0.00,0.00
washington dc deck builders,Broad match,None,loudoun decks,Deck Builder - Brambleton,USD,0.00,0,1,0.00%,0,0.00,Search,0.00%,0.00,0.00
monarch construction,AI Max,None,loudoun decks,Deck Builder - Purcellville,USD,0.00,0,1,0.00%,0,0.00,Search,0.00%,0.00,0.00
screen in deck,AI Max,None,loudoun decks,Deck Builder - Potomac Falls,USD,0.00,0,1,0.00%,0,0.00,Search,0.00%,0.00,0.00
the outdoor advantage,Broad match,None,loudoun decks,Deck Builder - Brambleton,USD,0.00,0,1,0.00%,0,0.00,Search,0.00%,0.00,0.00
duradek vinyl installation,Phrase match (close variant),None,loudoun decks,Deck Builder - Brambleton,USD,0.00,0,1,0.00%,0,0.00,Search,0.00%,0.00,0.00
patio deck builders near me,Exact match (close variant),None,loudoun decks,Deck Builder - Middleburg,USD,0.00,0,1,0.00%,0,0.00,Search,0.00%,0.00,0.00
tw perry near me,Performance Max,None,Pmax - Dec4, --,USD,0.00,0,2,0.00%,0,0.00,Performance Max,0.00%,0.00,0.00
trex decking installation,Performance Max,None,Pmax - Dec4, --,USD,0.00,0,2,0.00%,0,0.00,Performance Max,0.00%,0.00,0.00
superdeck revive,AI Max,None,Deck Repair - Loudoun County,Deck Repair - Loudoun County,USD,0.00,0,1,0.00%,0,0.00,Search,0.00%,0.00,0.00
replace deck boards with trex,AI Max,None,Deck Repair - Loudoun County,Deck Repair - Loudoun County,USD,0.00,0,2,0.00%,0,0.00,Search,0.00%,0.00,0.00
deck refinishing near me,Exact match,Added,Deck Repair - Loudoun County,Deck Repair - Loudoun County,USD,4760.00,1,4,25.00%,19.04,19.04,Search,100.00%,1.00,19.04
deckstar llc,AI Max,None,Deck Repair - Loudoun County,Deck Replacement,USD,0.00,0,1,0.00%,0,0.00,Search,0.00%,0.00,0.00
deck remodels,Exact match (close variant),None,Deck Repair - Loudoun County,Deck Repair - Loudoun County,USD,0.00,0,3,0.00%,0,0.00,Search,0.00%,0.00,0.00
backyard contractors,AI Max,None,Deck Repair - Loudoun County,Deck Repair - Loudoun County,USD,1185.00,1,2,50.00%,2.37,2.37,Search,0.00%,0.00,0.00
design scapes inc,AI Max,None,Fairfax-Search-Search - Deck Leads - VA - May 2025,Deck + Patio / Outdoor Living,USD,0.00,0,3,0.00%,0,0.00,Search,0.00%,0.00,0.00
precision construction,AI Max,None,Fairfax-Search-Search - Deck Leads - VA - May 2025,Deck Builders Near Me,USD,0.00,0,3,0.00%,0,0.00,Search,0.00%,0.00,0.00
green village concrete,AI Max,None,Fairfax-Search-Search - Deck Leads - VA - May 2025,Deck + Patio / Outdoor Living,USD,0.00,0,1,0.00%,0,0.00,Search,0.00%,0.00,0.00
decking installation companies,Exact match (close variant),None,Fairfax-Search-Search - Deck Leads - VA - May 2025,Deck + Patio / Outdoor Living,USD,1622.62,1,1,100.00%,1.62,1.62,Search,0.00%,0.00,0.00
wear deck composite decking,AI Max,None,Fairfax-Search-Search - Deck Leads - VA - May 2025,Deck + Patio / Outdoor Living,USD,0.00,0,3,0.00%,0,0.00,Search,0.00%,0.00,0.00
sunspace,AI Max,None,Fairfax-Search-Search - Deck Leads - VA - May 2025,Deck + Patio / Outdoor Living,USD,0.00,0,1,0.00%,0,0.00,Search,0.00%,0.00,0.00
deck on top of concrete slab,AI Max,None,Fairfax-Search-Search - Deck Leads - VA - May 2025,Deck + Patio / Outdoor Living,USD,0.00,0,1,0.00%,0,0.00,Search,0.00%,0.00,0.00
barron lumber,Performance Max,None,PMAX cu remarketing, --,USD,0.00,0,1,0.00%,0,0.00,Performance Max,0.00%,0.00,0.00
does adding a deck increase home value,Performance Max,None,PMAX cu remarketing, --,USD,0.00,0,1,0.00%,0,0.00,Performance Max,0.00%,0.00,0.00
trex decking,Performance Max,None,PMAX cu remarketing, --,USD,155.26,2,19,10.53%,1.48,2.95,Performance Max,0.00%,0.00,0.00
prince william county deck details,Performance Max,None,PMAX cu remarketing, --,USD,0.00,0,1,0.00%,0,0.00,Performance Max,0.00%,0.00,0.00
building a deck railing,Performance Max,None,PMAX cu remarketing, --,USD,0.00,0,1,0.00%,0,0.00,Performance Max,0.00%,0.00,0.00
quality privacy fence,Performance Max,None,PMAX cu remarketing, --,USD,0.00,0,1,0.00%,0,0.00,Performance Max,0.00%,0.00,0.00
trex biscayne decking,Performance Max,None,PMAX cu remarketing, --,USD,0.00,0,1,0.00%,0,0.00,Performance Max,0.00%,0.00,0.00
how to build a vinyl deck,Performance Max,None,PMAX cu remarketing, --,USD,0.00,0,1,0.00%,0,0.00,Performance Max,0.00%,0.00,0.00
fence companies near me,Performance Max,None,PMAX cu remarketing, --,USD,0.00,0,3,0.00%,0,0.00,Performance Max,0.00%,0.00,0.00
prestige deck,Performance Max,None,PMAX cu remarketing, --,USD,0.00,0,2,0.00%,0,0.00,Performance Max,0.00%,0.00,0.00
replace rotted deck joist,Performance Max,None,PMAX cu remarketing, --,USD,3640.00,1,1,100.00%,3.64,3.64,Performance Max,0.00%,0.00,0.00
decking companies near me,AI Max,None,Premium Composite Decks,Ad group 1,USD,0.00,0,1,0.00%,0,0.00,Search,0.00%,0.00,0.00
best landscapers near me,AI Max,None,Premium Composite Decks,Ad group 1,USD,0.00,0,1,0.00%,0,0.00,Search,0.00%,0.00,0.00
trex golden hour,AI Max,None,Premium Composite Decks,Ad group 1,USD,0.00,0,1,0.00%,0,0.00,Search,0.00%,0.00,0.00
concrete deck,AI Max,None,Premium Composite Decks,Ad group 1,USD,0.00,0,1,0.00%,0,0.00,Search,0.00%,0.00,0.00
freedom design build,AI Max,None,Premium Composite Decks,Ad group 1,USD,0.00,0,1,0.00%,0,0.00,Search,0.00%,0.00,0.00
mid atlantic construction of va,AI Max,None,Premium Composite Decks,Ad group 1,USD,0.00,0,1,0.00%,0,0.00,Search,0.00%,0.00,0.00
trex pebble beach decking,AI Max,None,Premium Composite Decks,Ad group 1,USD,0.00,0,1,0.00%,0,0.00,Search,0.00%,0.00,0.00
timbertech showroom,AI Max,None,Premium Composite Decks,Ad group 1,USD,0.00,0,2,0.00%,0,0.00,Search,0.00%,0.00,0.00
how to lay deck boards,AI Max,None,Premium Composite Decks,Ad group 1,USD,0.00,0,1,0.00%,0,0.00,Search,0.00%,0.00,0.00
trex 4x4 post,AI Max,None,Premium Composite Decks,Ad group 1,USD,0.00,0,1,0.00%,0,0.00,Search,0.00%,0.00,0.00
trex com,AI Max,None,loudoun decks,Deck Builder - Broadlands,USD,0.00,0,1,0.00%,0,0.00,Search,0.00%,0.00,0.00
potros construction,AI Max,None,loudoun decks,Deck Builder - South Riding,USD,0.00,0,1,0.00%,0,0.00,Search,0.00%,0.00,0.00
stonescapes llc,Broad match,None,loudoun decks,Deck Builder - Brambleton,USD,0.00,0,1,0.00%,0,0.00,Search,0.00%,0.00,0.00
loudoun decks,Broad match,None,loudoun decks,Deck Builder - Brambleton,USD,25860.00,2,1,200.00%,12.93,25.86,Search,0.00%,0.00,0.00
backyard deck,Broad match,None,loudoun decks,Deck Builder - Brambleton,USD,7210.00,1,1,100.00%,7.21,7.21,Search,0.00%,0.00,0.00
comcruz construction,AI Max,None,loudoun decks,Deck Builder - Leesburg,USD,0.00,0,1,0.00%,0,0.00,Search,0.00%,0.00,0.00
modern roof deck design,AI Max,None,loudoun decks,Deck Builder - Arcola,USD,0.00,0,1,0.00%,0,0.00,Search,0.00%,0.00,0.00
patio makeover,AI Max,None,Deck Repair - Loudoun County,Deck Restoration - Refinishing,USD,0.00,0,1,0.00%,0,0.00,Search,0.00%,0.00,0.00
valley exterior services,AI Max,None,Deck Repair - Loudoun County,Deck Repair - Loudoun County,USD,0.00,0,3,0.00%,0,0.00,Search,0.00%,0.00,0.00
rotten deck joist repair,Phrase match (close variant),None,Deck Repair - Loudoun County,Deck Renovation,USD,0.00,0,1,0.00%,0,0.00,Search,0.00%,0.00,0.00
trex decking,AI Max,None,Deck Repair - Loudoun County,Composite - Trex Repair,USD,0.00,0,6,0.00%,0,0.00,Search,0.00%,0.00,0.00
trex spiced rum decking,Phrase match (close variant),None,SRCH | Composite | 3 Counties | Calls,Composite Deck Cost,USD,0.00,0,1,0.00%,0,0.00,Search,0.00%,0.00,0.00
composite decking prices,Exact match (close variant),None,SRCH | Composite | 3 Counties | Calls,Composite Deck Cost,USD,0.00,0,2,0.00%,0,0.00,Search,0.00%,0.00,0.00
archadeck,AI Max,None,Fairfax-Search-Search - Deck Leads - VA - May 2025,Deck Builders Near Me,USD,0.00,0,1,0.00%,0,0.00,Search,0.00%,0.00,0.00
concrete patio,AI Max,None,Fairfax-Search-Search - Deck Leads - VA - May 2025,Deck + Patio / Outdoor Living,USD,0.00,0,6,0.00%,0,0.00,Search,0.00%,0.00,0.00
deck builders near me,Exact match (close variant),None,Fairfax-Search-Search - Deck Leads - VA - May 2025,Deck Builders Near Me,USD,0.00,0,2,0.00%,0,0.00,Search,0.00%,0.00,0.00
foggy wharf trex,AI Max,None,Fairfax-Search-Search - Deck Leads - VA - May 2025,Deck Builders Near Me,USD,0.00,0,1,0.00%,0,0.00,Search,0.00%,0.00,0.00
installing trex decking,AI Max,None,Fairfax-Search-Search - Deck Leads - VA - May 2025,Composite Decking,USD,0.00,0,1,0.00%,0,0.00,Search,0.00%,0.00,0.00
patio renovation,AI Max,None,Fairfax-Search-Search - Deck Leads - VA - May 2025,Deck + Patio / Outdoor Living,USD,0.00,0,1,0.00%,0,0.00,Search,0.00%,0.00,0.00
fence company arlington va,Performance Max,None,PMAX cu remarketing, --,USD,0.00,0,1,0.00%,0,0.00,Performance Max,0.00%,0.00,0.00
potomac outdoor living,Performance Max,None,PMAX cu remarketing, --,USD,0.00,0,1,0.00%,0,0.00,Performance Max,0.00%,0.00,0.00
simpson deck planner,Performance Max,None,PMAX cu remarketing, --,USD,0.00,0,2,0.00%,0,0.00,Performance Max,0.00%,0.00,0.00
tw perry silver spring,Performance Max,None,PMAX cu remarketing, --,USD,0.00,0,2,0.00%,0,0.00,Performance Max,0.00%,0.00,0.00
loudoun county deck permit,Performance Max,None,PMAX cu remarketing, --,USD,0.00,0,3,0.00%,0,0.00,Performance Max,0.00%,0.00,0.00
pro fence,Performance Max,None,PMAX cu remarketing, --,USD,0.00,0,1,0.00%,0,0.00,Performance Max,0.00%,0.00,0.00
pillar construction,Performance Max,None,PMAX cu remarketing, --,USD,0.00,0,1,0.00%,0,0.00,Performance Max,0.00%,0.00,0.00
deck helmet,Performance Max,None,PMAX cu remarketing, --,USD,93.16,1,19,5.26%,1.77,1.77,Performance Max,0.00%,0.00,0.00
composite v wood decking,Performance Max,None,PMAX cu remarketing, --,USD,0.00,0,1,0.00%,0,0.00,Performance Max,0.00%,0.00,0.00
trex transcend post sleeve,Performance Max,None,PMAX cu remarketing, --,USD,0.00,0,1,0.00%,0,0.00,Performance Max,0.00%,0.00,0.00
replace deck boards,Performance Max,None,PMAX cu remarketing, --,USD,0.00,0,7,0.00%,0,0.00,Performance Max,0.00%,0.00,0.00
how to build a small deck,Performance Max,None,PMAX cu remarketing, --,USD,0.00,0,1,0.00%,0,0.00,Performance Max,0.00%,0.00,0.00
20x20 deck cost,Performance Max,None,PMAX cu remarketing, --,USD,0.00,0,1,0.00%,0,0.00,Performance Max,0.00%,0.00,0.00
deck remodelers,Performance Max,None,PMAX cu remarketing, --,USD,0.00,0,1,0.00%,0,0.00,Performance Max,0.00%,0.00,0.00
tanzite decking cost,Performance Max,None,PMAX cu remarketing, --,USD,0.00,0,1,0.00%,0,0.00,Performance Max,0.00%,0.00,0.00
clark construction,Performance Max,None,PMAX cu remarketing, --,USD,0.00,0,2,0.00%,0,0.00,Performance Max,0.00%,0.00,0.00
deck image,Performance Max,None,PMAX cu remarketing, --,USD,0.00,0,1,0.00%,0,0.00,Performance Max,0.00%,0.00,0.00
outdoor deck design ideas,Performance Max,None,PMAX cu remarketing, --,USD,0.00,0,1,0.00%,0,0.00,Performance Max,0.00%,0.00,0.00
potros construction,Performance Max,None,PMAX cu remarketing, --,USD,0.00,0,2,0.00%,0,0.00,Performance Max,0.00%,0.00,0.00
building a porch over concrete steps,AI Max,None,Premium Composite Decks,Ad group 1,USD,0.00,0,2,0.00%,0,0.00,Search,0.00%,0.00,0.00
trex spiced rum,AI Max,None,Premium Composite Decks,Ad group 1,USD,0.00,0,3,0.00%,0,0.00,Search,0.00%,0.00,0.00
how to screen a patio,AI Max,None,Premium Composite Decks,Ad group 1,USD,0.00,0,1,0.00%,0,0.00,Search,0.00%,0.00,0.00
maryland decking company,AI Max,None,Premium Composite Decks,Ad group 1,USD,0.00,0,1,0.00%,0,0.00,Search,0.00%,0.00,0.00
deck tek,AI Max,None,Premium Composite Decks,Ad group 1,USD,0.00,0,2,0.00%,0,0.00,Search,0.00%,0.00,0.00
jackson construction company,AI Max,None,Premium Composite Decks,Ad group 1,USD,0.00,0,1,0.00%,0,0.00,Search,0.00%,0.00,0.00
patio,AI Max,None,loudoun decks,Deck Builder - Middleburg,USD,0.00,0,1,0.00%,0,0.00,Search,0.00%,0.00,0.00
builders firstsource near me,AI Max,None,loudoun decks,Deck Builder - Stone Ridge,USD,0.00,0,1,0.00%,0,0.00,Search,0.00%,0.00,0.00
the hardscape exchange,AI Max,None,loudoun decks,Deck Builder - South Riding,USD,0.00,0,1,0.00%,0,0.00,Search,0.00%,0.00,0.00
rooftop decks near me,AI Max,None,loudoun decks,Loudoun Decks,USD,0.00,0,1,0.00%,0,0.00,Search,0.00%,0.00,0.00
deck builders dc,Broad match,None,loudoun decks,Deck Builder - Brambleton,USD,0.00,0,1,0.00%,0,0.00,Search,0.00%,0.00,0.00
deck companies near me,Exact match,Added,loudoun decks,Loudoun Decks,USD,0.00,0,9,0.00%,0,0.00,Search,0.00%,0.00,0.00
deck builders near me,Exact match,Added,loudoun decks,Deck Builder - Leesburg,USD,0.00,0,5,0.00%,0,0.00,Search,0.00%,0.00,0.00
builders firstsource near me,AI Max,None,loudoun decks,Deck Builder - Leesburg,USD,0.00,0,1,0.00%,0,0.00,Search,0.00%,0.00,0.00
deck resurfacing products,AI Max,None,loudoun decks,Loudoun Decks,USD,0.00,0,1,0.00%,0,0.00,Search,0.00%,0.00,0.00
loudoun deck,AI Max,None,loudoun decks,Deck Builder - Lovettsville,USD,3675.00,1,2,50.00%,7.35,7.35,Search,0.00%,0.00,0.00
lf jennings,AI Max,None,loudoun decks,Deck Builder - Lovettsville,USD,0.00,0,1,0.00%,0,0.00,Search,0.00%,0.00,0.00
lumber near me,Performance Max,None,Pmax - Dec4, --,USD,0.00,0,1,0.00%,0,0.00,Performance Max,0.00%,0.00,0.00
fresco deck & patio coatings,Performance Max,None,Pmax - Dec4, --,USD,0.00,0,1,0.00%,0,0.00,Performance Max,0.00%,0.00,0.00
deck world,Performance Max,None,Pmax - Dec4, --,USD,0.00,0,2,0.00%,0,0.00,Performance Max,0.00%,0.00,0.00
trex winchester va,AI Max,None,Deck Repair - Loudoun County,Deck Repair - Loudoun County,USD,0.00,0,1,0.00%,0,0.00,Search,0.00%,0.00,0.00
transcend deck,AI Max,None,Deck Repair - Loudoun County,Deck Replacement,USD,0.00,0,1,0.00%,0,0.00,Search,0.00%,0.00,0.00
composite deck restoration,Broad match,None,Deck Repair - Loudoun County,Deck Replacement,USD,0.00,0,1,0.00%,0,0.00,Search,0.00%,0.00,0.00
stoneridge decks and outdoor living,AI Max,None,Deck Repair - Loudoun County,Deck Repair - Loudoun County,USD,0.00,0,1,0.00%,0,0.00,Search,0.00%,0.00,0.00
trex composite decking,Phrase match (close variant),None,SRCH | Composite | 3 Counties | Calls,Composite Deck Cost,USD,0.00,0,2,0.00%,0,0.00,Search,0.00%,0.00,0.00
groundscapes,AI Max,None,Fairfax-Search-Search - Deck Leads - VA - May 2025,Deck + Patio / Outdoor Living,USD,0.00,0,1,0.00%,0,0.00,Search,0.00%,0.00,0.00
trex company,AI Max,None,Fairfax-Search-Search - Deck Leads - VA - May 2025,Composite Decking,USD,0.00,0,5,0.00%,0,0.00,Search,0.00%,0.00,0.00
patio paver designs,AI Max,None,Fairfax-Search-Search - Deck Leads - VA - May 2025,Deck + Patio / Outdoor Living,USD,0.00,0,1,0.00%,0,0.00,Search,0.00%,0.00,0.00
patio covering,AI Max,None,Fairfax-Search-Search - Deck Leads - VA - May 2025,Deck + Patio / Outdoor Living,USD,0.00,0,1,0.00%,0,0.00,Search,0.00%,0.00,0.00
decks and docks,AI Max,None,Fairfax-Search-Search - Deck Leads - VA - May 2025,Deck Builders Near Me,USD,0.00,0,2,0.00%,0,0.00,Search,0.00%,0.00,0.00
precast concrete steps near me,AI Max,None,Fairfax-Search-Search - Deck Leads - VA - May 2025,Deck + Patio / Outdoor Living,USD,0.00,0,1,0.00%,0,0.00,Search,0.00%,0.00,0.00
fairfax deck,Phrase match (close variant),None,Fairfax-Search-Search - Deck Leads - VA - May 2025,Deck + Patio / Outdoor Living,USD,0.00,0,1,0.00%,0,0.00,Search,0.00%,0.00,0.00
sanding wood deck,AI Max,None,Fairfax-Search-Search - Deck Leads - VA - May 2025,Deck Repair & Refinishing,USD,0.00,0,1,0.00%,0,0.00,Search,0.00%,0.00,0.00
deckorators decking near me,Performance Max,None,PMAX cu remarketing, --,USD,0.00,0,1,0.00%,0,0.00,Performance Max,0.00%,0.00,0.00
floating back deck,Performance Max,None,PMAX cu remarketing, --,USD,0.00,0,1,0.00%,0,0.00,Performance Max,0.00%,0.00,0.00
community deck and fence,Performance Max,None,PMAX cu remarketing, --,USD,0.00,0,1,0.00%,0,0.00,Performance Max,0.00%,0.00,0.00
fiberon decking,Performance Max,None,PMAX cu remarketing, --,USD,0.00,0,1,0.00%,0,0.00,Performance Max,0.00%,0.00,0.00
landscaping woodbridge va,Performance Max,None,PMAX cu remarketing, --,USD,0.00,0,2,0.00%,0,0.00,Performance Max,0.00%,0.00,0.00
steadfast construction,Performance Max,None,PMAX cu remarketing, --,USD,765.56,1,9,11.11%,6.89,6.89,Performance Max,0.00%,0.00,0.00
fairfax deck details,Performance Max,None,PMAX cu remarketing, --,USD,5510.00,2,2,100.00%,5.51,11.02,Performance Max,50.00%,1.00,11.02
temporary support for deck,Performance Max,None,PMAX cu remarketing, --,USD,0.00,0,1,0.00%,0,0.00,Performance Max,0.00%,0.00,0.00
how long does it take to install a deck,Performance Max,None,PMAX cu remarketing, --,USD,0.00,0,1,0.00%,0,0.00,Performance Max,0.00%,0.00,0.00
sand porch,Performance Max,None,PMAX cu remarketing, --,USD,0.00,0,1,0.00%,0,0.00,Performance Max,0.00%,0.00,0.00
how to install timbertech,Performance Max,None,PMAX cu remarketing, --,USD,0.00,0,2,0.00%,0,0.00,Performance Max,0.00%,0.00,0.00
decking someone,Performance Max,None,PMAX cu remarketing, --,USD,0.00,0,1,0.00%,0,0.00,Performance Max,0.00%,0.00,0.00
how to repair a deck floor,Performance Max,None,PMAX cu remarketing, --,USD,0.00,0,1,0.00%,0,0.00,Performance Max,0.00%,0.00,0.00
fairfax contractors,Performance Max,None,PMAX cu remarketing, --,USD,0.00,0,2,0.00%,0,0.00,Performance Max,0.00%,0.00,0.00
concrete patio decor,Performance Max,None,PMAX cu remarketing, --,USD,0.00,0,1,0.00%,0,0.00,Performance Max,0.00%,0.00,0.00
tw perry gaithersburg,Performance Max,None,PMAX cu remarketing, --,USD,0.00,0,4,0.00%,0,0.00,Performance Max,0.00%,0.00,0.00
washington dc lumber,Performance Max,None,PMAX cu remarketing, --,USD,0.00,0,1,0.00%,0,0.00,Performance Max,0.00%,0.00,0.00
custom deck builders near me,Performance Max,None,PMAX cu remarketing, --,USD,0.00,0,1,0.00%,0,0.00,Performance Max,0.00%,0.00,0.00
porch post replacement cost,Performance Max,None,PMAX cu remarketing, --,USD,0.00,0,1,0.00%,0,0.00,Performance Max,0.00%,0.00,0.00
install gazebo on deck,Performance Max,None,PMAX cu remarketing, --,USD,0.00,0,4,0.00%,0,0.00,Performance Max,0.00%,0.00,0.00
handyman leesburg va,AI Max,None,Premium Composite Decks,Ad group 1,USD,0.00,0,1,0.00%,0,0.00,Search,0.00%,0.00,0.00
trex dealers near me,AI Max,None,Premium Composite Decks,Ad group 1,USD,0.00,0,3,0.00%,0,0.00,Search,0.00%,0.00,0.00
rock solid construction,AI Max,None,Premium Composite Decks,Ad group 1,USD,0.00,0,1,0.00%,0,0.00,Search,0.00%,0.00,0.00
patio design ideas,AI Max,None,Premium Composite Decks,Ad group 1,USD,0.00,0,1,0.00%,0,0.00,Search,0.00%,0.00,0.00
trex enhance colors,AI Max,None,Premium Composite Decks,Ad group 1,USD,0.00,0,2,0.00%,0,0.00,Search,0.00%,0.00,0.00
install deck,AI Max,None,Premium Composite Decks,Ad group 1,USD,0.00,0,1,0.00%,0,0.00,Search,0.00%,0.00,0.00
trex toasted sand fascia,AI Max,None,Premium Composite Decks,Ad group 1,USD,0.00,0,1,0.00%,0,0.00,Search,0.00%,0.00,0.00
trex rocky harbor decking,AI Max,None,Premium Composite Decks,Ad group 1,USD,0.00,0,1,0.00%,0,0.00,Search,0.00%,0.00,0.00
convert deck to screened porch,AI Max,None,Premium Composite Decks,Ad group 1,USD,0.00,0,1,0.00%,0,0.00,Search,0.00%,0.00,0.00
adding stairs to deck,AI Max,None,Premium Composite Decks,Ad group 1,USD,0.00,0,1,0.00%,0,0.00,Search,0.00%,0.00,0.00
cedar decking installation,AI Max,None,Premium Composite Decks,Ad group 1,USD,0.00,0,1,0.00%,0,0.00,Search,0.00%,0.00,0.00
cost to build a deck,AI Max,None,Premium Composite Decks,Ad group 1,USD,0.00,0,1,0.00%,0,0.00,Search,0.00%,0.00,0.00
building a deck with stairs,AI Max,None,Premium Composite Decks,Ad group 1,USD,0.00,0,1,0.00%,0,0.00,Search,0.00%,0.00,0.00
blue stone pavers,AI Max,None,Premium Composite Decks,Ad group 1,USD,0.00,0,1,0.00%,0,0.00,Search,0.00%,0.00,0.00
composite deck quote,AI Max,None,loudoun decks,Deck Builder - Round Hill,USD,0.00,0,1,0.00%,0,0.00,Search,0.00%,0.00,0.00
deck contractor washington dc,AI Max,None,loudoun decks,Deck Builder - Middleburg,USD,0.00,0,1,0.00%,0,0.00,Search,0.00%,0.00,0.00
deck remodel near me,AI Max,None,loudoun decks,Loudoun Decks,USD,0.00,0,1,0.00%,0,0.00,Search,0.00%,0.00,0.00
patio,Broad match,None,loudoun decks,Deck Builder - Brambleton,USD,0.00,0,6,0.00%,0,0.00,Search,0.00%,0.00,0.00
ground level deck,AI Max,None,loudoun decks,Deck Builder - Hamilton,USD,0.00,0,1,0.00%,0,0.00,Search,0.00%,0.00,0.00
deck privacy screen installation,AI Max,None,loudoun decks,Deck Builder - Arcola,USD,0.00,0,1,0.00%,0,0.00,Search,0.00%,0.00,0.00
trex spiced rum,Phrase match (close variant),None,loudoun decks,Deck Builder - Brambleton,USD,0.00,0,1,0.00%,0,0.00,Search,0.00%,0.00,0.00
emery construction,AI Max,None,loudoun decks,Deck Builder - South Riding,USD,0.00,0,1,0.00%,0,0.00,Search,0.00%,0.00,0.00
prefab porches for mobile homes,AI Max,None,loudoun decks,Deck Builder - Leesburg,USD,0.00,0,2,0.00%,0,0.00,Search,0.00%,0.00,0.00
outdoor pavilion builders near me,Broad match,None,loudoun decks,Deck Builder - Brambleton,USD,0.00,0,1,0.00%,0,0.00,Search,0.00%,0.00,0.00
decks com deck designer,AI Max,None,loudoun decks,Deck Builder - Aldie,USD,0.00,0,1,0.00%,0,0.00,Search,0.00%,0.00,0.00
deck designs,Performance Max,None,Pmax - Dec4, --,USD,0.00,0,2,0.00%,0,0.00,Performance Max,0.00%,0.00,0.00
when should you replace deck boards,AI Max,None,Deck Repair - Loudoun County,Deck Repair - Loudoun County,USD,0.00,0,1,0.00%,0,0.00,Search,0.00%,0.00,0.00
waterproof deck boards,Broad match,None,Deck Repair - Loudoun County,Deck Replacement,USD,0.00,0,1,0.00%,0,0.00,Search,0.00%,0.00,0.00
home modification companies near me,AI Max,None,Deck Repair - Loudoun County,Deck Repair - Loudoun County,USD,6381.82,1,1,100.00%,6.38,6.38,Search,0.00%,0.00,0.00
composite deck restorer,AI Max,None,Deck Repair - Loudoun County,Deck Renovation,USD,0.00,0,1,0.00%,0,0.00,Search,0.00%,0.00,0.00
carpentry near me,AI Max,None,Deck Repair - Loudoun County,Composite - Trex Repair,USD,0.00,0,1,0.00%,0,0.00,Search,0.00%,0.00,0.00
northern virginia construction,AI Max,None,Deck Repair - Loudoun County,Composite - Trex Repair,USD,0.00,0,2,0.00%,0,0.00,Search,0.00%,0.00,0.00
decking companies,Exact match (close variant),None,Fairfax-Search-Search - Deck Leads - VA - May 2025,Composite Decking,USD,0.00,0,1,0.00%,0,0.00,Search,0.00%,0.00,0.00
patio makeover,AI Max,None,Fairfax-Search-Search - Deck Leads - VA - May 2025,Deck Builders Near Me,USD,0.00,0,1,0.00%,0,0.00,Search,0.00%,0.00,0.00
patio design companies near me,AI Max,None,Fairfax-Search-Search - Deck Leads - VA - May 2025,Deck + Patio / Outdoor Living,USD,12860.00,2,1,200.00%,6.43,12.86,Search,0.00%,0.00,0.00
instadeck outdoor flooring system,AI Max,None,Fairfax-Search-Search - Deck Leads - VA - May 2025,Deck Builders Near Me,USD,0.00,0,1,0.00%,0,0.00,Search,0.00%,0.00,0.00
true deck,AI Max,None,Fairfax-Search-Search - Deck Leads - VA - May 2025,Deck + Patio / Outdoor Living,USD,0.00,0,1,0.00%,0,0.00,Search,0.00%,0.00,0.00
sand ipe deck,AI Max,None,Fairfax-Search-Search - Deck Leads - VA - May 2025,Composite Decking,USD,0.00,0,1,0.00%,0,0.00,Search,0.00%,0.00,0.00
deck installers in my area,AI Max,None,Fairfax-Search-Search - Deck Leads - VA - May 2025,Deck Builders Near Me,USD,2552.87,1,1,100.00%,2.55,2.55,Search,0.00%,0.00,0.00
mlm home improvement,Performance Max,None,PMAX cu remarketing, --,USD,0.00,0,1,0.00%,0,0.00,Performance Max,0.00%,0.00,0.00
deck flooring,Performance Max,None,PMAX cu remarketing, --,USD,0.00,0,2,0.00%,0,0.00,Performance Max,0.00%,0.00,0.00
outdoor patio near me,Performance Max,None,PMAX cu remarketing, --,USD,0.00,0,4,0.00%,0,0.00,Performance Max,0.00%,0.00,0.00
advantage lumber locations,Performance Max,None,PMAX cu remarketing, --,USD,0.00,0,1,0.00%,0,0.00,Performance Max,0.00%,0.00,0.00
heritage landscape services,Performance Max,None,PMAX cu remarketing, --,USD,0.00,0,1,0.00%,0,0.00,Performance Max,0.00%,0.00,0.00
cost to replace fence per foot,Performance Max,None,PMAX cu remarketing, --,USD,0.00,0,1,0.00%,0,0.00,Performance Max,0.00%,0.00,0.00
84 lumber stafford va,Performance Max,None,PMAX cu remarketing, --,USD,0.00,0,1,0.00%,0,0.00,Performance Max,0.00%,0.00,0.00
screen in covered porch,Performance Max,None,PMAX cu remarketing, --,USD,0.00,0,2,0.00%,0,0.00,Performance Max,0.00%,0.00,0.00
built in deck benches,Performance Max,None,PMAX cu remarketing, --,USD,0.00,0,1,0.00%,0,0.00,Performance Max,0.00%,0.00,0.00
patio enclosures,Performance Max,None,PMAX cu remarketing, --,USD,0.00,0,2,0.00%,0,0.00,Performance Max,0.00%,0.00,0.00
trex enhance g2 grooved saddle,Performance Max,None,PMAX cu remarketing, --,USD,0.00,0,3,0.00%,0,0.00,Performance Max,0.00%,0.00,0.00
lumber yard arlington va,Performance Max,None,PMAX cu remarketing, --,USD,0.00,0,1,0.00%,0,0.00,Performance Max,0.00%,0.00,0.00
thomas fence company,Performance Max,None,PMAX cu remarketing, --,USD,0.00,0,1,0.00%,0,0.00,Performance Max,0.00%,0.00,0.00
aluminum railing installers near me,Performance Max,None,PMAX cu remarketing, --,USD,0.00,0,8,0.00%,0,0.00,Performance Max,0.00%,0.00,0.00
cedar wood near me,Performance Max,None,PMAX cu remarketing, --,USD,0.00,0,1,0.00%,0,0.00,Performance Max,0.00%,0.00,0.00
how to build a patio,Performance Max,None,PMAX cu remarketing, --,USD,0.00,0,2,0.00%,0,0.00,Performance Max,0.00%,0.00,0.00
how much does it cost to convert a deck to a screened in porch,Performance Max,None,PMAX cu remarketing, --,USD,0.00,0,1,0.00%,0,0.00,Performance Max,0.00%,0.00,0.00
landscaper near me,Performance Max,None,PMAX cu remarketing, --,USD,426.67,1,3,33.33%,1.28,1.28,Performance Max,0.00%,0.00,0.00
deck porch,AI Max,None,Premium Composite Decks,Ad group 1,USD,0.00,0,4,0.00%,0,0.00,Search,0.00%,0.00,0.00
redx decks,AI Max,None,Premium Composite Decks,Ad group 1,USD,0.00,0,1,0.00%,0,0.00,Search,0.00%,0.00,0.00
cost to resurface deck,AI Max,None,Premium Composite Decks,Ad group 1,USD,0.00,0,1,0.00%,0,0.00,Search,0.00%,0.00,0.00
azek decking vs trex,AI Max,None,Premium Composite Decks,Ad group 1,USD,0.00,0,1,0.00%,0,0.00,Search,0.00%,0.00,0.00
trex handrails,AI Max,None,Premium Composite Decks,Ad group 1,USD,0.00,0,1,0.00%,0,0.00,Search,0.00%,0.00,0.00
decks,AI Max,None,Premium Composite Decks,Ad group 1,USD,14.32,1,18,5.56%,0.26,0.26,Search,0.00%,0.00,0.00
best decking company near me,Exact match (close variant),None,Premium Composite Decks,Ad group 1,USD,0.00,0,1,0.00%,0,0.00,Search,0.00%,0.00,0.00
non wood decking options,AI Max,None,Premium Composite Decks,Ad group 1,USD,0.00,0,1,0.00%,0,0.00,Search,0.00%,0.00,0.00
replacing deck boards,AI Max,None,Premium Composite Decks,Ad group 1,USD,0.00,0,1,0.00%,0,0.00,Search,0.00%,0.00,0.00
pwc deck,AI Max,None,Premium Composite Decks,Ad group 1,USD,0.00,0,1,0.00%,0,0.00,Search,0.00%,0.00,0.00
railing for stairs outside,AI Max,None,Premium Composite Decks,Ad group 1,USD,0.00,0,1,0.00%,0,0.00,Search,0.00%,0.00,0.00
decking boards,AI Max,None,Premium Composite Decks,Ad group 1,USD,0.00,0,2,0.00%,0,0.00,Search,0.00%,0.00,0.00
roof under deck,AI Max,None,Premium Composite Decks,Ad group 1,USD,0.00,0,2,0.00%,0,0.00,Search,0.00%,0.00,0.00
fisher lumber rockville,AI Max,None,Premium Composite Decks,Ad group 1,USD,0.00,0,2,0.00%,0,0.00,Search,0.00%,0.00,0.00
patio,AI Max,None,Premium Composite Decks,Ad group 1,USD,0.00,0,4,0.00%,0,0.00,Search,0.00%,0.00,0.00
glk decking,AI Max,None,Premium Composite Decks,Ad group 1,USD,0.00,0,1,0.00%,0,0.00,Search,0.00%,0.00,0.00
pool decks for above ground pool,AI Max,None,Premium Composite Decks,Ad group 1,USD,0.00,0,1,0.00%,0,0.00,Search,0.00%,0.00,0.00
calhoun builders,AI Max,None,Premium Composite Decks,Ad group 1,USD,0.00,0,1,0.00%,0,0.00,Search,0.00%,0.00,0.00
trex carmel decking,AI Max,None,Premium Composite Decks,Ad group 1,USD,0.00,0,1,0.00%,0,0.00,Search,0.00%,0.00,0.00
wood deck flooring options,AI Max,None,loudoun decks,Deck Builder - Aldie,USD,0.00,0,1,0.00%,0,0.00,Search,0.00%,0.00,0.00
deck and hardscape contractors near me,Exact match (close variant),None,loudoun decks,Deck Builder - South Riding,USD,0.00,0,2,0.00%,0,0.00,Search,0.00%,0.00,0.00
deck and dock,AI Max,None,loudoun decks,Deck Builder - Middleburg,USD,0.00,0,1,0.00%,0,0.00,Search,0.00%,0.00,0.00
skippers construction,AI Max,None,loudoun decks,Deck Builder - Broadlands,USD,0.00,0,2,0.00%,0,0.00,Search,0.00%,0.00,0.00
fortress construction,AI Max,None,loudoun decks,Deck Builder - Middleburg,USD,0.00,0,2,0.00%,0,0.00,Search,0.00%,0.00,0.00
trex company,AI Max,None,loudoun decks,Deck Builder - Broadlands,USD,0.00,0,2,0.00%,0,0.00,Search,0.00%,0.00,0.00
pro fence,Performance Max,None,Pmax - Dec4, --,USD,0.00,0,1,0.00%,0,0.00,Performance Max,0.00%,0.00,0.00
battlefield decks,Performance Max,None,Pmax - Dec4, --,USD,0.00,0,5,0.00%,0,0.00,Performance Max,0.00%,0.00,0.00
deck post holes,AI Max,None,Deck Repair - Loudoun County,Deck Repair - Loudoun County,USD,0.00,0,1,0.00%,0,0.00,Search,0.00%,0.00,0.00
patio repair near me,AI Max,None,Deck Repair - Loudoun County,Deck Repair - Loudoun County,USD,0.00,0,1,0.00%,0,0.00,Search,0.00%,0.00,0.00
how much is composite decking,Exact match (close variant),None,SRCH | Composite | 3 Counties | Calls,Composite Deck Cost,USD,0.00,0,3,0.00%,0,0.00,Search,0.00%,0.00,0.00
m gen contracting,AI Max,None,Fairfax-Search-Search - Deck Leads - VA - May 2025,Composite Decking,USD,0.00,0,1,0.00%,0,0.00,Search,0.00%,0.00,0.00
hoppy design and build,AI Max,None,Fairfax-Search-Search - Deck Leads - VA - May 2025,Deck Builders Near Me,USD,0.00,0,1,0.00%,0,0.00,Search,0.00%,0.00,0.00
victory outdoor services,AI Max,None,Fairfax-Search-Search - Deck Leads - VA - May 2025,Deck + Patio / Outdoor Living,USD,0.00,0,1,0.00%,0,0.00,Search,0.00%,0.00,0.00
flagstone patio installation,AI Max,None,Fairfax-Search-Search - Deck Leads - VA - May 2025,Deck Builders Near Me,USD,0.00,0,3,0.00%,0,0.00,Search,0.00%,0.00,0.00
deck supply store near me,AI Max,None,Fairfax-Search-Search - Deck Leads - VA - May 2025,Deck Builders Near Me,USD,0.00,0,1,0.00%,0,0.00,Search,0.00%,0.00,0.00
paving companies near me,AI Max,None,Fairfax-Search-Search - Deck Leads - VA - May 2025,Deck + Patio / Outdoor Living,USD,0.00,0,2,0.00%,0,0.00,Search,0.00%,0.00,0.00
how to make a deck,Performance Max,None,PMAX cu remarketing, --,USD,0.00,0,3,0.00%,0,0.00,Performance Max,0.00%,0.00,0.00
costco pergola installation,Performance Max,None,PMAX cu remarketing, --,USD,0.00,0,1,0.00%,0,0.00,Performance Max,0.00%,0.00,0.00
replace wood deck with composite,Performance Max,None,PMAX cu remarketing, --,USD,0.00,0,1,0.00%,0,0.00,Performance Max,0.00%,0.00,0.00
what does decking mean in construction,Performance Max,None,PMAX cu remarketing, --,USD,0.00,0,1,0.00%,0,0.00,Performance Max,0.00%,0.00,0.00
prince william county permit office,Performance Max,None,PMAX cu remarketing, --,USD,0.00,0,1,0.00%,0,0.00,Performance Max,0.00%,0.00,0.00
deck restoration ideas,Performance Max,None,PMAX cu remarketing, --,USD,0.00,0,1,0.00%,0,0.00,Performance Max,0.00%,0.00,0.00
deck set up,Performance Max,None,PMAX cu remarketing, --,USD,0.00,0,1,0.00%,0,0.00,Performance Max,0.00%,0.00,0.00
how to replace rotten deck post,Performance Max,None,PMAX cu remarketing, --,USD,150.00,1,1,100.00%,0.15,0.15,Performance Max,0.00%,0.00,0.00
porch post replacement,Performance Max,None,PMAX cu remarketing, --,USD,0.00,0,2,0.00%,0,0.00,Performance Max,0.00%,0.00,0.00
vinyl deck installation,Performance Max,None,PMAX cu remarketing, --,USD,0.00,0,1,0.00%,0,0.00,Performance Max,0.00%,0.00,0.00
smoot lumber alexandria,Performance Max,None,PMAX cu remarketing, --,USD,0.00,0,2,0.00%,0,0.00,Performance Max,0.00%,0.00,0.00
hamilton fence and deck,Performance Max,None,PMAX cu remarketing, --,USD,0.00,0,1,0.00%,0,0.00,Performance Max,0.00%,0.00,0.00
build screen porch on existing deck,Performance Max,None,PMAX cu remarketing, --,USD,0.00,0,1,0.00%,0,0.00,Performance Max,0.00%,0.00,0.00
construction company services,Performance Max,None,PMAX cu remarketing, --,USD,0.00,0,1,0.00%,0,0.00,Performance Max,0.00%,0.00,0.00
beto's deck llc,Performance Max,None,PMAX cu remarketing, --,USD,0.00,0,2,0.00%,0,0.00,Performance Max,0.00%,0.00,0.00
velero deck designs,Performance Max,None,PMAX cu remarketing, --,USD,0.00,0,11,0.00%,0,0.00,Performance Max,0.00%,0.00,0.00
how to install trex post sleeve,Performance Max,None,PMAX cu remarketing, --,USD,0.00,0,1,0.00%,0,0.00,Performance Max,0.00%,0.00,0.00
how to paint deck floor,Performance Max,None,PMAX cu remarketing, --,USD,0.00,0,1,0.00%,0,0.00,Performance Max,0.00%,0.00,0.00
how to install trex decking with hidden fasteners,Performance Max,None,PMAX cu remarketing, --,USD,0.00,0,4,0.00%,0,0.00,Performance Max,0.00%,0.00,0.00
fencing companies,Performance Max,None,PMAX cu remarketing, --,USD,0.00,0,1,0.00%,0,0.00,Performance Max,0.00%,0.00,0.00
how to install composite decking with hidden fasteners,Performance Max,None,PMAX cu remarketing, --,USD,0.00,0,1,0.00%,0,0.00,Performance Max,0.00%,0.00,0.00
front porch repair,AI Max,None,Premium Composite Decks,Ad group 1,USD,0.00,0,1,0.00%,0,0.00,Search,0.00%,0.00,0.00
culpeper wood preservers fredericksburg,AI Max,None,Premium Composite Decks,Ad group 1,USD,0.00,0,1,0.00%,0,0.00,Search,0.00%,0.00,0.00
sheets lumber vienna,AI Max,None,Premium Composite Decks,Ad group 1,USD,0.00,0,1,0.00%,0,0.00,Search,0.00%,0.00,0.00
replacing a deck,AI Max,None,Premium Composite Decks,Ad group 1,USD,0.00,0,1,0.00%,0,0.00,Search,0.00%,0.00,0.00
is trex composite decking,AI Max,None,Premium Composite Decks,Ad group 1,USD,0.00,0,1,0.00%,0,0.00,Search,0.00%,0.00,0.00
rebuilding deck,AI Max,None,Premium Composite Decks,Ad group 1,USD,0.00,0,1,0.00%,0,0.00,Search,0.00%,0.00,0.00
trex enhance vs select vs transcend,AI Max,None,Premium Composite Decks,Ad group 1,USD,0.00,0,1,0.00%,0,0.00,Search,0.00%,0.00,0.00
next gen paving,AI Max,None,Premium Composite Decks,Ad group 1,USD,0.00,0,1,0.00%,0,0.00,Search,0.00%,0.00,0.00
deck builders inc,AI Max,None,Premium Composite Decks,Ad group 1,USD,0.00,0,3,0.00%,0,0.00,Search,0.00%,0.00,0.00
house deck,AI Max,None,Premium Composite Decks,Ad group 1,USD,0.00,0,1,0.00%,0,0.00,Search,0.00%,0.00,0.00
blue lightning custom decks llc,AI Max,None,Premium Composite Decks,Ad group 1,USD,9080.00,1,2,50.00%,18.16,18.16,Search,0.00%,0.00,0.00
dila construction,AI Max,None,Premium Composite Decks,Ad group 1,USD,0.00,0,1,0.00%,0,0.00,Search,0.00%,0.00,0.00
covered deck,Phrase match (close variant),None,loudoun decks,Deck Builder - Brambleton,USD,0.00,0,5,0.00%,0,0.00,Search,0.00%,0.00,0.00
fa outdoor spaces,Broad match,None,loudoun decks,Deck Builder - Brambleton,USD,0.00,0,2,0.00%,0,0.00,Search,0.00%,0.00,0.00
hardscapers,AI Max,None,loudoun decks,Deck Builder - Brambleton,USD,0.00,0,1,0.00%,0,0.00,Search,0.00%,0.00,0.00
building supply near me,AI Max,None,loudoun decks,Deck Builder - South Riding,USD,0.00,0,1,0.00%,0,0.00,Search,0.00%,0.00,0.00
clark construction,AI Max,None,loudoun decks,Deck Builder - Arcola,USD,0.00,0,1,0.00%,0,0.00,Search,0.00%,0.00,0.00
decks,AI Max,None,loudoun decks,Deck Builder - South Riding,USD,0.00,0,6,0.00%,0,0.00,Search,0.00%,0.00,0.00
gemoutdoor,Broad match,None,loudoun decks,Deck Builder - Brambleton,USD,0.00,0,1,0.00%,0,0.00,Search,0.00%,0.00,0.00
porche construction,Broad match,None,loudoun decks,Deck Builder - Brambleton,USD,0.00,0,1,0.00%,0,0.00,Search,0.00%,0.00,0.00
trex enhance golden hour,AI Max,None,loudoun decks,Deck Builder - Hamilton,USD,0.00,0,1,0.00%,0,0.00,Search,0.00%,0.00,0.00
residential yard fence,Performance Max,None,Pmax - Dec4, --,USD,0.00,0,1,0.00%,0,0.00,Performance Max,0.00%,0.00,0.00
deckman,Performance Max,None,Pmax - Dec4, --,USD,0.00,0,2,0.00%,0,0.00,Performance Max,0.00%,0.00,0.00
decking company,AI Max,None,Deck Repair - Loudoun County,Deck Repair - Loudoun County,USD,13420.00,1,1,100.00%,13.42,13.42,Search,0.00%,0.00,0.00
loudoun deck repair llc,Exact match (close variant),None,Deck Repair - Loudoun County,Deck Repair - Loudoun County,USD,0.00,0,7,0.00%,0,0.00,Search,0.00%,0.00,0.00
timbertech advanced pvc decking,AI Max,None,Deck Repair - Loudoun County,Deck Repair - Loudoun County,USD,0.00,0,1,0.00%,0,0.00,Search,0.00%,0.00,0.00
trex enhance naturals,Phrase match (close variant),None,SRCH | Composite | 3 Counties | Calls,Composite Deck Cost,USD,0.00,0,5,0.00%,0,0.00,Search,0.00%,0.00,0.00
double outdoor deck,AI Max,None,Fairfax-Search-Search - Deck Leads - VA - May 2025,Deck Builders Near Me,USD,0.00,0,1,0.00%,0,0.00,Search,0.00%,0.00,0.00
pro deck supply,AI Max,None,Fairfax-Search-Search - Deck Leads - VA - May 2025,Deck Builders Near Me,USD,0.00,0,2,0.00%,0,0.00,Search,0.00%,0.00,0.00
door company near me,Performance Max,None,PMAX cu remarketing, --,USD,0.00,0,1,0.00%,0,0.00,Performance Max,0.00%,0.00,0.00
deck and patio ideas,Performance Max,None,PMAX cu remarketing, --,USD,0.00,0,1,0.00%,0,0.00,Performance Max,0.00%,0.00,0.00
how to clean ipe deck,Performance Max,None,PMAX cu remarketing, --,USD,0.00,0,1,0.00%,0,0.00,Performance Max,0.00%,0.00,0.00
deck sanding near me,Performance Max,None,PMAX cu remarketing, --,USD,0.00,0,1,0.00%,0,0.00,Performance Max,0.00%,0.00,0.00
cost to power wash a deck,Performance Max,None,PMAX cu remarketing, --,USD,0.00,0,1,0.00%,0,0.00,Performance Max,0.00%,0.00,0.00
new deck,Performance Max,None,PMAX cu remarketing, --,USD,0.00,0,4,0.00%,0,0.00,Performance Max,0.00%,0.00,0.00
ledo deck,Performance Max,None,PMAX cu remarketing, --,USD,0.00,0,2,0.00%,0,0.00,Performance Max,0.00%,0.00,0.00
deck builders ashburn va,Performance Max,None,PMAX cu remarketing, --,USD,0.00,0,1,0.00%,0,0.00,Performance Max,0.00%,0.00,0.00
carpenters in washington dc,Performance Max,None,PMAX cu remarketing, --,USD,0.00,0,1,0.00%,0,0.00,Performance Max,0.00%,0.00,0.00
prince william home improvement,Performance Max,None,PMAX cu remarketing, --,USD,283.08,3,55,5.45%,5.19,15.57,Performance Max,0.00%,0.00,0.00
build a patio diy,Performance Max,None,PMAX cu remarketing, --,USD,0.00,0,1,0.00%,0,0.00,Performance Max,0.00%,0.00,0.00
fence install,Performance Max,None,PMAX cu remarketing, --,USD,0.00,0,1,0.00%,0,0.00,Performance Max,0.00%,0.00,0.00
under the deck ceiling,Performance Max,None,PMAX cu remarketing, --,USD,0.00,0,1,0.00%,0,0.00,Performance Max,0.00%,0.00,0.00
deanwood decks,Performance Max,None,PMAX cu remarketing, --,USD,0.00,0,1,0.00%,0,0.00,Performance Max,0.00%,0.00,0.00
how much to charge for composite decking,Performance Max,None,PMAX cu remarketing, --,USD,0.00,0,2,0.00%,0,0.00,Performance Max,0.00%,0.00,0.00
cedar railing,Performance Max,None,PMAX cu remarketing, --,USD,0.00,0,1,0.00%,0,0.00,Performance Max,0.00%,0.00,0.00
framing a porch deck,Performance Max,None,PMAX cu remarketing, --,USD,0.00,0,1,0.00%,0,0.00,Performance Max,0.00%,0.00,0.00
long fence deck,Phrase match (close variant),None,SRCH | Replacement + Resurfacing | 3 Counties | Calls,Deck Replacement,USD,0.00,0,1,0.00%,0,0.00,Search,0.00%,0.00,0.00
composite deck flooring,AI Max,None,Premium Composite Decks,Ad group 1,USD,0.00,0,1,0.00%,0,0.00,Search,0.00%,0.00,0.00
patio build near me,AI Max,None,Premium Composite Decks,Ad group 1,USD,0.00,0,1,0.00%,0,0.00,Search,0.00%,0.00,0.00
nicolock granite city blend,AI Max,None,Premium Composite Decks,Ad group 1,USD,0.00,0,2,0.00%,0,0.00,Search,0.00%,0.00,0.00
backyard patio ideas,AI Max,None,Premium Composite Decks,Ad group 1,USD,0.00,0,1,0.00%,0,0.00,Search,0.00%,0.00,0.00
trex transcend lineage,AI Max,None,Premium Composite Decks,Ad group 1,USD,0.00,0,4,0.00%,0,0.00,Search,0.00%,0.00,0.00
fiberon good life decking,AI Max,None,Premium Composite Decks,Ad group 1,USD,10990.00,1,1,100.00%,10.99,10.99,Search,0.00%,0.00,0.00
deckscapes of virginia reviews,AI Max,None,Premium Composite Decks,Ad group 1,USD,0.00,0,2,0.00%,0,0.00,Search,0.00%,0.00,0.00
trex colors for decks,AI Max,None,Premium Composite Decks,Ad group 1,USD,0.00,0,2,0.00%,0,0.00,Search,0.00%,0.00,0.00
rolling suds power washing,AI Max,None,Premium Composite Decks,Ad group 1,USD,0.00,0,2,0.00%,0,0.00,Search,0.00%,0.00,0.00
wolf serenity decking,AI Max,None,Premium Composite Decks,Ad group 1,USD,0.00,0,1,0.00%,0,0.00,Search,0.00%,0.00,0.00
core outdoor,AI Max,None,Premium Composite Decks,Ad group 1,USD,0.00,0,1,0.00%,0,0.00,Search,0.00%,0.00,0.00
dream outdoor solutions,AI Max,None,Premium Composite Decks,Ad group 1,USD,0.00,0,1,0.00%,0,0.00,Search,0.00%,0.00,0.00
patio stairs ideas,AI Max,None,Premium Composite Decks,Ad group 1,USD,0.00,0,1,0.00%,0,0.00,Search,0.00%,0.00,0.00
northern deck works,AI Max,None,Premium Composite Decks,Ad group 1,USD,0.00,0,1,0.00%,0,0.00,Search,0.00%,0.00,0.00
outdoor deck setup,AI Max,None,loudoun decks,Loudoun Decks,USD,0.00,0,1,0.00%,0,0.00,Search,0.00%,0.00,0.00
design scapes,Broad match,None,loudoun decks,Deck Builder - Brambleton,USD,0.00,0,1,0.00%,0,0.00,Search,0.00%,0.00,0.00
timbertech pvc,AI Max,None,loudoun decks,Deck Builder - Middleburg,USD,0.00,0,2,0.00%,0,0.00,Search,0.00%,0.00,0.00
patio installers near me,Phrase match (close variant),None,loudoun decks,Deck Builder - Brambleton,USD,0.00,0,2,0.00%,0,0.00,Search,0.00%,0.00,0.00
jaber construction,AI Max,None,loudoun decks,Deck Builder - Lovettsville,USD,0.00,0,1,0.00%,0,0.00,Search,0.00%,0.00,0.00
backyard structures,Broad match,None,loudoun decks,Deck Builder - Brambleton,USD,0.00,0,1,0.00%,0,0.00,Search,0.00%,0.00,0.00
deck armor llc,AI Max,None,loudoun decks,Deck Builder - Broadlands,USD,0.00,0,1,0.00%,0,0.00,Search,0.00%,0.00,0.00
sunesta awnings,Broad match,None,loudoun decks,Deck Builder - Brambleton,USD,0.00,0,1,0.00%,0,0.00,Search,0.00%,0.00,0.00
patio size,Broad match,None,loudoun decks,Deck Builder - Brambleton,USD,0.00,0,1,0.00%,0,0.00,Search,0.00%,0.00,0.00
beyond exteriors,Broad match,None,loudoun decks,Deck Builder - Brambleton,USD,0.00,0,1,0.00%,0,0.00,Search,0.00%,0.00,0.00
new deck posts,Phrase match (close variant),None,loudoun decks,Deck Builder - Brambleton,USD,0.00,0,1,0.00%,0,0.00,Search,0.00%,0.00,0.00
timbertech dealers near me,AI Max,None,loudoun decks,Deck Builder - Aldie,USD,0.00,0,1,0.00%,0,0.00,Search,0.00%,0.00,0.00
thermally modified wood,Broad match,None,loudoun decks,Deck Builder - Brambleton,USD,0.00,0,1,0.00%,0,0.00,Search,0.00%,0.00,0.00
deck flooring material,AI Max,None,loudoun decks,Deck Builder - South Riding,USD,0.00,0,1,0.00%,0,0.00,Search,0.00%,0.00,0.00
struxure dealer near me,Broad match,None,loudoun decks,Deck Builder - Brambleton,USD,0.00,0,1,0.00%,0,0.00,Search,0.00%,0.00,0.00
long fence near me,Performance Max,None,Pmax - Dec4, --,USD,0.00,0,5,0.00%,0,0.00,Performance Max,0.00%,0.00,0.00
mc fence and deck,Performance Max,None,Pmax - Dec4, --,USD,376.67,1,15,6.67%,5.65,5.65,Performance Max,0.00%,0.00,0.00
amaya fence and deck,Performance Max,None,Pmax - Dec4, --,USD,0.00,0,1,0.00%,0,0.00,Performance Max,0.00%,0.00,0.00
patio fixers near me,AI Max,None,Deck Repair - Loudoun County,Deck Repair - Loudoun County,USD,19200.00,2,1,200.00%,9.60,19.20,Search,0.00%,0.00,0.00
deck and docks near me,AI Max,None,Deck Repair - Loudoun County,Deck Repair - Loudoun County,USD,0.00,0,2,0.00%,0,0.00,Search,0.00%,0.00,0.00
trex levels,AI Max,None,Deck Repair - Loudoun County,Composite - Trex Repair,USD,0.00,0,1,0.00%,0,0.00,Search,0.00%,0.00,0.00
composite decking,AI Max,None,Deck Repair - Loudoun County,Deck Replacement,USD,0.00,0,1,0.00%,0,0.00,Search,0.00%,0.00,0.00
sanding deck boards,AI Max,None,Deck Repair - Loudoun County,Deck Repair - Loudoun County,USD,0.00,0,1,0.00%,0,0.00,Search,0.00%,0.00,0.00
timbertech composite decking,Phrase match (close variant),None,SRCH | Composite | 3 Counties | Calls,Composite Deck Cost,USD,0.00,0,1,0.00%,0,0.00,Search,0.00%,0.00,0.00
jk gen,AI Max,None,Fairfax-Search-Search - Deck Leads - VA - May 2025,Deck Builders Near Me,USD,0.00,0,1,0.00%,0,0.00,Search,0.00%,0.00,0.00
deck,AI Max,None,Fairfax-Search-Search - Deck Leads - VA - May 2025,Deck Builders Near Me,USD,0.00,0,12,0.00%,0,0.00,Search,0.00%,0.00,0.00
exterior remodel,AI Max,None,Fairfax-Search-Search - Deck Leads - VA - May 2025,Deck Repair & Refinishing,USD,0.00,0,1,0.00%,0,0.00,Search,0.00%,0.00,0.00
sundeck supply,Performance Max,None,PMAX cu remarketing, --,USD,0.00,0,1,0.00%,0,0.00,Performance Max,0.00%,0.00,0.00
kazebo,Performance Max,None,PMAX cu remarketing, --,USD,0.00,0,1,0.00%,0,0.00,Performance Max,0.00%,0.00,0.00
eco friendly lumber catharpin va,Performance Max,None,PMAX cu remarketing, --,USD,0.00,0,1,0.00%,0,0.00,Performance Max,0.00%,0.00,0.00
prodeck construction llc reviews,Performance Max,None,PMAX cu remarketing, --,USD,0.00,0,2,0.00%,0,0.00,Performance Max,0.00%,0.00,0.00
construction patio à proximité,Performance Max,None,PMAX cu remarketing, --,USD,0.00,0,1,0.00%,0,0.00,Performance Max,0.00%,0.00,0.00
chicas enterprise,Performance Max,None,PMAX cu remarketing, --,USD,0.00,0,1,0.00%,0,0.00,Performance Max,0.00%,0.00,0.00
porch cleaning,Performance Max,None,PMAX cu remarketing, --,USD,0.00,0,2,0.00%,0,0.00,Performance Max,0.00%,0.00,0.00
loudoun deck repair llc,Performance Max,None,PMAX cu remarketing, --,USD,121.11,1,9,11.11%,1.09,1.09,Performance Max,0.00%,0.00,0.00
power wash deck cost,Performance Max,None,PMAX cu remarketing, --,USD,0.00,0,1,0.00%,0,0.00,Performance Max,0.00%,0.00,0.00
landscaping washington,Performance Max,None,PMAX cu remarketing, --,USD,1120.00,1,2,50.00%,2.24,2.24,Performance Max,0.00%,0.00,0.00
loudoun county permits,Performance Max,None,PMAX cu remarketing, --,USD,0.00,0,1,0.00%,0,0.00,Performance Max,0.00%,0.00,0.00
fence and deck depot,Performance Max,None,PMAX cu remarketing, --,USD,0.00,0,3,0.00%,0,0.00,Performance Max,0.00%,0.00,0.00
rockstar fire and stone,Performance Max,None,PMAX cu remarketing, --,USD,0.00,0,2,0.00%,0,0.00,Performance Max,0.00%,0.00,0.00
lions fence reviews,Performance Max,None,PMAX cu remarketing, --,USD,0.00,0,2,0.00%,0,0.00,Performance Max,0.00%,0.00,0.00
honeydos,AI Max,None,Premium Composite Decks,Ad group 1,USD,0.00,0,1,0.00%,0,0.00,Search,0.00%,0.00,0.00
wolf seaside decking,AI Max,None,Premium Composite Decks,Ad group 1,USD,0.00,0,1,0.00%,0,0.00,Search,0.00%,0.00,0.00
loudoun construction llc reviews,AI Max,None,Premium Composite Decks,Ad group 1,USD,2200.02,1,2,50.00%,4.40,4.40,Search,0.00%,0.00,0.00
fortress building products,AI Max,None,Premium Composite Decks,Ad group 1,USD,6160.00,1,1,100.00%,6.16,6.16,Search,0.00%,0.00,0.00
george kall,AI Max,None,Premium Composite Decks,Ad group 1,USD,0.00,0,1,0.00%,0,0.00,Search,0.00%,0.00,0.00
lansing building products near me,AI Max,None,Premium Composite Decks,Ad group 1,USD,0.00,0,1,0.00%,0,0.00,Search,0.00%,0.00,0.00
build decks near me,Exact match (close variant),None,Premium Composite Decks,Ad group 1,USD,0.00,0,1,0.00%,0,0.00,Search,0.00%,0.00,0.00
trex deck meaning,AI Max,None,Premium Composite Decks,Ad group 1,USD,0.00,0,1,0.00%,0,0.00,Search,0.00%,0.00,0.00
decks design,AI Max,None,Premium Composite Decks,Ad group 1,USD,0.00,0,2,0.00%,0,0.00,Search,0.00%,0.00,0.00
turnkey porch enclosures photos,AI Max,None,Premium Composite Decks,Ad group 1,USD,0.00,0,1,0.00%,0,0.00,Search,0.00%,0.00,0.00
ipe care and maintenance,AI Max,None,Premium Composite Decks,Ad group 1,USD,0.00,0,1,0.00%,0,0.00,Search,0.00%,0.00,0.00
deck installers in my area,Exact match (close variant),None,Premium Composite Decks,Ad group 1,USD,2135.59,1,1,100.00%,2.14,2.14,Search,0.00%,0.00,0.00
deck contractor near me,Exact match (close variant),None,Premium Composite Decks,Ad group 1,USD,0.00,0,1,0.00%,0,0.00,Search,0.00%,0.00,0.00
trex deck maintenance,AI Max,None,Premium Composite Decks,Ad group 1,USD,0.00,0,1,0.00%,0,0.00,Search,0.00%,0.00,0.00
trex havana gold deck,Phrase match (close variant),None,loudoun decks,Deck Builder - Brambleton,USD,0.00,0,1,0.00%,0,0.00,Search,0.00%,0.00,0.00
paver near me,Broad match,None,loudoun decks,Deck Builder - Brambleton,USD,0.00,0,1,0.00%,0,0.00,Search,0.00%,0.00,0.00
deck contractors,Exact match (close variant),None,loudoun decks,Loudoun Decks,USD,0.00,0,1,0.00%,0,0.00,Search,0.00%,0.00,0.00
trex,AI Max,None,loudoun decks,Deck Builder - Round Hill,USD,0.00,0,1,0.00%,0,0.00,Search,0.00%,0.00,0.00
gazebos near me,Broad match,None,loudoun decks,Deck Builder - Brambleton,USD,0.00,0,3,0.00%,0,0.00,Search,0.00%,0.00,0.00
deck coating,AI Max,None,loudoun decks,Deck Builder - South Riding,USD,0.00,0,2,0.00%,0,0.00,Search,0.00%,0.00,0.00
ecodecks,Broad match,None,loudoun decks,Deck Builder - Brambleton,USD,0.00,0,2,0.00%,0,0.00,Search,0.00%,0.00,0.00
front yards,Broad match,None,loudoun decks,Deck Builder - Brambleton,USD,0.00,0,1,0.00%,0,0.00,Search,0.00%,0.00,0.00
american deck and patio,AI Max,None,loudoun decks,Deck Builder - Lovettsville,USD,0.00,0,1,0.00%,0,0.00,Search,0.00%,0.00,0.00
timberworks,AI Max,None,loudoun decks,Deck Builder - Middleburg,USD,0.00,0,1,0.00%,0,0.00,Search,0.00%,0.00,0.00
deck extension,Phrase match (close variant),None,loudoun decks,Deck Builder - Brambleton,USD,0.00,0,1,0.00%,0,0.00,Search,0.00%,0.00,0.00
deck builder near me,Performance Max,None,Pmax - Dec4, --,USD,0.00,0,1,0.00%,0,0.00,Performance Max,0.00%,0.00,0.00
deck sanding,AI Max,None,Deck Repair - Loudoun County,Deck Restoration - Refinishing,USD,0.00,0,1,0.00%,0,0.00,Search,0.00%,0.00,0.00
deck repair northern va,AI Max,None,Deck Repair - Loudoun County,Deck Repair - Loudoun County,USD,0.00,0,2,0.00%,0,0.00,Search,0.00%,0.00,0.00
typical deck details,AI Max,None,Fairfax-Search-Search - Deck Leads - VA - May 2025,Deck Builders Near Me,USD,0.00,0,1,0.00%,0,0.00,Search,0.00%,0.00,0.00
architects alexandria va,AI Max,None,Fairfax-Search-Search - Deck Leads - VA - May 2025,Composite Decking,USD,0.00,0,2,0.00%,0,0.00,Search,0.00%,0.00,0.00
flagstones near me,AI Max,None,Fairfax-Search-Search - Deck Leads - VA - May 2025,Deck + Patio / Outdoor Living,USD,0.00,0,1,0.00%,0,0.00,Search,0.00%,0.00,0.00
full color thermal bluestone,AI Max,None,Fairfax-Search-Search - Deck Leads - VA - May 2025,Deck + Patio / Outdoor Living,USD,0.00,0,1,0.00%,0,0.00,Search,0.00%,0.00,0.00
paving bricks,AI Max,None,Fairfax-Search-Search - Deck Leads - VA - May 2025,Deck + Patio / Outdoor Living,USD,0.00,0,1,0.00%,0,0.00,Search,0.00%,0.00,0.00
backyards,AI Max,None,Fairfax-Search-Search - Deck Leads - VA - May 2025,Deck + Patio / Outdoor Living,USD,0.00,0,7,0.00%,0,0.00,Search,0.00%,0.00,0.00
bluestone flagstone,AI Max,None,Fairfax-Search-Search - Deck Leads - VA - May 2025,Deck + Patio / Outdoor Living,USD,0.00,0,1,0.00%,0,0.00,Search,0.00%,0.00,0.00
foggy wharf,AI Max,None,Fairfax-Search-Search - Deck Leads - VA - May 2025,Deck Builders Near Me,USD,0.00,0,1,0.00%,0,0.00,Search,0.00%,0.00,0.00
fixing deck boards,AI Max,None,Fairfax-Search-Search - Deck Leads - VA - May 2025,Deck Builders Near Me,USD,0.00,0,1,0.00%,0,0.00,Search,0.00%,0.00,0.00
maryland decking,AI Max,None,Fairfax-Search-Search - Deck Leads - VA - May 2025,Deck + Patio / Outdoor Living,USD,0.00,0,3,0.00%,0,0.00,Search,0.00%,0.00,0.00
concrete deck blocks,AI Max,None,Fairfax-Search-Search - Deck Leads - VA - May 2025,Deck + Patio / Outdoor Living,USD,0.00,0,1,0.00%,0,0.00,Search,0.00%,0.00,0.00
holland pavers,AI Max,None,Fairfax-Search-Search - Deck Leads - VA - May 2025,Deck + Patio / Outdoor Living,USD,0.00,0,1,0.00%,0,0.00,Search,0.00%,0.00,0.00
balcony material,Performance Max,None,PMAX cu remarketing, --,USD,0.00,0,1,0.00%,0,0.00,Performance Max,0.00%,0.00,0.00
how to paint a deck,Performance Max,None,PMAX cu remarketing, --,USD,0.00,0,1,0.00%,0,0.00,Performance Max,0.00%,0.00,0.00
deck railing metal and wood,Performance Max,None,PMAX cu remarketing, --,USD,0.00,0,1,0.00%,0,0.00,Performance Max,0.00%,0.00,0.00
loudoun deck,Performance Max,None,PMAX cu remarketing, --,USD,510.65,6,11,54.55%,0.94,5.62,Performance Max,0.00%,0.00,0.00
picture frame deck,Performance Max,None,PMAX cu remarketing, --,USD,0.00,0,1,0.00%,0,0.00,Performance Max,0.00%,0.00,0.00
patio ideas,Performance Max,None,PMAX cu remarketing, --,USD,0.00,0,1,0.00%,0,0.00,Performance Max,0.00%,0.00,0.00
pressure washing in washington dc,Performance Max,None,PMAX cu remarketing, --,USD,0.00,0,2,0.00%,0,0.00,Performance Max,0.00%,0.00,0.00
frontier decks,Performance Max,None,PMAX cu remarketing, --,USD,0.00,0,1,0.00%,0,0.00,Performance Max,0.00%,0.00,0.00
dominion decks,Performance Max,None,PMAX cu remarketing, --,USD,0.00,0,1,0.00%,0,0.00,Performance Max,0.00%,0.00,0.00
screened deck enclosures,Performance Max,None,PMAX cu remarketing, --,USD,0.00,0,1,0.00%,0,0.00,Performance Max,0.00%,0.00,0.00
diamond power washing,Performance Max,None,PMAX cu remarketing, --,USD,0.00,0,1,0.00%,0,0.00,Performance Max,0.00%,0.00,0.00
deckpro,Performance Max,None,PMAX cu remarketing, --,USD,0.00,0,1,0.00%,0,0.00,Performance Max,0.00%,0.00,0.00
deck top,Performance Max,None,PMAX cu remarketing, --,USD,0.00,0,1,0.00%,0,0.00,Performance Max,0.00%,0.00,0.00
how much does a 20 x20 trex deck cost,Performance Max,None,PMAX cu remarketing, --,USD,0.00,0,3,0.00%,0,0.00,Performance Max,0.00%,0.00,0.00
deck permit,Performance Max,None,PMAX cu remarketing, --,USD,0.00,0,1,0.00%,0,0.00,Performance Max,0.00%,0.00,0.00
jac fencing,AI Max,None,Premium Composite Decks,Ad group 1,USD,0.00,0,1,0.00%,0,0.00,Search,0.00%,0.00,0.00
tart lumber,AI Max,Excluded,Premium Composite Decks,Ad group 1,USD,3679.43,3,11,27.27%,13.49,40.47,Search,0.00%,0.00,0.00
deck builders hagerstown md,AI Max,None,Premium Composite Decks,Ad group 1,USD,0.00,0,1,0.00%,0,0.00,Search,0.00%,0.00,0.00
navid's construction inc,AI Max,None,Premium Composite Decks,Ad group 1,USD,0.00,0,1,0.00%,0,0.00,Search,0.00%,0.00,0.00
decksdirect llc,AI Max,None,Premium Composite Decks,Ad group 1,USD,0.00,0,1,0.00%,0,0.00,Search,0.00%,0.00,0.00
elite deck and patio,AI Max,None,Premium Composite Decks,Ad group 1,USD,0.00,0,2,0.00%,0,0.00,Search,0.00%,0.00,0.00
deck impact,AI Max,None,Premium Composite Decks,Ad group 1,USD,0.00,0,1,0.00%,0,0.00,Search,0.00%,0.00,0.00
tw perry springfield,AI Max,None,Premium Composite Decks,Ad group 1,USD,0.00,0,1,0.00%,0,0.00,Search,0.00%,0.00,0.00
how to measure for deck stringers,AI Max,None,Premium Composite Decks,Ad group 1,USD,0.00,0,1,0.00%,0,0.00,Search,0.00%,0.00,0.00
tafti construction,AI Max,None,Premium Composite Decks,Ad group 1,USD,0.00,0,1,0.00%,0,0.00,Search,0.00%,0.00,0.00
84 lumber cerca de mi,AI Max,None,Premium Composite Decks,Ad group 1,USD,0.00,0,1,0.00%,0,0.00,Search,0.00%,0.00,0.00
building 8x10 deck,AI Max,None,Premium Composite Decks,Ad group 1,USD,0.00,0,1,0.00%,0,0.00,Search,0.00%,0.00,0.00
deck builders fairfax va,Performance Max,None,Pmax - Dec4, --,USD,0.00,0,1,0.00%,0,0.00,Performance Max,0.00%,0.00,0.00
loudoun lumber purcellville,Performance Max,None,Pmax - Dec4, --,USD,0.00,0,2,0.00%,0,0.00,Performance Max,0.00%,0.00,0.00
patio contractors near me,AI Max,None,loudoun decks,Deck Builder - Round Hill,USD,11200.00,1,1,100.00%,11.20,11.20,Search,0.00%,0.00,0.00
covered patio backyard,AI Max,None,loudoun decks,Deck Builder - South Riding,USD,0.00,0,1,0.00%,0,0.00,Search,0.00%,0.00,0.00
mid atlantic construction of va,AI Max,None,loudoun decks,Deck Builder - Lovettsville,USD,0.00,0,1,0.00%,0,0.00,Search,0.00%,0.00,0.00
deck deals,AI Max,None,loudoun decks,Deck Builder - South Riding,USD,0.00,0,1,0.00%,0,0.00,Search,0.00%,0.00,0.00
best building contractors near me,AI Max,None,loudoun decks,Deck Builder - Lansdowne,USD,0.00,0,1,0.00%,0,0.00,Search,0.00%,0.00,0.00
deck dudes,AI Max,None,loudoun decks,Deck Builder - Aldie,USD,0.00,0,1,0.00%,0,0.00,Search,0.00%,0.00,0.00
timber tech near me,Phrase match (close variant),None,loudoun decks,Deck Builder - Brambleton,USD,0.00,0,1,0.00%,0,0.00,Search,0.00%,0.00,0.00
trex deck,AI Max,None,loudoun decks,Deck Builder - Middleburg,USD,6550.00,1,1,100.00%,6.55,6.55,Search,0.00%,0.00,0.00
concrete steps,Broad match,None,loudoun decks,Deck Builder - Brambleton,USD,0.00,0,1,0.00%,0,0.00,Search,0.00%,0.00,0.00
decks,AI Max,None,Deck Repair - Loudoun County,Deck Renovation,USD,0.00,0,3,0.00%,0,0.00,Search,0.00%,0.00,0.00
camo deck fastening system,AI Max,None,Deck Repair - Loudoun County,Deck Repair - Loudoun County,USD,0.00,0,1,0.00%,0,0.00,Search,0.00%,0.00,0.00
replace a deck post,AI Max,None,Deck Repair - Loudoun County,Deck Repair - Loudoun County,USD,0.00,0,1,0.00%,0,0.00,Search,0.00%,0.00,0.00
moistureshield composite decking,Phrase match (close variant),None,SRCH | Composite | 3 Counties | Calls,Composite Deck Cost,USD,0.00,0,1,0.00%,0,0.00,Search,0.00%,0.00,0.00
outdoor leisure inc,AI Max,None,Fairfax-Search-Search - Deck Leads - VA - May 2025,Deck + Patio / Outdoor Living,USD,0.00,0,1,0.00%,0,0.00,Search,0.00%,0.00,0.00
patio garden,AI Max,None,Fairfax-Search-Search - Deck Leads - VA - May 2025,Deck + Patio / Outdoor Living,USD,0.00,0,3,0.00%,0,0.00,Search,0.00%,0.00,0.00
awning for deck,AI Max,None,Fairfax-Search-Search - Deck Leads - VA - May 2025,Deck Builders Near Me,USD,0.00,0,1,0.00%,0,0.00,Search,0.00%,0.00,0.00
deck guardrail,AI Max,None,Fairfax-Search-Search - Deck Leads - VA - May 2025,Deck Builders Near Me,USD,0.00,0,1,0.00%,0,0.00,Search,0.00%,0.00,0.00
paver supply near me,AI Max,None,Fairfax-Search-Search - Deck Leads - VA - May 2025,Deck + Patio / Outdoor Living,USD,0.00,0,1,0.00%,0,0.00,Search,0.00%,0.00,0.00
carpenter near me,AI Max,None,Fairfax-Search-Search - Deck Leads - VA - May 2025,Deck Builders Near Me,USD,0.00,0,1,0.00%,0,0.00,Search,0.00%,0.00,0.00
fence company near me prices,Performance Max,None,PMAX cu remarketing, --,USD,0.00,0,1,0.00%,0,0.00,Performance Max,0.00%,0.00,0.00
porch railing installation,Performance Max,None,PMAX cu remarketing, --,USD,0.00,0,1,0.00%,0,0.00,Performance Max,0.00%,0.00,0.00
best fence,Performance Max,None,PMAX cu remarketing, --,USD,0.00,0,1,0.00%,0,0.00,Performance Max,0.00%,0.00,0.00
outdoor furniture repair near me,Performance Max,None,PMAX cu remarketing, --,USD,0.00,0,1,0.00%,0,0.00,Performance Max,0.00%,0.00,0.00
loudoun fence,Performance Max,None,PMAX cu remarketing, --,USD,0.00,0,2,0.00%,0,0.00,Performance Max,0.00%,0.00,0.00
how to replace deck boards with composite,Performance Max,None,PMAX cu remarketing, --,USD,0.00,0,2,0.00%,0,0.00,Performance Max,0.00%,0.00,0.00
deck repair and restoration near me,Performance Max,None,PMAX cu remarketing, --,USD,0.00,0,1,0.00%,0,0.00,Performance Max,0.00%,0.00,0.00
composite decking installation,Performance Max,None,PMAX cu remarketing, --,USD,0.00,0,7,0.00%,0,0.00,Performance Max,0.00%,0.00,0.00
which is better trex or timbertech,Performance Max,None,PMAX cu remarketing, --,USD,0.00,0,1,0.00%,0,0.00,Performance Max,0.00%,0.00,0.00
patio clean up,Performance Max,None,PMAX cu remarketing, --,USD,0.00,0,1,0.00%,0,0.00,Performance Max,0.00%,0.00,0.00
installing trex decking with hidden fasteners,Performance Max,None,PMAX cu remarketing, --,USD,0.00,0,2,0.00%,0,0.00,Performance Max,0.00%,0.00,0.00
deck repair manassas va,Performance Max,None,PMAX cu remarketing, --,USD,0.00,0,2,0.00%,0,0.00,Performance Max,0.00%,0.00,0.00
hd deck,Performance Max,None,PMAX cu remarketing, --,USD,0.00,0,2,0.00%,0,0.00,Performance Max,0.00%,0.00,0.00
bluestone for landscaping,Performance Max,None,PMAX cu remarketing, --,USD,0.00,0,1,0.00%,0,0.00,Performance Max,0.00%,0.00,0.00
what is composite deck,Performance Max,None,PMAX cu remarketing, --,USD,0.00,0,1,0.00%,0,0.00,Performance Max,0.00%,0.00,0.00
pergola repair,Performance Max,None,PMAX cu remarketing, --,USD,0.00,0,1,0.00%,0,0.00,Performance Max,0.00%,0.00,0.00
modern deck design,AI Max,None,Premium Composite Decks,Ad group 1,USD,0.00,0,1,0.00%,0,0.00,Search,0.00%,0.00,0.00
tw perry near me,AI Max,None,Premium Composite Decks,Ad group 1,USD,0.00,0,13,0.00%,0,0.00,Search,0.00%,0.00,0.00
trex transcend railing,AI Max,None,Premium Composite Decks,Ad group 1,USD,0.00,0,1,0.00%,0,0.00,Search,0.00%,0.00,0.00
amish deck,AI Max,None,Premium Composite Decks,Ad group 1,USD,0.00,0,1,0.00%,0,0.00,Search,0.00%,0.00,0.00
trex deck replacement cost,AI Max,None,Premium Composite Decks,Ad group 1,USD,0.00,0,2,0.00%,0,0.00,Search,0.00%,0.00,0.00
cedar wood planks,AI Max,None,Premium Composite Decks,Ad group 1,USD,0.00,0,1,0.00%,0,0.00,Search,0.00%,0.00,0.00
luxury deck designs,AI Max,None,Premium Composite Decks,Ad group 1,USD,0.00,0,1,0.00%,0,0.00,Search,0.00%,0.00,0.00
trex select colors,AI Max,None,Premium Composite Decks,Ad group 1,USD,0.00,0,1,0.00%,0,0.00,Search,0.00%,0.00,0.00
cost of screened porches,AI Max,None,Premium Composite Decks,Ad group 1,USD,0.00,0,2,0.00%,0,0.00,Search,0.00%,0.00,0.00
cost to build screened in deck,AI Max,None,Premium Composite Decks,Ad group 1,USD,0.00,0,1,0.00%,0,0.00,Search,0.00%,0.00,0.00
nav construction inc,AI Max,None,Premium Composite Decks,Ad group 1,USD,0.00,0,1,0.00%,0,0.00,Search,0.00%,0.00,0.00
construction companies dc,AI Max,None,Premium Composite Decks,Ad group 1,USD,0.00,0,1,0.00%,0,0.00,Search,0.00%,0.00,0.00
nova decks,AI Max,None,Premium Composite Decks,Ad group 1,USD,0.00,0,2,0.00%,0,0.00,Search,0.00%,0.00,0.00
hal co,AI Max,None,loudoun decks,Deck Builder - Aldie,USD,0.00,0,1,0.00%,0,0.00,Search,0.00%,0.00,0.00
deck maxtor,AI Max,None,loudoun decks,Deck Builder - Broadlands,USD,0.00,0,1,0.00%,0,0.00,Search,0.00%,0.00,0.00
mobile home decks for sale,AI Max,None,loudoun decks,Deck Builder - South Riding,USD,0.00,0,1,0.00%,0,0.00,Search,0.00%,0.00,0.00
deck builders near me,Exact match,Added,loudoun decks,Deck Builder - South Riding,USD,1755.56,1,4,25.00%,7.02,7.02,Search,0.00%,0.00,0.00
leesburg decks,AI Max,None,loudoun decks,Deck Builder - Leesburg,USD,0.00,0,1,0.00%,0,0.00,Search,0.00%,0.00,0.00
unique amazing decks,AI Max,None,loudoun decks,Deck Builder - South Riding,USD,0.00,0,1,0.00%,0,0.00,Search,0.00%,0.00,0.00
residential contractors near me,AI Max,None,loudoun decks,Deck Builder - Round Hill,USD,0.00,0,1,0.00%,0,0.00,Search,0.00%,0.00,0.00
deck builders near me,Exact match,Added,loudoun decks,Deck Builder - Sterling,USD,0.00,0,1,0.00%,0,0.00,Search,0.00%,0.00,0.00
backyard designs,AI Max,None,loudoun decks,Deck Builder - Hamilton,USD,0.00,0,2,0.00%,0,0.00,Search,0.00%,0.00,0.00
deck builder construction,Broad match,None,loudoun decks,Deck Builder - Brambleton,USD,0.00,0,1,0.00%,0,0.00,Search,0.00%,0.00,0.00
patio near me,Performance Max,None,Pmax - Dec4, --,USD,0.00,0,2,0.00%,0,0.00,Performance Max,0.00%,0.00,0.00
deck wash,Performance Max,None,Pmax - Dec4, --,USD,23830.00,2,2,100.00%,23.83,47.66,Performance Max,50.00%,1.00,47.66
nova deck doctor,Performance Max,None,Pmax - Dec4, --,USD,6880.00,1,1,100.00%,6.88,6.88,Performance Max,0.00%,0.00,0.00
deck under cover,AI Max,None,Deck Repair - Loudoun County,Deck Replacement,USD,0.00,0,1,0.00%,0,0.00,Search,0.00%,0.00,0.00
deck and dock,Broad match,None,Deck Repair - Loudoun County,Deck Renovation,USD,0.00,0,1,0.00%,0,0.00,Search,0.00%,0.00,0.00
deck repair,AI Max,None,Deck Repair - Loudoun County,Deck Contractors Northern VA,USD,0.00,0,1,0.00%,0,0.00,Search,0.00%,0.00,0.00
trex decking,Broad match,None,Deck Repair - Loudoun County,Deck Renovation,USD,0.00,0,3,0.00%,0,0.00,Search,0.00%,0.00,0.00
walkway pavers,AI Max,None,Fairfax-Search-Search - Deck Leads - VA - May 2025,Deck + Patio / Outdoor Living,USD,0.00,0,1,0.00%,0,0.00,Search,0.00%,0.00,0.00
atlantic deck and home renovation,AI Max,None,Fairfax-Search-Search - Deck Leads - VA - May 2025,Deck Builders Near Me,USD,0.00,0,1,0.00%,0,0.00,Search,0.00%,0.00,0.00
decks,AI Max,None,Fairfax-Search-Search - Deck Leads - VA - May 2025,Deck Builders Near Me,USD,6282.00,1,5,20.00%,31.41,31.41,Search,0.00%,0.00,0.00
construction company near me,AI Max,None,Fairfax-Search-Search - Deck Leads - VA - May 2025,Deck + Patio / Outdoor Living,USD,4916.67,2,3,66.67%,7.38,14.75,Search,0.00%,0.00,0.00
sunrooms,AI Max,None,Fairfax-Search-Search - Deck Leads - VA - May 2025,Deck Builders Near Me,USD,0.00,0,1,0.00%,0,0.00,Search,0.00%,0.00,0.00
paver deck,AI Max,None,Fairfax-Search-Search - Deck Leads - VA - May 2025,Deck + Patio / Outdoor Living,USD,0.00,0,2,0.00%,0,0.00,Search,0.00%,0.00,0.00
deck house,AI Max,None,Fairfax-Search-Search - Deck Leads - VA - May 2025,Deck Builders Near Me,USD,0.00,0,1,0.00%,0,0.00,Search,0.00%,0.00,0.00
techo bloc pavers price list,AI Max,None,Fairfax-Search-Search - Deck Leads - VA - May 2025,Deck + Patio / Outdoor Living,USD,0.00,0,1,0.00%,0,0.00,Search,0.00%,0.00,0.00
bluestone pavers,AI Max,None,Fairfax-Search-Search - Deck Leads - VA - May 2025,Deck + Patio / Outdoor Living,USD,0.00,0,1,0.00%,0,0.00,Search,0.00%,0.00,0.00
pergola restoration,Performance Max,None,PMAX cu remarketing, --,USD,0.00,0,1,0.00%,0,0.00,Performance Max,0.00%,0.00,0.00
small backyard deck ideas,Performance Max,None,PMAX cu remarketing, --,USD,0.00,0,1,0.00%,0,0.00,Performance Max,0.00%,0.00,0.00
trex deck repair,Performance Max,None,PMAX cu remarketing, --,USD,0.00,0,1,0.00%,0,0.00,Performance Max,0.00%,0.00,0.00
dc fencing,Performance Max,None,PMAX cu remarketing, --,USD,0.00,0,1,0.00%,0,0.00,Performance Max,0.00%,0.00,0.00
arlington fence company,Performance Max,None,PMAX cu remarketing, --,USD,0.00,0,1,0.00%,0,0.00,Performance Max,0.00%,0.00,0.00
loudoun county fencing,Performance Max,None,PMAX cu remarketing, --,USD,0.00,0,6,0.00%,0,0.00,Performance Max,0.00%,0.00,0.00
serrano master deck,Performance Max,None,PMAX cu remarketing, --,USD,0.00,0,2,0.00%,0,0.00,Performance Max,0.00%,0.00,0.00
virginia deck and patio,Performance Max,None,PMAX cu remarketing, --,USD,0.00,0,2,0.00%,0,0.00,Performance Max,0.00%,0.00,0.00
deck armor llc,Performance Max,None,PMAX cu remarketing, --,USD,189.29,1,28,3.57%,5.30,5.30,Performance Max,0.00%,0.00,0.00
local contractors in my area,Performance Max,None,PMAX cu remarketing, --,USD,3010.00,1,1,100.00%,3.01,3.01,Performance Max,0.00%,0.00,0.00
h&c construction,Performance Max,None,PMAX cu remarketing, --,USD,0.00,0,1,0.00%,0,0.00,Performance Max,0.00%,0.00,0.00
deck stair designs pictures,Performance Max,None,PMAX cu remarketing, --,USD,0.00,0,1,0.00%,0,0.00,Performance Max,0.00%,0.00,0.00
how to make deck in backyard,Performance Max,None,PMAX cu remarketing, --,USD,0.00,0,3,0.00%,0,0.00,Performance Max,0.00%,0.00,0.00
loudoun decks builder,Performance Max,None,PMAX cu remarketing, --,USD,3912.50,1,4,25.00%,15.65,15.65,Performance Max,0.00%,0.00,0.00
wood deck repair near me,Performance Max,None,PMAX cu remarketing, --,USD,0.00,0,1,0.00%,0,0.00,Performance Max,0.00%,0.00,0.00
j&m landscaping,Performance Max,None,PMAX cu remarketing, --,USD,0.00,0,2,0.00%,0,0.00,Performance Max,0.00%,0.00,0.00
deck railing systems near me,Performance Max,None,PMAX cu remarketing, --,USD,0.00,0,1,0.00%,0,0.00,Performance Max,0.00%,0.00,0.00
fa outdoor,Performance Max,None,PMAX cu remarketing, --,USD,0.00,0,1,0.00%,0,0.00,Performance Max,0.00%,0.00,0.00
installing exterior door,Performance Max,None,PMAX cu remarketing, --,USD,0.00,0,1,0.00%,0,0.00,Performance Max,0.00%,0.00,0.00
deck awning company near me,Performance Max,None,PMAX cu remarketing, --,USD,0.00,0,1,0.00%,0,0.00,Performance Max,0.00%,0.00,0.00
deck repair washington dc,Performance Max,None,PMAX cu remarketing, --,USD,0.00,0,1,0.00%,0,0.00,Performance Max,0.00%,0.00,0.00
dexerdry,Performance Max,None,PMAX cu remarketing, --,USD,0.00,0,1,0.00%,0,0.00,Performance Max,0.00%,0.00,0.00
timbertech contact,AI Max,None,Premium Composite Decks,Ad group 1,USD,0.00,0,1,0.00%,0,0.00,Search,0.00%,0.00,0.00
patio covers ideas,AI Max,None,Premium Composite Decks,Ad group 1,USD,0.00,0,1,0.00%,0,0.00,Search,0.00%,0.00,0.00
best deck builders near me,Exact match (close variant),None,Premium Composite Decks,Ad group 1,USD,0.00,0,2,0.00%,0,0.00,Search,0.00%,0.00,0.00
trex deck designs,AI Max,None,Premium Composite Decks,Ad group 1,USD,0.00,0,1,0.00%,0,0.00,Search,0.00%,0.00,0.00
deck flooring on concrete,AI Max,None,Premium Composite Decks,Ad group 1,USD,0.00,0,1,0.00%,0,0.00,Search,0.00%,0.00,0.00
flagstone decks,AI Max,None,Premium Composite Decks,Ad group 1,USD,0.00,0,1,0.00%,0,0.00,Search,0.00%,0.00,0.00
loudoun exteriors,AI Max,None,Premium Composite Decks,Ad group 1,USD,0.00,0,1,0.00%,0,0.00,Search,0.00%,0.00,0.00
deck inspection,AI Max,None,Premium Composite Decks,Ad group 1,USD,15660.00,1,2,50.00%,31.32,31.32,Search,0.00%,0.00,0.00
sheets lumber vienna va,AI Max,None,Premium Composite Decks,Ad group 1,USD,0.00,0,3,0.00%,0,0.00,Search,0.00%,0.00,0.00
under deck drainage system,AI Max,None,Premium Composite Decks,Ad group 1,USD,2452.10,1,2,50.00%,4.90,4.90,Search,0.00%,0.00,0.00
trex,AI Max,None,loudoun decks,Deck Builder - Leesburg,USD,0.00,0,3,0.00%,0,0.00,Search,0.00%,0.00,0.00
nova construction pro,AI Max,None,loudoun decks,Deck Builder - Stone Ridge,USD,0.00,0,1,0.00%,0,0.00,Search,0.00%,0.00,0.00
middleburg millwork,AI Max,None,loudoun decks,Deck Builder - Leesburg,USD,0.00,0,1,0.00%,0,0.00,Search,0.00%,0.00,0.00
deck coating,AI Max,None,loudoun decks,Deck Builder - Leesburg,USD,0.00,0,1,0.00%,0,0.00,Search,0.00%,0.00,0.00
deck builder,Exact match (close variant),None,loudoun decks,Deck Builder - Middleburg,USD,0.00,0,2,0.00%,0,0.00,Search,0.00%,0.00,0.00
loudoun property solutions,AI Max,None,loudoun decks,Deck Builder - Leesburg,USD,0.00,0,1,0.00%,0,0.00,Search,0.00%,0.00,0.00
bergula,Broad match,None,loudoun decks,Deck Builder - Brambleton,USD,0.00,0,1,0.00%,0,0.00,Search,0.00%,0.00,0.00
trex company,AI Max,None,loudoun decks,Deck Builder - Aldie,USD,0.00,0,1,0.00%,0,0.00,Search,0.00%,0.00,0.00
sun design remodeling,AI Max,None,loudoun decks,Deck Builder - Purcellville,USD,0.00,0,1,0.00%,0,0.00,Search,0.00%,0.00,0.00
deck inspectors,Broad match,None,loudoun decks,Deck Builder - Brambleton,USD,0.00,0,2,0.00%,0,0.00,Search,0.00%,0.00,0.00
best material for decks,AI Max,None,loudoun decks,Deck Builder - Aldie,USD,0.00,0,1,0.00%,0,0.00,Search,0.00%,0.00,0.00
duradek,Broad match,None,loudoun decks,Deck Builder - Brambleton,USD,0.00,0,1,0.00%,0,0.00,Search,0.00%,0.00,0.00
deck and patio contractors near me,Performance Max,None,Pmax - Dec4, --,USD,0.00,0,1,0.00%,0,0.00,Performance Max,0.00%,0.00,0.00
potomac fence and deck,Performance Max,None,Pmax - Dec4, --,USD,0.00,0,1,0.00%,0,0.00,Performance Max,0.00%,0.00,0.00
build screen porch on existing deck,Performance Max,None,Pmax - Dec4, --,USD,0.00,0,1,0.00%,0,0.00,Performance Max,0.00%,0.00,0.00
install timbertech decking,Broad match,None,Deck Repair - Loudoun County,Deck Renovation,USD,590.00,1,1,100.00%,0.59,0.59,Search,0.00%,0.00,0.00
deck contractor,Broad match,None,Deck Repair - Loudoun County,Deck Renovation,USD,0.00,0,2,0.00%,0,0.00,Search,0.00%,0.00,0.00
outside look of house,AI Max,None,Fairfax-Search-Search - Deck Leads - VA - May 2025,Deck + Patio / Outdoor Living,USD,0.00,0,1,0.00%,0,0.00,Search,0.00%,0.00,0.00
trex post installation,AI Max,None,Fairfax-Search-Search - Deck Leads - VA - May 2025,Composite Decking,USD,0.00,0,1,0.00%,0,0.00,Search,0.00%,0.00,0.00
honey grove trex,AI Max,None,Fairfax-Search-Search - Deck Leads - VA - May 2025,Deck + Patio / Outdoor Living,USD,0.00,0,1,0.00%,0,0.00,Search,0.00%,0.00,0.00
mg luxury decks and fence llc,Performance Max,None,PMAX cu remarketing, --,USD,0.00,0,1,0.00%,0,0.00,Performance Max,0.00%,0.00,0.00
how to build a front porch,Performance Max,None,PMAX cu remarketing, --,USD,0.00,0,2,0.00%,0,0.00,Performance Max,0.00%,0.00,0.00
haijoe stamped concrete,Performance Max,None,PMAX cu remarketing, --,USD,0.00,0,2,0.00%,0,0.00,Performance Max,0.00%,0.00,0.00
vinyl deck railing,Performance Max,None,PMAX cu remarketing, --,USD,0.00,0,1,0.00%,0,0.00,Performance Max,0.00%,0.00,0.00
fences replacement,Performance Max,None,PMAX cu remarketing, --,USD,0.00,0,1,0.00%,0,0.00,Performance Max,0.00%,0.00,0.00
cost of screened in porch addition,Performance Max,None,PMAX cu remarketing, --,USD,0.00,0,1,0.00%,0,0.00,Performance Max,0.00%,0.00,0.00
front porch costs,Performance Max,None,PMAX cu remarketing, --,USD,0.00,0,1,0.00%,0,0.00,Performance Max,0.00%,0.00,0.00
screened in porch near me,Performance Max,None,PMAX cu remarketing, --,USD,0.00,0,1,0.00%,0,0.00,Performance Max,0.00%,0.00,0.00
sun decks,Performance Max,None,PMAX cu remarketing, --,USD,0.00,0,5,0.00%,0,0.00,Performance Max,0.00%,0.00,0.00
pvc deck installation,Performance Max,None,PMAX cu remarketing, --,USD,0.00,0,1,0.00%,0,0.00,Performance Max,0.00%,0.00,0.00
under deck enclosure,Performance Max,None,PMAX cu remarketing, --,USD,0.00,0,1,0.00%,0,0.00,Performance Max,0.00%,0.00,0.00
how to build a deck on uneven ground,Performance Max,None,PMAX cu remarketing, --,USD,0.00,0,1,0.00%,0,0.00,Performance Max,0.00%,0.00,0.00
yard stone work,Performance Max,None,PMAX cu remarketing, --,USD,0.00,0,1,0.00%,0,0.00,Performance Max,0.00%,0.00,0.00
armor fence deck & patio,Performance Max,None,PMAX cu remarketing, --,USD,0.00,0,2,0.00%,0,0.00,Performance Max,0.00%,0.00,0.00
lara decks and exteriors,Performance Max,None,PMAX cu remarketing, --,USD,0.00,0,2,0.00%,0,0.00,Performance Max,0.00%,0.00,0.00
how to build a fence,Performance Max,None,PMAX cu remarketing, --,USD,0.00,0,1,0.00%,0,0.00,Performance Max,0.00%,0.00,0.00
timber tech sea salt gray,AI Max,None,loudoun decks,Deck Builder - Middleburg,USD,0.00,0,1,0.00%,0,0.00,Search,0.00%,0.00,0.00
deck company near me,Exact match (close variant),None,loudoun decks,Loudoun Decks,USD,0.00,0,1,0.00%,0,0.00,Search,0.00%,0.00,0.00
resurface your deck,Phrase match (close variant),None,loudoun decks,Deck Builder - Brambleton,USD,0.00,0,1,0.00%,0,0.00,Search,0.00%,0.00,0.00
porch conversion windows,Performance Max,None,Pmax - Dec4, --,USD,0.00,0,2,0.00%,0,0.00,Performance Max,0.00%,0.00,0.00
pressure washing service near me,Performance Max,None,Pmax - Dec4, --,USD,0.00,0,1,0.00%,0,0.00,Performance Max,0.00%,0.00,0.00
house power washing near me,Performance Max,None,Pmax - Dec4, --,USD,0.00,0,1,0.00%,0,0.00,Performance Max,0.00%,0.00,0.00
deck companies near me,AI Max,None,Deck Repair - Loudoun County,Deck Replacement,USD,0.00,0,1,0.00%,0,0.00,Search,0.00%,0.00,0.00
repainting a deck,AI Max,None,Deck Repair - Loudoun County,Deck Repair - Loudoun County,USD,0.00,0,1,0.00%,0,0.00,Search,0.00%,0.00,0.00
black trex decking,AI Max,None,Premium Composite Decks,Ad group 1,USD,0.00,0,1,0.00%,0,0.00,Search,0.00%,0.00,0.00
nova landscaping,AI Max,None,Premium Composite Decks,Ad group 1,USD,0.00,0,2,0.00%,0,0.00,Search,0.00%,0.00,0.00
pw home improvement,AI Max,None,Premium Composite Decks,Ad group 1,USD,0.00,0,1,0.00%,0,0.00,Search,0.00%,0.00,0.00
window replacement,AI Max,None,Premium Composite Decks,Ad group 1,USD,0.00,0,1,0.00%,0,0.00,Search,0.00%,0.00,0.00
building a front porch roof,AI Max,None,Premium Composite Decks,Ad group 1,USD,0.00,0,1,0.00%,0,0.00,Search,0.00%,0.00,0.00
deck star,AI Max,None,Premium Composite Decks,Ad group 1,USD,0.00,0,2,0.00%,0,0.00,Search,0.00%,0.00,0.00
pergola with installation,AI Max,None,Premium Composite Decks,Ad group 1,USD,209.34,1,4,25.00%,0.84,0.84,Search,0.00%,0.00,0.00
building a rooftop patio,AI Max,None,Premium Composite Decks,Ad group 1,USD,0.00,0,1,0.00%,0,0.00,Search,0.00%,0.00,0.00
azek decking near me,AI Max,None,Premium Composite Decks,Ad group 1,USD,0.00,0,1,0.00%,0,0.00,Search,0.00%,0.00,0.00
deck construction cost per sq ft,AI Max,None,Premium Composite Decks,Ad group 1,USD,0.00,0,1,0.00%,0,0.00,Search,0.00%,0.00,0.00
timbertech tongue and groove,AI Max,None,Premium Composite Decks,Ad group 1,USD,0.00,0,1,0.00%,0,0.00,Search,0.00%,0.00,0.00
flagstone patio near me,AI Max,None,Premium Composite Decks,Ad group 1,USD,0.00,0,1,0.00%,0,0.00,Search,0.00%,0.00,0.00
backyard builds,AI Max,None,Fairfax-Search-Search - Deck Leads - VA - May 2025,Deck Builders Near Me,USD,0.00,0,1,0.00%,0,0.00,Search,0.00%,0.00,0.00
patio enclosures sunroom,AI Max,None,Fairfax-Search-Search - Deck Leads - VA - May 2025,Deck + Patio / Outdoor Living,USD,0.00,0,1,0.00%,0,0.00,Search,0.00%,0.00,0.00
trex enhance basic saddle,AI Max,None,Fairfax-Search-Search - Deck Leads - VA - May 2025,Composite Decks,USD,0.00,0,1,0.00%,0,0.00,Search,0.00%,0.00,0.00
deck covering,AI Max,None,Fairfax-Search-Search - Deck Leads - VA - May 2025,Deck Repair & Refinishing,USD,0.00,0,1,0.00%,0,0.00,Search,0.00%,0.00,0.00
finished carpentry,AI Max,None,Fairfax-Search-Search - Deck Leads - VA - May 2025,Deck Builders Near Me,USD,0.00,0,1,0.00%,0,0.00,Search,0.00%,0.00,0.00
good landscapers near me,AI Max,None,Fairfax-Search-Search - Deck Leads - VA - May 2025,Deck Builders Near Me,USD,0.00,0,1,0.00%,0,0.00,Search,0.00%,0.00,0.00
how much does it cost to redo a deck with trex,Phrase match (close variant),None,SRCH | Replacement + Resurfacing | 3 Counties | Calls,Deck Replacement,USD,0.00,0,1,0.00%,0,0.00,Search,0.00%,0.00,0.00
o donnell metal deck,Performance Max,None,PMAX cu remarketing, --,USD,0.00,0,1,0.00%,0,0.00,Performance Max,0.00%,0.00,0.00
carpenter near me,Performance Max,None,PMAX cu remarketing, --,USD,0.00,0,2,0.00%,0,0.00,Performance Max,0.00%,0.00,0.00
deck on a hillside,Performance Max,None,PMAX cu remarketing, --,USD,0.00,0,1,0.00%,0,0.00,Performance Max,0.00%,0.00,0.00
long fence deck prices,Performance Max,None,PMAX cu remarketing, --,USD,0.00,0,1,0.00%,0,0.00,Performance Max,0.00%,0.00,0.00
how to sand under deck railing,Performance Max,None,PMAX cu remarketing, --,USD,0.00,0,1,0.00%,0,0.00,Performance Max,0.00%,0.00,0.00
long fence company,Performance Max,None,PMAX cu remarketing, --,USD,0.00,0,4,0.00%,0,0.00,Performance Max,0.00%,0.00,0.00
how much to put a porch on house,Performance Max,None,PMAX cu remarketing, --,USD,0.00,0,1,0.00%,0,0.00,Performance Max,0.00%,0.00,0.00
lumber places,Performance Max,None,PMAX cu remarketing, --,USD,0.00,0,1,0.00%,0,0.00,Performance Max,0.00%,0.00,0.00
deck builders leesburg va,Performance Max,None,PMAX cu remarketing, --,USD,0.00,0,2,0.00%,0,0.00,Performance Max,0.00%,0.00,0.00
armor fence deck and patio,Performance Max,None,PMAX cu remarketing, --,USD,0.00,0,1,0.00%,0,0.00,Performance Max,0.00%,0.00,0.00
lumber yard near me,Performance Max,None,PMAX cu remarketing, --,USD,572.95,2,27,7.41%,7.73,15.47,Performance Max,50.00%,1.00,15.47
power washing near me,Performance Max,None,PMAX cu remarketing, --,USD,0.00,0,6,0.00%,0,0.00,Performance Max,0.00%,0.00,0.00
service partners cerca de mi,Performance Max,None,PMAX cu remarketing, --,USD,0.00,0,1,0.00%,0,0.00,Performance Max,0.00%,0.00,0.00
decks and docks manassas,Performance Max,None,PMAX cu remarketing, --,USD,0.00,0,15,0.00%,0,0.00,Performance Max,0.00%,0.00,0.00
northern virginia deck & fence,Performance Max,None,PMAX cu remarketing, --,USD,0.00,0,1,0.00%,0,0.00,Performance Max,0.00%,0.00,0.00
gazebo on decks,Performance Max,None,PMAX cu remarketing, --,USD,0.00,0,2,0.00%,0,0.00,Performance Max,0.00%,0.00,0.00
deck with roof,Performance Max,None,PMAX cu remarketing, --,USD,0.00,0,1,0.00%,0,0.00,Performance Max,0.00%,0.00,0.00
deck ready,Performance Max,None,PMAX cu remarketing, --,USD,0.00,0,6,0.00%,0,0.00,Performance Max,0.00%,0.00,0.00
composite fences,Broad match,None,loudoun decks,Deck Builder - Brambleton,USD,0.00,0,1,0.00%,0,0.00,Search,0.00%,0.00,0.00
prb contracting,Broad match,None,loudoun decks,Deck Builder - Brambleton,USD,0.00,0,1,0.00%,0,0.00,Search,0.00%,0.00,0.00
woodscape construction,AI Max,None,loudoun decks,Deck Builder - Middleburg,USD,0.00,0,4,0.00%,0,0.00,Search,0.00%,0.00,0.00
clear polycarbonate patio cover,Broad match,None,loudoun decks,Deck Builder - Brambleton,USD,0.00,0,2,0.00%,0,0.00,Search,0.00%,0.00,0.00
noverra exteriors,Broad match,None,loudoun decks,Deck Builder - Brambleton,USD,0.00,0,1,0.00%,0,0.00,Search,0.00%,0.00,0.00
hitt contracting near me,AI Max,None,loudoun decks,Deck Builder - Aldie,USD,0.00,0,1,0.00%,0,0.00,Search,0.00%,0.00,0.00
rock spring contracting,AI Max,None,loudoun decks,Deck Builder - Lovettsville,USD,0.00,0,1,0.00%,0,0.00,Search,0.00%,0.00,0.00
american contractor,AI Max,None,loudoun decks,Deck Builder - Lovettsville,USD,0.00,0,1,0.00%,0,0.00,Search,0.00%,0.00,0.00
ecodecks,AI Max,None,loudoun decks,Deck Builder - Broadlands,USD,0.00,0,1,0.00%,0,0.00,Search,0.00%,0.00,0.00
stamped concrete patios near me,Performance Max,None,Pmax - Dec4, --,USD,0.00,0,1,0.00%,0,0.00,Performance Max,0.00%,0.00,0.00
loudoun landmarc,Performance Max,None,Pmax - Dec4, --,USD,0.00,0,1,0.00%,0,0.00,Performance Max,0.00%,0.00,0.00
loudoun decks,Performance Max,None,Pmax - Dec4, --,USD,0.00,0,1,0.00%,0,0.00,Performance Max,0.00%,0.00,0.00
deck repair and restoration,Exact match (close variant),None,Deck Repair - Loudoun County,Deck Repair - Loudoun County,USD,2554.07,1,2,50.00%,5.11,5.11,Search,0.00%,0.00,0.00
creative exteriors plus,AI Max,None,Deck Repair - Loudoun County,Deck Repair - Loudoun County,USD,0.00,0,2,0.00%,0,0.00,Search,0.00%,0.00,0.00
patio repair,AI Max,None,Deck Repair - Loudoun County,Deck Repair - Loudoun County,USD,0.00,0,2,0.00%,0,0.00,Search,0.00%,0.00,0.00
carpentry,AI Max,None,Deck Repair - Loudoun County,Deck Repair - Loudoun County,USD,0.00,0,1,0.00%,0,0.00,Search,0.00%,0.00,0.00
deck pagoda,AI Max,None,Deck Repair - Loudoun County,Deck Restoration - Refinishing,USD,2020.00,1,1,100.00%,2.02,2.02,Search,0.00%,0.00,0.00
landscapers woodbridge va,AI Max,None,Premium Composite Decks,Ad group 1,USD,0.00,0,1,0.00%,0,0.00,Search,0.00%,0.00,0.00
deck and docks,AI Max,None,Premium Composite Decks,Ad group 1,USD,0.00,0,2,0.00%,0,0.00,Search,0.00%,0.00,0.00
ipe wood,AI Max,None,Premium Composite Decks,Ad group 1,USD,0.00,0,4,0.00%,0,0.00,Search,0.00%,0.00,0.00
under deck drainage system installers near me,AI Max,None,Premium Composite Decks,Ad group 1,USD,0.00,0,1,0.00%,0,0.00,Search,0.00%,0.00,0.00
cost of stone patio,AI Max,None,Premium Composite Decks,Ad group 1,USD,0.00,0,1,0.00%,0,0.00,Search,0.00%,0.00,0.00
sun design clifton va,AI Max,None,Premium Composite Decks,Ad group 1,USD,0.00,0,1,0.00%,0,0.00,Search,0.00%,0.00,0.00
deck rite exterior vinyl floor,AI Max,None,Premium Composite Decks,Ad group 1,USD,0.00,0,1,0.00%,0,0.00,Search,0.00%,0.00,0.00
holloway patio,AI Max,None,Premium Composite Decks,Ad group 1,USD,0.00,0,2,0.00%,0,0.00,Search,0.00%,0.00,0.00
carpenter,AI Max,None,Premium Composite Decks,Ad group 1,USD,0.00,0,16,0.00%,0,0.00,Search,0.00%,0.00,0.00
trex deck,Phrase match (close variant),None,SRCH | Composite | 3 Counties | Calls,Composite Deck Cost,USD,0.00,0,5,0.00%,0,0.00,Search,0.00%,0.00,0.00
noble deck waterproofing membrane,AI Max,None,Fairfax-Search-Search - Deck Leads - VA - May 2025,Composite Decking,USD,0.00,0,1,0.00%,0,0.00,Search,0.00%,0.00,0.00
belgard dimensions 12,AI Max,None,Fairfax-Search-Search - Deck Leads - VA - May 2025,Deck + Patio / Outdoor Living,USD,0.00,0,1,0.00%,0,0.00,Search,0.00%,0.00,0.00
trex builders,Performance Max,None,PMAX cu remarketing, --,USD,0.00,0,1,0.00%,0,0.00,Performance Max,0.00%,0.00,0.00
how much does it cost to put a privacy fence up,Performance Max,None,PMAX cu remarketing, --,USD,0.00,0,1,0.00%,0,0.00,Performance Max,0.00%,0.00,0.00
barrons lumber,Performance Max,None,PMAX cu remarketing, --,USD,0.00,0,5,0.00%,0,0.00,Performance Max,0.00%,0.00,0.00
landscape near me,Performance Max,None,PMAX cu remarketing, --,USD,0.00,0,1,0.00%,0,0.00,Performance Max,0.00%,0.00,0.00
diy patio,Performance Max,None,PMAX cu remarketing, --,USD,0.00,0,1,0.00%,0,0.00,Performance Max,0.00%,0.00,0.00
deck construction,Performance Max,None,PMAX cu remarketing, --,USD,0.00,0,1,0.00%,0,0.00,Performance Max,0.00%,0.00,0.00
construction companies around me,Performance Max,None,PMAX cu remarketing, --,USD,1040.00,1,1,100.00%,1.04,1.04,Performance Max,0.00%,0.00,0.00
how much does a typical deck cost,Performance Max,None,PMAX cu remarketing, --,USD,0.00,0,1,0.00%,0,0.00,Performance Max,0.00%,0.00,0.00
capitol fence company,Performance Max,None,PMAX cu remarketing, --,USD,0.00,0,1,0.00%,0,0.00,Performance Max,0.00%,0.00,0.00
pressure washing reston,Performance Max,None,PMAX cu remarketing, --,USD,0.00,0,1,0.00%,0,0.00,Performance Max,0.00%,0.00,0.00
deck vs pergola,Performance Max,None,PMAX cu remarketing, --,USD,0.00,0,1,0.00%,0,0.00,Performance Max,0.00%,0.00,0.00
in ground deck ideas,Performance Max,None,PMAX cu remarketing, --,USD,0.00,0,1,0.00%,0,0.00,Performance Max,0.00%,0.00,0.00
fencing winchester,Performance Max,None,PMAX cu remarketing, --,USD,0.00,0,2,0.00%,0,0.00,Performance Max,0.00%,0.00,0.00
ladder fence,Performance Max,None,PMAX cu remarketing, --,USD,0.00,0,1,0.00%,0,0.00,Performance Max,0.00%,0.00,0.00
flooring deck,Performance Max,None,PMAX cu remarketing, --,USD,0.00,0,1,0.00%,0,0.00,Performance Max,0.00%,0.00,0.00
potomac fence,Performance Max,None,PMAX cu remarketing, --,USD,0.00,0,3,0.00%,0,0.00,Performance Max,0.00%,0.00,0.00
dmv construction,AI Max,None,loudoun decks,Deck Builder - Arcola,USD,0.00,0,1,0.00%,0,0.00,Search,0.00%,0.00,0.00
haijoe,AI Max,None,loudoun decks,Deck Builder - South Riding,USD,0.00,0,1,0.00%,0,0.00,Search,0.00%,0.00,0.00
a patio,Broad match,None,loudoun decks,Deck Builder - Brambleton,USD,0.00,0,1,0.00%,0,0.00,Search,0.00%,0.00,0.00
trex transcend deck,Phrase match (close variant),None,loudoun decks,Deck Builder - Brambleton,USD,0.00,0,1,0.00%,0,0.00,Search,0.00%,0.00,0.00
deck man dc,AI Max,None,loudoun decks,Deck Builder - Middleburg,USD,0.00,0,1,0.00%,0,0.00,Search,0.00%,0.00,0.00
veranda,Broad match,None,loudoun decks,Deck Builder - Brambleton,USD,0.00,0,3,0.00%,0,0.00,Search,0.00%,0.00,0.00
deckstar llc,Broad match,None,loudoun decks,Deck Builder - Brambleton,USD,0.00,0,3,0.00%,0,0.00,Search,0.00%,0.00,0.00
deck builder,Broad match,None,loudoun decks,Deck Builder - Brambleton,USD,0.00,0,1,0.00%,0,0.00,Search,0.00%,0.00,0.00
decked out construction,Performance Max,None,Pmax - Dec4, --,USD,0.00,0,1,0.00%,0,0.00,Performance Max,0.00%,0.00,0.00
replacing broken deck boards,Performance Max,None,Pmax - Dec4, --,USD,0.00,0,1,0.00%,0,0.00,Performance Max,0.00%,0.00,0.00
jc fence company,Performance Max,None,Pmax - Dec4, --,USD,0.00,0,1,0.00%,0,0.00,Performance Max,0.00%,0.00,0.00
deck over paver patio,AI Max,None,Deck Repair - Loudoun County,Deck Repair - Loudoun County,USD,0.00,0,1,0.00%,0,0.00,Search,0.00%,0.00,0.00
water proofing for roof deck,AI Max,None,Deck Repair - Loudoun County,Deck Repair - Loudoun County,USD,0.00,0,2,0.00%,0,0.00,Search,0.00%,0.00,0.00
building construction near me,AI Max,None,Deck Repair - Loudoun County,Deck Replacement,USD,0.00,0,1,0.00%,0,0.00,Search,0.00%,0.00,0.00
wood repair near me,Broad match,None,Deck Repair - Loudoun County,Deck Renovation,USD,0.00,0,1,0.00%,0,0.00,Search,0.00%,0.00,0.00
cutting deck stringers,AI Max,None,Deck Repair - Loudoun County,Deck Repair - Loudoun County,USD,0.00,0,1,0.00%,0,0.00,Search,0.00%,0.00,0.00
deck medic,AI Max,None,Deck Repair - Loudoun County,Deck Repair - Loudoun County,USD,0.00,0,1,0.00%,0,0.00,Search,0.00%,0.00,0.00
composite decking brands,AI Max,None,Premium Composite Decks,Ad group 1,USD,2460.00,2,2,100.00%,2.46,4.92,Search,0.00%,0.00,0.00
how to waterproof a deck over living space,AI Max,None,Premium Composite Decks,Ad group 1,USD,0.00,0,1,0.00%,0,0.00,Search,0.00%,0.00,0.00
design pro remodeling reviews,AI Max,None,Premium Composite Decks,Ad group 1,USD,0.00,0,1,0.00%,0,0.00,Search,0.00%,0.00,0.00
building supply manassas va,AI Max,None,Premium Composite Decks,Ad group 1,USD,0.00,0,2,0.00%,0,0.00,Search,0.00%,0.00,0.00
cedar,AI Max,None,Premium Composite Decks,Ad group 1,USD,0.00,0,2,0.00%,0,0.00,Search,0.00%,0.00,0.00
deck tech,AI Max,None,Premium Composite Decks,Ad group 1,USD,0.00,0,2,0.00%,0,0.00,Search,0.00%,0.00,0.00
white oak deck boards,AI Max,None,Premium Composite Decks,Ad group 1,USD,0.00,0,1,0.00%,0,0.00,Search,0.00%,0.00,0.00
ade construction,AI Max,None,Premium Composite Decks,Ad group 1,USD,0.00,0,1,0.00%,0,0.00,Search,0.00%,0.00,0.00
composite deck material,AI Max,None,Premium Composite Decks,Ad group 1,USD,0.00,0,1,0.00%,0,0.00,Search,0.00%,0.00,0.00
making a front porch,AI Max,None,Premium Composite Decks,Ad group 1,USD,0.00,0,1,0.00%,0,0.00,Search,0.00%,0.00,0.00
deck and patio builders near me,AI Max,None,Premium Composite Decks,Ad group 1,USD,0.00,0,1,0.00%,0,0.00,Search,0.00%,0.00,0.00
carpentry near me near me,AI Max,None,Fairfax-Search-Search - Deck Leads - VA - May 2025,Deck Builders Near Me,USD,0.00,0,1,0.00%,0,0.00,Search,0.00%,0.00,0.00
townhouse backyard makeover,AI Max,None,Fairfax-Search-Search - Deck Leads - VA - May 2025,Deck Builders Near Me,USD,0.00,0,1,0.00%,0,0.00,Search,0.00%,0.00,0.00
trex deck,AI Max,None,Fairfax-Search-Search - Deck Leads - VA - May 2025,Deck + Patio / Outdoor Living,USD,0.00,0,1,0.00%,0,0.00,Search,0.00%,0.00,0.00
wrap around deck,AI Max,None,Fairfax-Search-Search - Deck Leads - VA - May 2025,Composite Decking,USD,0.00,0,1,0.00%,0,0.00,Search,0.00%,0.00,0.00
resurface deck,AI Max,None,Fairfax-Search-Search - Deck Leads - VA - May 2025,Deck Repair & Refinishing,USD,0.00,0,2,0.00%,0,0.00,Search,0.00%,0.00,0.00
sunburst decks,Phrase match (close variant),None,SRCH | Replacement + Resurfacing | 3 Counties | Calls,Deck Replacement,USD,40200.00,1,1,100.00%,40.20,40.20,Search,0.00%,0.00,0.00
how to install a fence,Performance Max,None,PMAX cu remarketing, --,USD,0.00,0,2,0.00%,0,0.00,Performance Max,0.00%,0.00,0.00
sundeck,Performance Max,None,PMAX cu remarketing, --,USD,0.00,0,2,0.00%,0,0.00,Performance Max,0.00%,0.00,0.00
framing a deck,Performance Max,None,PMAX cu remarketing, --,USD,0.00,0,1,0.00%,0,0.00,Performance Max,0.00%,0.00,0.00
deck inspection near me,Performance Max,None,PMAX cu remarketing, --,USD,0.00,0,1,0.00%,0,0.00,Performance Max,0.00%,0.00,0.00
screen porch screen repair,Performance Max,None,PMAX cu remarketing, --,USD,0.00,0,2,0.00%,0,0.00,Performance Max,0.00%,0.00,0.00
how to build a deck high off the ground,Performance Max,None,PMAX cu remarketing, --,USD,0.00,0,1,0.00%,0,0.00,Performance Max,0.00%,0.00,0.00
how to repair rotted deck joist,Performance Max,None,PMAX cu remarketing, --,USD,0.00,0,4,0.00%,0,0.00,Performance Max,0.00%,0.00,0.00
estimate deck cost,Performance Max,None,PMAX cu remarketing, --,USD,0.00,0,1,0.00%,0,0.00,Performance Max,0.00%,0.00,0.00
como hacer decks de madera,Performance Max,None,PMAX cu remarketing, --,USD,0.00,0,1,0.00%,0,0.00,Performance Max,0.00%,0.00,0.00
porch railing,Performance Max,None,PMAX cu remarketing, --,USD,0.00,0,1,0.00%,0,0.00,Performance Max,0.00%,0.00,0.00
power washing washington dc,Performance Max,None,PMAX cu remarketing, --,USD,0.00,0,1,0.00%,0,0.00,Performance Max,0.00%,0.00,0.00
luxxdeck,Performance Max,None,PMAX cu remarketing, --,USD,0.00,0,1,0.00%,0,0.00,Performance Max,0.00%,0.00,0.00
freedom fence and deck,Performance Max,None,PMAX cu remarketing, --,USD,0.00,0,1,0.00%,0,0.00,Performance Max,0.00%,0.00,0.00
campbell and ferrara,Performance Max,None,PMAX cu remarketing, --,USD,0.00,0,1,0.00%,0,0.00,Performance Max,0.00%,0.00,0.00
84 lumber fredericksburg virginia,Performance Max,None,PMAX cu remarketing, --,USD,0.00,0,1,0.00%,0,0.00,Performance Max,0.00%,0.00,0.00
deck impact,AI Max,None,loudoun decks,Deck Builder - Middleburg,USD,0.00,0,1,0.00%,0,0.00,Search,0.00%,0.00,0.00
american property construction,Broad match,None,loudoun decks,Deck Builder - Brambleton,USD,0.00,0,1,0.00%,0,0.00,Search,0.00%,0.00,0.00
deck framing,AI Max,None,loudoun decks,Deck Builder - Hamilton,USD,0.00,0,1,0.00%,0,0.00,Search,0.00%,0.00,0.00
offenbachers near me,Broad match,None,loudoun decks,Deck Builder - Brambleton,USD,0.00,0,2,0.00%,0,0.00,Search,0.00%,0.00,0.00
pergula,AI Max,None,loudoun decks,Deck Builder - Middleburg,USD,0.00,0,1,0.00%,0,0.00,Search,0.00%,0.00,0.00
patio design,AI Max,None,loudoun decks,Deck Builder - Hamilton,USD,0.00,0,1,0.00%,0,0.00,Search,0.00%,0.00,0.00
four seasons outdoor living,Broad match,None,loudoun decks,Deck Builder - Brambleton,USD,0.00,0,1,0.00%,0,0.00,Search,0.00%,0.00,0.00
pw perry,AI Max,None,loudoun decks,Loudoun Decks,USD,0.00,0,1,0.00%,0,0.00,Search,0.00%,0.00,0.00
masonry contractor near me,AI Max,None,loudoun decks,Deck Builder - Lovettsville,USD,0.00,0,1,0.00%,0,0.00,Search,0.00%,0.00,0.00
deckorators summit boulder,AI Max,None,loudoun decks,Deck Builder - South Riding,USD,0.00,0,1,0.00%,0,0.00,Search,0.00%,0.00,0.00
custom home builders near me,AI Max,None,loudoun decks,Deck Builder - Middleburg,USD,0.00,0,1,0.00%,0,0.00,Search,0.00%,0.00,0.00
loudoun deck and fence,Performance Max,None,Pmax - Dec4, --,USD,1506.06,7,41,17.07%,8.82,61.75,Performance Max,14.29%,1.00,61.75
pergola builders near me,Performance Max,None,Pmax - Dec4, --,USD,4740.00,1,1,100.00%,4.74,4.74,Performance Max,0.00%,0.00,0.00
deckscapes of virginia,Performance Max,None,Pmax - Dec4, --,USD,0.00,0,7,0.00%,0,0.00,Performance Max,0.00%,0.00,0.00
long deck,AI Max,None,Deck Repair - Loudoun County,Deck Renovation,USD,0.00,0,1,0.00%,0,0.00,Search,0.00%,0.00,0.00
five star contracting,AI Max,None,Deck Repair - Loudoun County,Deck Restoration - Refinishing,USD,0.00,0,1,0.00%,0,0.00,Search,0.00%,0.00,0.00
ldn decks,AI Max,None,Deck Repair - Loudoun County,Deck Repair - Loudoun County,USD,5913.36,3,5,60.00%,9.86,29.57,Search,0.00%,0.00,0.00
decks,AI Max,None,Deck Repair - Loudoun County,Composite - Trex Repair,USD,0.00,0,2,0.00%,0,0.00,Search,0.00%,0.00,0.00
holloway decks,Broad match,None,Deck Repair - Loudoun County,Deck Renovation,USD,0.00,0,1,0.00%,0,0.00,Search,0.00%,0.00,0.00
composite decking,AI Max,None,Deck Repair - Loudoun County,Composite - Trex Repair,USD,0.00,0,1,0.00%,0,0.00,Search,0.00%,0.00,0.00
loudoun county deck,AI Max,None,Deck Repair - Loudoun County,Composite - Trex Repair,USD,0.00,0,1,0.00%,0,0.00,Search,0.00%,0.00,0.00
under deck drainage,AI Max,None,Deck Repair - Loudoun County,Deck Repair - Loudoun County,USD,0.00,0,1,0.00%,0,0.00,Search,0.00%,0.00,0.00
deck boards bark side up or down,AI Max,None,Deck Repair - Loudoun County,Deck Repair - Loudoun County,USD,0.00,0,1,0.00%,0,0.00,Search,0.00%,0.00,0.00
drd studio,AI Max,None,Premium Composite Decks,Ad group 1,USD,0.00,0,1,0.00%,0,0.00,Search,0.00%,0.00,0.00
how to make patio flooring,AI Max,None,Premium Composite Decks,Ad group 1,USD,0.00,0,1,0.00%,0,0.00,Search,0.00%,0.00,0.00
deck innovations,AI Max,None,Premium Composite Decks,Ad group 1,USD,0.00,0,2,0.00%,0,0.00,Search,0.00%,0.00,0.00
detop services,AI Max,None,Premium Composite Decks,Ad group 1,USD,0.00,0,1,0.00%,0,0.00,Search,0.00%,0.00,0.00
timbertech impression rail express installation,AI Max,None,Premium Composite Decks,Ad group 1,USD,0.00,0,1,0.00%,0,0.00,Search,0.00%,0.00,0.00
what are the parts of a deck called,AI Max,None,Premium Composite Decks,Ad group 1,USD,0.00,0,1,0.00%,0,0.00,Search,0.00%,0.00,0.00
pressure cleaning company near me,AI Max,None,Premium Composite Decks,Ad group 1,USD,5240.00,1,1,100.00%,5.24,5.24,Search,0.00%,0.00,0.00
cumaru decking,AI Max,None,Premium Composite Decks,Ad group 1,USD,0.00,0,2,0.00%,0,0.00,Search,0.00%,0.00,0.00
cost of new trex deck,Exact match (close variant),None,SRCH | Composite | 3 Counties | Calls,Composite Deck Cost,USD,0.00,0,1,0.00%,0,0.00,Search,0.00%,0.00,0.00
moisture shield elevate decking,Phrase match (close variant),None,SRCH | Composite | 3 Counties | Calls,Composite Deck Cost,USD,0.00,0,1,0.00%,0,0.00,Search,0.00%,0.00,0.00
zuri decking,AI Max,None,Fairfax-Search-Search - Deck Leads - VA - May 2025,Deck + Patio / Outdoor Living,USD,0.00,0,1,0.00%,0,0.00,Search,0.00%,0.00,0.00
fiberon decking dealers near me,AI Max,None,Fairfax-Search-Search - Deck Leads - VA - May 2025,Composite Decking,USD,0.00,0,1,0.00%,0,0.00,Search,0.00%,0.00,0.00
replacing deck flooring,Exact match (close variant),None,Fairfax-Search-Search - Deck Leads - VA - May 2025,Deck Builders Near Me,USD,0.00,0,2,0.00%,0,0.00,Search,0.00%,0.00,0.00
deck,AI Max,None,Fairfax-Search-Search - Deck Leads - VA - May 2025,Composite Decking,USD,0.00,0,4,0.00%,0,0.00,Search,0.00%,0.00,0.00
virginia awnings,AI Max,None,Fairfax-Search-Search - Deck Leads - VA - May 2025,Deck + Patio / Outdoor Living,USD,0.00,0,1,0.00%,0,0.00,Search,0.00%,0.00,0.00
outdoor decks,AI Max,None,Fairfax-Search-Search - Deck Leads - VA - May 2025,Deck Builders Near Me,USD,0.00,0,1,0.00%,0,0.00,Search,0.00%,0.00,0.00
do it yourself deck,Performance Max,None,PMAX cu remarketing, --,USD,0.00,0,1,0.00%,0,0.00,Performance Max,0.00%,0.00,0.00
how to clean wood deck,Performance Max,None,PMAX cu remarketing, --,USD,0.00,0,1,0.00%,0,0.00,Performance Max,0.00%,0.00,0.00
virginia contractor supply,Performance Max,None,PMAX cu remarketing, --,USD,0.00,0,6,0.00%,0,0.00,Performance Max,0.00%,0.00,0.00
pavers installation near me,Performance Max,None,PMAX cu remarketing, --,USD,0.00,0,1,0.00%,0,0.00,Performance Max,0.00%,0.00,0.00
deck decorating ideas,Performance Max,None,PMAX cu remarketing, --,USD,0.00,0,1,0.00%,0,0.00,Performance Max,0.00%,0.00,0.00
fairfax county deck permit requirements,Performance Max,None,PMAX cu remarketing, --,USD,0.00,0,1,0.00%,0,0.00,Performance Max,0.00%,0.00,0.00
84 lumber alexandria va,Performance Max,None,PMAX cu remarketing, --,USD,573.33,1,3,33.33%,1.72,1.72,Performance Max,0.00%,0.00,0.00
culpepper lumber,Performance Max,None,PMAX cu remarketing, --,USD,0.00,0,1,0.00%,0,0.00,Performance Max,0.00%,0.00,0.00
sun porch,Performance Max,None,PMAX cu remarketing, --,USD,0.00,0,1,0.00%,0,0.00,Performance Max,0.00%,0.00,0.00
hoa laws in virginia,Performance Max,None,PMAX cu remarketing, --,USD,0.00,0,1,0.00%,0,0.00,Performance Max,0.00%,0.00,0.00
picture framing deck boards,Performance Max,None,PMAX cu remarketing, --,USD,0.00,0,1,0.00%,0,0.00,Performance Max,0.00%,0.00,0.00
timbertech dealers near me,Performance Max,None,PMAX cu remarketing, --,USD,0.00,0,1,0.00%,0,0.00,Performance Max,0.00%,0.00,0.00
craig sundecks and porches reviews,Performance Max,None,PMAX cu remarketing, --,USD,0.00,0,1,0.00%,0,0.00,Performance Max,0.00%,0.00,0.00
dcpatio,Performance Max,None,PMAX cu remarketing, --,USD,0.00,0,1,0.00%,0,0.00,Performance Max,0.00%,0.00,0.00
deck builders,Exact match (close variant),None,loudoun decks,Deck Builder - Aldie,USD,0.00,0,1,0.00%,0,0.00,Search,0.00%,0.00,0.00
timber tech prime,AI Max,None,loudoun decks,Deck Builder - Aldie,USD,0.00,0,1,0.00%,0,0.00,Search,0.00%,0.00,0.00
fa outdoor spaces,AI Max,None,loudoun decks,Deck Builder - Leesburg,USD,0.00,0,2,0.00%,0,0.00,Search,0.00%,0.00,0.00
wooden patio,AI Max,None,loudoun decks,Deck Builder - Leesburg,USD,0.00,0,1,0.00%,0,0.00,Search,0.00%,0.00,0.00
american deck & patio,Broad match,None,loudoun decks,Deck Builder - Brambleton,USD,0.00,0,1,0.00%,0,0.00,Search,0.00%,0.00,0.00
sunburst construction,AI Max,None,loudoun decks,Deck Builder - Purcellville,USD,0.00,0,1,0.00%,0,0.00,Search,0.00%,0.00,0.00
fotos de porches modernos,Broad match,None,loudoun decks,Deck Builder - Brambleton,USD,0.00,0,1,0.00%,0,0.00,Search,0.00%,0.00,0.00
mbrico tile,AI Max,None,loudoun decks,Deck Builder - Hamilton,USD,0.00,0,1,0.00%,0,0.00,Search,0.00%,0.00,0.00
paver patios,Broad match,None,loudoun decks,Deck Builder - Brambleton,USD,0.00,0,1,0.00%,0,0.00,Search,0.00%,0.00,0.00
decks direct,AI Max,None,loudoun decks,Deck Builder - Aldie,USD,0.00,0,1,0.00%,0,0.00,Search,0.00%,0.00,0.00
decks,AI Max,None,loudoun decks,Deck Builder - Middleburg,USD,0.00,0,3,0.00%,0,0.00,Search,0.00%,0.00,0.00
timbertech composite railing,Performance Max,None,Pmax - Dec4, --,USD,0.00,0,1,0.00%,0,0.00,Performance Max,0.00%,0.00,0.00
new deck,Performance Max,None,Pmax - Dec4, --,USD,0.00,0,2,0.00%,0,0.00,Performance Max,0.00%,0.00,0.00
pergola near me,Performance Max,None,Pmax - Dec4, --,USD,0.00,0,1,0.00%,0,0.00,Performance Max,0.00%,0.00,0.00
the deck guy,AI Max,None,Deck Repair - Loudoun County,Deck Repair - Loudoun County,USD,0.00,0,1,0.00%,0,0.00,Search,0.00%,0.00,0.00
home builder near me,AI Max,None,Premium Composite Decks,Ad group 1,USD,0.00,0,1,0.00%,0,0.00,Search,0.00%,0.00,0.00
enhance basics,AI Max,None,Premium Composite Decks,Ad group 1,USD,0.00,0,1,0.00%,0,0.00,Search,0.00%,0.00,0.00
renovation companies near me,AI Max,None,Premium Composite Decks,Ad group 1,USD,0.00,0,1,0.00%,0,0.00,Search,0.00%,0.00,0.00
composite trex decking,AI Max,None,Premium Composite Decks,Ad group 1,USD,0.00,0,2,0.00%,0,0.00,Search,0.00%,0.00,0.00
trex toasted sand,AI Max,None,Premium Composite Decks,Ad group 1,USD,0.00,0,2,0.00%,0,0.00,Search,0.00%,0.00,0.00
washington dc contractors,AI Max,None,Premium Composite Decks,Ad group 1,USD,0.00,0,2,0.00%,0,0.00,Search,0.00%,0.00,0.00
how to price decks,AI Max,None,Premium Composite Decks,Ad group 1,USD,0.00,0,1,0.00%,0,0.00,Search,0.00%,0.00,0.00
american custom hardscapes inc,AI Max,None,Premium Composite Decks,Ad group 1,USD,0.00,0,1,0.00%,0,0.00,Search,0.00%,0.00,0.00
handyman centreville va,AI Max,None,Premium Composite Decks,Ad group 1,USD,0.00,0,1,0.00%,0,0.00,Search,0.00%,0.00,0.00
loudoun lumber,AI Max,None,Premium Composite Decks,Ad group 1,USD,0.00,0,1,0.00%,0,0.00,Search,0.00%,0.00,0.00
lumber supply near me,AI Max,None,Premium Composite Decks,Ad group 1,USD,0.00,0,4,0.00%,0,0.00,Search,0.00%,0.00,0.00
decking companies,Exact match (close variant),None,Premium Composite Decks,Ad group 1,USD,356.67,1,6,16.67%,2.14,2.14,Search,0.00%,0.00,0.00
home deck builders,Exact match (close variant),None,Premium Composite Decks,Ad group 1,USD,0.00,0,3,0.00%,0,0.00,Search,0.00%,0.00,0.00
how to level deck joists,AI Max,None,Premium Composite Decks,Ad group 1,USD,0.00,0,1,0.00%,0,0.00,Search,0.00%,0.00,0.00
cocktail rail,AI Max,None,Premium Composite Decks,Ad group 1,USD,0.00,0,1,0.00%,0,0.00,Search,0.00%,0.00,0.00
trex select saddle,AI Max,None,Premium Composite Decks,Ad group 1,USD,0.00,0,1,0.00%,0,0.00,Search,0.00%,0.00,0.00
deck inspections near me,AI Max,None,Premium Composite Decks,Ad group 1,USD,0.00,0,1,0.00%,0,0.00,Search,0.00%,0.00,0.00
average cost for a composite deck,Phrase match (close variant),None,SRCH | Composite | 3 Counties | Calls,Composite Deck Builder,USD,0.00,0,1,0.00%,0,0.00,Search,0.00%,0.00,0.00
zip up under decking,AI Max,None,Fairfax-Search-Search - Deck Leads - VA - May 2025,Deck + Patio / Outdoor Living,USD,0.00,0,1,0.00%,0,0.00,Search,0.00%,0.00,0.00
decking companies,Exact match (close variant),None,Fairfax-Search-Search - Deck Leads - VA - May 2025,Deck + Patio / Outdoor Living,USD,773.97,1,3,33.33%,2.32,2.32,Search,0.00%,0.00,0.00
timbertech coastline,AI Max,None,Premium Composite Decks,Ad group 1,USD,0.00,0,1,0.00%,0,0.00,Search,0.00%,0.00,0.00
northern virginia landscape,AI Max,None,Premium Composite Decks,Ad group 1,USD,0.00,0,1,0.00%,0,0.00,Search,0.00%,0.00,0.00
expert exteriors llc,AI Max,None,Premium Composite Decks,Ad group 1,USD,0.00,0,1,0.00%,0,0.00,Search,0.00%,0.00,0.00
exterior design inc,AI Max,None,Premium Composite Decks,Ad group 1,USD,0.00,0,1,0.00%,0,0.00,Search,0.00%,0.00,0.00
contractor in virginia,AI Max,None,Premium Composite Decks,Ad group 1,USD,0.00,0,1,0.00%,0,0.00,Search,0.00%,0.00,0.00
sun decks,AI Max,None,Premium Composite Decks,Ad group 1,USD,0.00,0,6,0.00%,0,0.00,Search,0.00%,0.00,0.00
endeck pvc decking,AI Max,None,Premium Composite Decks,Ad group 1,USD,0.00,0,1,0.00%,0,0.00,Search,0.00%,0.00,0.00
deck doctors,AI Max,None,Premium Composite Decks,Ad group 1,USD,0.00,0,1,0.00%,0,0.00,Search,0.00%,0.00,0.00
deck and dock,AI Max,None,Premium Composite Decks,Ad group 1,USD,0.00,0,1,0.00%,0,0.00,Search,0.00%,0.00,0.00
gazebo installation near me,AI Max,None,Premium Composite Decks,Ad group 1,USD,0.00,0,1,0.00%,0,0.00,Search,0.00%,0.00,0.00
install trex decking with clips,AI Max,None,Premium Composite Decks,Ad group 1,USD,0.00,0,1,0.00%,0,0.00,Search,0.00%,0.00,0.00
side porch,AI Max,None,Premium Composite Decks,Ad group 1,USD,0.00,0,1,0.00%,0,0.00,Search,0.00%,0.00,0.00
trex boards cost,AI Max,None,Premium Composite Decks,Ad group 1,USD,0.00,0,1,0.00%,0,0.00,Search,0.00%,0.00,0.00
how to rebuild deck,AI Max,None,Premium Composite Decks,Ad group 1,USD,0.00,0,1,0.00%,0,0.00,Search,0.00%,0.00,0.00
trex decking 12 foot,AI Max,None,Premium Composite Decks,Ad group 1,USD,0.00,0,1,0.00%,0,0.00,Search,0.00%,0.00,0.00
front porches ideas,AI Max,None,Premium Composite Decks,Ad group 1,USD,411.90,3,5,60.00%,0.69,2.06,Search,0.00%,0.00,0.00
screened in porch ideas,Performance Max,None,PMAX cu remarketing, --,USD,0.00,0,3,0.00%,0,0.00,Performance Max,0.00%,0.00,0.00
custom lumber near me,Performance Max,None,PMAX cu remarketing, --,USD,0.00,0,1,0.00%,0,0.00,Performance Max,0.00%,0.00,0.00
alside lorton,Performance Max,None,PMAX cu remarketing, --,USD,0.00,0,2,0.00%,0,0.00,Performance Max,0.00%,0.00,0.00
trex dealers near me,Performance Max,None,PMAX cu remarketing, --,USD,0.00,0,2,0.00%,0,0.00,Performance Max,0.00%,0.00,0.00
fence,Performance Max,None,PMAX cu remarketing, --,USD,0.00,0,5,0.00%,0,0.00,Performance Max,0.00%,0.00,0.00
ramadas para casa,Performance Max,None,PMAX cu remarketing, --,USD,0.00,0,1,0.00%,0,0.00,Performance Max,0.00%,0.00,0.00
deck with stairs,Performance Max,None,PMAX cu remarketing, --,USD,0.00,0,1,0.00%,0,0.00,Performance Max,0.00%,0.00,0.00
townhouse deck privacy ideas,Performance Max,None,PMAX cu remarketing, --,USD,0.00,0,2,0.00%,0,0.00,Performance Max,0.00%,0.00,0.00
stain a deck with roller,Performance Max,None,PMAX cu remarketing, --,USD,0.00,0,1,0.00%,0,0.00,Performance Max,0.00%,0.00,0.00
how to replace deck boards on an existing deck,Performance Max,None,PMAX cu remarketing, --,USD,0.00,0,4,0.00%,0,0.00,Performance Max,0.00%,0.00,0.00
loudoun valley floors,Performance Max,None,PMAX cu remarketing, --,USD,0.00,0,5,0.00%,0,0.00,Performance Max,0.00%,0.00,0.00
clean patio furniture,Performance Max,None,PMAX cu remarketing, --,USD,0.00,0,1,0.00%,0,0.00,Performance Max,0.00%,0.00,0.00
composite decking clips,Performance Max,None,PMAX cu remarketing, --,USD,0.00,0,1,0.00%,0,0.00,Performance Max,0.00%,0.00,0.00
patio cleaning,Performance Max,None,PMAX cu remarketing, --,USD,0.00,0,2,0.00%,0,0.00,Performance Max,0.00%,0.00,0.00
how to build backyard deck,Performance Max,None,PMAX cu remarketing, --,USD,0.00,0,1,0.00%,0,0.00,Performance Max,0.00%,0.00,0.00
building a deck with trex,Performance Max,None,PMAX cu remarketing, --,USD,0.00,0,1,0.00%,0,0.00,Performance Max,0.00%,0.00,0.00
deck installation cost,Performance Max,None,PMAX cu remarketing, --,USD,0.00,0,1,0.00%,0,0.00,Performance Max,0.00%,0.00,0.00
trex transcend island mist,Phrase match (close variant),None,loudoun decks,Deck Builder - Brambleton,USD,0.00,0,2,0.00%,0,0.00,Search,0.00%,0.00,0.00
design a floating deck,AI Max,None,loudoun decks,Deck Builder - Broadlands,USD,0.00,0,1,0.00%,0,0.00,Search,0.00%,0.00,0.00
deck near me,Exact match (close variant),None,loudoun decks,Deck Builder - Middleburg,USD,0.00,0,1,0.00%,0,0.00,Search,0.00%,0.00,0.00
solid surface deck,AI Max,None,loudoun decks,Deck Builder - Lansdowne,USD,0.00,0,1,0.00%,0,0.00,Search,0.00%,0.00,0.00
patio cover showrooms near me,AI Max,None,loudoun decks,Deck Builder - Lovettsville,USD,0.00,0,1,0.00%,0,0.00,Search,0.00%,0.00,0.00
deck stores near me,AI Max,None,loudoun decks,Deck Builder - Aldie,USD,2050.00,1,1,100.00%,2.05,2.05,Search,0.00%,0.00,0.00
deck painters near me,AI Max,None,loudoun decks,Deck Builder - South Riding,USD,0.00,0,1,0.00%,0,0.00,Search,0.00%,0.00,0.00
trex company,AI Max,None,loudoun decks,Deck Builder - Hamilton,USD,2455.00,1,2,50.00%,4.91,4.91,Search,0.00%,0.00,0.00
portico construction near me,AI Max,None,loudoun decks,Loudoun Decks,USD,11190.00,1,1,100.00%,11.19,11.19,Search,0.00%,0.00,0.00
trex transcend tiki torch,Broad match,None,loudoun decks,Deck Builder - Brambleton,USD,0.00,0,1,0.00%,0,0.00,Search,0.00%,0.00,0.00
deck patio,Phrase match (close variant),None,loudoun decks,Deck Builder - Brambleton,USD,0.00,0,1,0.00%,0,0.00,Search,0.00%,0.00,0.00
brynwood builders,Performance Max,None,Pmax - Dec4, --,USD,15634.22,1,1,100.00%,15.63,15.63,Performance Max,0.00%,0.00,0.00
trex decking,Performance Max,None,Pmax - Dec4, --,USD,0.00,0,2,0.00%,0,0.00,Performance Max,0.00%,0.00,0.00
fencing near me,Performance Max,None,Pmax - Dec4, --,USD,0.00,0,5,0.00%,0,0.00,Performance Max,0.00%,0.00,0.00
deck reface,Exact match (close variant),None,Deck Repair - Loudoun County,Deck Repair - Loudoun County,USD,0.00,0,1,0.00%,0,0.00,Search,0.00%,0.00,0.00
trex,AI Max,None,Deck Repair - Loudoun County,Composite - Trex Repair,USD,0.00,0,6,0.00%,0,0.00,Search,0.00%,0.00,0.00
decks and patios,AI Max,None,Deck Repair - Loudoun County,Deck Replacement,USD,0.00,0,1,0.00%,0,0.00,Search,0.00%,0.00,0.00
deckorators decking review,AI Max,None,Deck Repair - Loudoun County,Deck Restoration - Refinishing,USD,0.00,0,1,0.00%,0,0.00,Search,0.00%,0.00,0.00
replacing wood deck boards with composite,AI Max,None,Deck Repair - Loudoun County,Deck Repair - Loudoun County,USD,0.00,0,1,0.00%,0,0.00,Search,0.00%,0.00,0.00
trex decking,Phrase match (close variant),None,SRCH | Composite | 3 Counties | Calls,Composite Deck Cost,USD,512.92,2,24,8.33%,6.16,12.31,Search,0.00%,0.00,0.00
concrete stamped patio near me,AI Max,None,Fairfax-Search-Search - Deck Leads - VA - May 2025,Deck + Patio / Outdoor Living,USD,0.00,0,1,0.00%,0,0.00,Search,0.00%,0.00,0.00
deck builder,Exact match (close variant),None,Fairfax-Search-Search - Deck Leads - VA - May 2025,Deck Builders Near Me,USD,0.00,0,1,0.00%,0,0.00,Search,0.00%,0.00,0.00
deck posts installation,AI Max,None,Fairfax-Search-Search - Deck Leads - VA - May 2025,Deck Builders Near Me,USD,0.00,0,1,0.00%,0,0.00,Search,0.00%,0.00,0.00
resurface deck,Exact match (close variant),None,SRCH | Replacement + Resurfacing | 3 Counties | Calls,Deck Resurfacing,USD,0.00,0,2,0.00%,0,0.00,Search,0.00%,0.00,0.00
wood vs composite deck,Performance Max,None,PMAX cu remarketing, --,USD,0.00,0,1,0.00%,0,0.00,Performance Max,0.00%,0.00,0.00
loudon lumber,Performance Max,None,PMAX cu remarketing, --,USD,0.00,0,2,0.00%,0,0.00,Performance Max,0.00%,0.00,0.00
trex decking cost,Performance Max,None,PMAX cu remarketing, --,USD,0.00,0,1,0.00%,0,0.00,Performance Max,0.00%,0.00,0.00
power washing company,Performance Max,None,PMAX cu remarketing, --,USD,0.00,0,2,0.00%,0,0.00,Performance Max,0.00%,0.00,0.00
sundecks inc,Performance Max,None,PMAX cu remarketing, --,USD,413.85,1,13,7.69%,5.38,5.38,Performance Max,0.00%,0.00,0.00
the deck hands,Performance Max,None,PMAX cu remarketing, --,USD,0.00,0,1,0.00%,0,0.00,Performance Max,0.00%,0.00,0.00
stone backyard patio,Performance Max,None,PMAX cu remarketing, --,USD,0.00,0,1,0.00%,0,0.00,Performance Max,0.00%,0.00,0.00
carpentry work washington dc,Performance Max,None,PMAX cu remarketing, --,USD,0.00,0,1,0.00%,0,0.00,Performance Max,0.00%,0.00,0.00
nova decks and exteriors,Performance Max,None,PMAX cu remarketing, --,USD,0.00,0,3,0.00%,0,0.00,Performance Max,0.00%,0.00,0.00
deckscapes of virginia,Performance Max,None,PMAX cu remarketing, --,USD,94.60,1,50,2.00%,4.73,4.73,Performance Max,0.00%,0.00,0.00
converting wood deck to composite,Performance Max,None,PMAX cu remarketing, --,USD,283.27,1,1,100.00%,0.28,0.28,Performance Max,0.00%,0.00,0.00
deck restoration steps,Performance Max,None,PMAX cu remarketing, --,USD,0.00,0,1,0.00%,0,0.00,Performance Max,0.00%,0.00,0.00
deck escapes,AI Max,None,loudoun decks,Loudoun Decks,USD,0.00,0,1,0.00%,0,0.00,Search,0.00%,0.00,0.00
outdoor sunrooms,Broad match,None,loudoun decks,Deck Builder - Brambleton,USD,0.00,0,1,0.00%,0,0.00,Search,0.00%,0.00,0.00
backyard haven,Broad match,None,loudoun decks,Deck Builder - Brambleton,USD,0.00,0,1,0.00%,0,0.00,Search,0.00%,0.00,0.00
deck soldier,AI Max,None,loudoun decks,Deck Builder - South Riding,USD,0.00,0,1,0.00%,0,0.00,Search,0.00%,0.00,0.00
tw perry leesburg,Performance Max,None,Pmax - Dec4, --,USD,9956.16,1,3,33.33%,29.87,29.87,Performance Max,0.00%,0.00,0.00
deck remodel,Exact match (close variant),None,Deck Repair - Loudoun County,Deck Renovation,USD,0.00,0,1,0.00%,0,0.00,Search,0.00%,0.00,0.00
deck inspection,AI Max,None,Deck Repair - Loudoun County,Deck Repair - Loudoun County,USD,0.00,0,5,0.00%,0,0.00,Search,0.00%,0.00,0.00
deck repair,Exact match (close variant),None,Deck Repair - Loudoun County,Deck Repair - Loudoun County,USD,0.00,0,10,0.00%,0,0.00,Search,0.00%,0.00,0.00
cost to replace deck boards,AI Max,None,Deck Repair - Loudoun County,Deck Repair - Loudoun County,USD,0.00,0,2,0.00%,0,0.00,Search,0.00%,0.00,0.00
veranda timber brown decking,AI Max,None,Premium Composite Decks,Ad group 1,USD,0.00,0,1,0.00%,0,0.00,Search,0.00%,0.00,0.00
decking,AI Max,None,Premium Composite Decks,Ad group 1,USD,0.00,0,2,0.00%,0,0.00,Search,0.00%,0.00,0.00
como hacer gradas para deck,AI Max,None,Premium Composite Decks,Ad group 1,USD,0.00,0,1,0.00%,0,0.00,Search,0.00%,0.00,0.00
decks near me,AI Max,None,Premium Composite Decks,Ad group 1,USD,3543.33,1,6,16.67%,21.26,21.26,Search,0.00%,0.00,0.00
lumber near me,AI Max,None,Premium Composite Decks,Ad group 1,USD,70.00,1,17,5.88%,1.19,1.19,Search,0.00%,0.00,0.00
apps for building decks,AI Max,None,Premium Composite Decks,Ad group 1,USD,0.00,0,2,0.00%,0,0.00,Search,0.00%,0.00,0.00
20x12 deck,AI Max,None,Premium Composite Decks,Ad group 1,USD,0.00,0,1,0.00%,0,0.00,Search,0.00%,0.00,0.00
outdoor patio contractors,AI Max,None,Premium Composite Decks,Ad group 1,USD,0.00,0,1,0.00%,0,0.00,Search,0.00%,0.00,0.00
general contractors manassas va,AI Max,None,Premium Composite Decks,Ad group 1,USD,0.00,0,1,0.00%,0,0.00,Search,0.00%,0.00,0.00
deckworks,AI Max,None,Premium Composite Decks,Ad group 1,USD,0.00,0,2,0.00%,0,0.00,Search,0.00%,0.00,0.00
loudoun decks,AI Max,None,Premium Composite Decks,Ad group 1,USD,1182.94,4,35,11.43%,10.35,41.40,Search,0.00%,0.00,0.00
trex boards,Phrase match (close variant),None,SRCH | Composite | 3 Counties | Calls,Composite Deck Cost,USD,3380.00,1,1,100.00%,3.38,3.38,Search,0.00%,0.00,0.00
trex decking boards,Phrase match (close variant),None,SRCH | Composite | 3 Counties | Calls,Composite Deck Cost,USD,0.00,0,1,0.00%,0,0.00,Search,0.00%,0.00,0.00
j and d construction near me,AI Max,None,Fairfax-Search-Search - Deck Leads - VA - May 2025,Deck Builders Near Me,USD,0.00,0,1,0.00%,0,0.00,Search,0.00%,0.00,0.00
laying cobblestone,AI Max,None,Fairfax-Search-Search - Deck Leads - VA - May 2025,Deck + Patio / Outdoor Living,USD,0.00,0,1,0.00%,0,0.00,Search,0.00%,0.00,0.00
masons near me,AI Max,None,Fairfax-Search-Search - Deck Leads - VA - May 2025,Deck + Patio / Outdoor Living,USD,0.00,0,1,0.00%,0,0.00,Search,0.00%,0.00,0.00
trex transcend lineage decking,AI Max,None,Fairfax-Search-Search - Deck Leads - VA - May 2025,Deck Builders Near Me,USD,0.00,0,1,0.00%,0,0.00,Search,0.00%,0.00,0.00
building a deck on a slope,AI Max,None,Fairfax-Search-Search - Deck Leads - VA - May 2025,Composite Decking,USD,0.00,0,1,0.00%,0,0.00,Search,0.00%,0.00,0.00
paver steps on slope,AI Max,None,Fairfax-Search-Search - Deck Leads - VA - May 2025,Deck + Patio / Outdoor Living,USD,0.00,0,1,0.00%,0,0.00,Search,0.00%,0.00,0.00
timber tek,AI Max,None,Fairfax-Search-Search - Deck Leads - VA - May 2025,Composite Decking,USD,0.00,0,1,0.00%,0,0.00,Search,0.00%,0.00,0.00
picture frame deck layout,AI Max,None,Fairfax-Search-Search - Deck Leads - VA - May 2025,Deck + Patio / Outdoor Living,USD,0.00,0,1,0.00%,0,0.00,Search,0.00%,0.00,0.00
fence near me,Performance Max,None,PMAX cu remarketing, --,USD,0.00,0,5,0.00%,0,0.00,Performance Max,0.00%,0.00,0.00
hardscape landscapers near me,Performance Max,None,PMAX cu remarketing, --,USD,0.00,0,1,0.00%,0,0.00,Performance Max,0.00%,0.00,0.00
sheets lumber vienna,Performance Max,None,PMAX cu remarketing, --,USD,0.00,0,1,0.00%,0,0.00,Performance Max,0.00%,0.00,0.00
stapling screen to wood frame,Performance Max,None,PMAX cu remarketing, --,USD,0.00,0,1,0.00%,0,0.00,Performance Max,0.00%,0.00,0.00
best power wash company near me,Performance Max,None,PMAX cu remarketing, --,USD,0.00,0,1,0.00%,0,0.00,Performance Max,0.00%,0.00,0.00
professional deck inspection,Performance Max,None,PMAX cu remarketing, --,USD,4353.33,2,3,66.67%,6.53,13.06,Performance Max,0.00%,0.00,0.00
wpc decks,Performance Max,None,PMAX cu remarketing, --,USD,0.00,0,1,0.00%,0,0.00,Performance Max,0.00%,0.00,0.00
ejemplos de deck,Performance Max,None,PMAX cu remarketing, --,USD,0.00,0,2,0.00%,0,0.00,Performance Max,0.00%,0.00,0.00
construction contractors,AI Max,None,loudoun decks,Deck Builder - South Riding,USD,0.00,0,2,0.00%,0,0.00,Search,0.00%,0.00,0.00
trex find a builder,AI Max,None,loudoun decks,Deck Builder - Middleburg,USD,0.00,0,1,0.00%,0,0.00,Search,0.00%,0.00,0.00
best deck builders near me,Exact match,Added,loudoun decks,Loudoun Decks,USD,0.00,0,2,0.00%,0,0.00,Search,0.00%,0.00,0.00
lattice around deck,Phrase match (close variant),None,loudoun decks,Deck Builder - Brambleton,USD,0.00,0,1,0.00%,0,0.00,Search,0.00%,0.00,0.00
armor fence llc,Performance Max,None,Pmax - Dec4, --,USD,0.00,0,1,0.00%,0,0.00,Performance Max,0.00%,0.00,0.00
sundecks,Performance Max,None,Pmax - Dec4, --,USD,0.00,0,3,0.00%,0,0.00,Performance Max,0.00%,0.00,0.00
screen porch repairs,Performance Max,None,Pmax - Dec4, --,USD,0.00,0,5,0.00%,0,0.00,Performance Max,0.00%,0.00,0.00
building supply near me,AI Max,None,Deck Repair - Loudoun County,Composite - Trex Repair,USD,0.00,0,2,0.00%,0,0.00,Search,0.00%,0.00,0.00
4 season sunroom addition,AI Max,None,Deck Repair - Loudoun County,Deck Restoration - Refinishing,USD,0.00,0,1,0.00%,0,0.00,Search,0.00%,0.00,0.00
re decking,AI Max,None,Deck Repair - Loudoun County,Deck Repair - Loudoun County,USD,0.00,0,1,0.00%,0,0.00,Search,0.00%,0.00,0.00
maryland decking,AI Max,None,Deck Repair - Loudoun County,Composite - Trex Repair,USD,0.00,0,1,0.00%,0,0.00,Search,0.00%,0.00,0.00
24decks,AI Max,None,Deck Repair - Loudoun County,Deck Repair - Loudoun County,USD,0.00,0,2,0.00%,0,0.00,Search,0.00%,0.00,0.00
landscape companies in my area,AI Max,None,Deck Repair - Loudoun County,Deck Renovation,USD,11680.00,1,1,100.00%,11.68,11.68,Search,0.00%,0.00,0.00
general contractor,AI Max,Excluded,Premium Composite Decks,Ad group 1,USD,0.00,0,2,0.00%,0,0.00,Search,0.00%,0.00,0.00
nova decking,AI Max,None,Premium Composite Decks,Ad group 1,USD,0.00,0,1,0.00%,0,0.00,Search,0.00%,0.00,0.00
deck handyman near me,AI Max,None,Premium Composite Decks,Ad group 1,USD,0.00,0,4,0.00%,0,0.00,Search,0.00%,0.00,0.00
exterior maintenance,AI Max,None,Premium Composite Decks,Ad group 1,USD,0.00,0,2,0.00%,0,0.00,Search,0.00%,0.00,0.00
timbertech pricing,AI Max,None,Premium Composite Decks,Ad group 1,USD,0.00,0,1,0.00%,0,0.00,Search,0.00%,0.00,0.00
trex enhance saddle,AI Max,None,Premium Composite Decks,Ad group 1,USD,0.00,0,2,0.00%,0,0.00,Search,0.00%,0.00,0.00
trex transcend tiki torch,AI Max,None,Premium Composite Decks,Ad group 1,USD,0.00,0,2,0.00%,0,0.00,Search,0.00%,0.00,0.00
wpc decking,AI Max,None,Premium Composite Decks,Ad group 1,USD,0.00,0,1,0.00%,0,0.00,Search,0.00%,0.00,0.00
hcs exterior,AI Max,None,Premium Composite Decks,Ad group 1,USD,0.00,0,1,0.00%,0,0.00,Search,0.00%,0.00,0.00
landscaping gainesville va,AI Max,None,Premium Composite Decks,Ad group 1,USD,0.00,0,2,0.00%,0,0.00,Search,0.00%,0.00,0.00
how to replace a deck railing,AI Max,None,Premium Composite Decks,Ad group 1,USD,0.00,0,1,0.00%,0,0.00,Search,0.00%,0.00,0.00
epay wood,AI Max,None,Premium Composite Decks,Ad group 1,USD,0.00,0,1,0.00%,0,0.00,Search,0.00%,0.00,0.00
fiberon concordia decking,AI Max,None,Premium Composite Decks,Ad group 1,USD,0.00,0,1,0.00%,0,0.00,Search,0.00%,0.00,0.00
trex lava rock plugs,AI Max,None,Fairfax-Search-Search - Deck Leads - VA - May 2025,Deck Builders Near Me,USD,0.00,0,1,0.00%,0,0.00,Search,0.00%,0.00,0.00
building a back deck,AI Max,None,Fairfax-Search-Search - Deck Leads - VA - May 2025,Deck Builders Near Me,USD,0.00,0,1,0.00%,0,0.00,Search,0.00%,0.00,0.00
concrete patio near me,AI Max,None,Fairfax-Search-Search - Deck Leads - VA - May 2025,Deck + Patio / Outdoor Living,USD,0.00,0,1,0.00%,0,0.00,Search,0.00%,0.00,0.00
trex decking material near me,AI Max,None,Fairfax-Search-Search - Deck Leads - VA - May 2025,Deck + Patio / Outdoor Living,USD,0.00,0,1,0.00%,0,0.00,Search,0.00%,0.00,0.00
denise katchmark,AI Max,None,Fairfax-Search-Search - Deck Leads - VA - May 2025,Deck Builders Near Me,USD,0.00,0,1,0.00%,0,0.00,Search,0.00%,0.00,0.00
under deck soffit,AI Max,None,Fairfax-Search-Search - Deck Leads - VA - May 2025,Deck + Patio / Outdoor Living,USD,0.00,0,2,0.00%,0,0.00,Search,0.00%,0.00,0.00
how to remove deck railing,Performance Max,None,PMAX cu remarketing, --,USD,0.00,0,2,0.00%,0,0.00,Performance Max,0.00%,0.00,0.00
leveling a floating deck,Performance Max,None,PMAX cu remarketing, --,USD,0.00,0,1,0.00%,0,0.00,Performance Max,0.00%,0.00,0.00
replace deck post,Performance Max,None,PMAX cu remarketing, --,USD,0.00,0,2,0.00%,0,0.00,Performance Max,0.00%,0.00,0.00
general contractor cerca de mi,Performance Max,None,PMAX cu remarketing, --,USD,0.00,0,1,0.00%,0,0.00,Performance Max,0.00%,0.00,0.00
sunrooms fairfax,Performance Max,None,PMAX cu remarketing, --,USD,0.00,0,1,0.00%,0,0.00,Performance Max,0.00%,0.00,0.00
diy ground level deck,Performance Max,None,PMAX cu remarketing, --,USD,0.00,0,1,0.00%,0,0.00,Performance Max,0.00%,0.00,0.00
veranda composite decking installation,Performance Max,None,PMAX cu remarketing, --,USD,0.00,0,2,0.00%,0,0.00,Performance Max,0.00%,0.00,0.00
under deck patio ideas,Performance Max,None,PMAX cu remarketing, --,USD,0.00,0,3,0.00%,0,0.00,Performance Max,0.00%,0.00,0.00
all about fences,Performance Max,None,PMAX cu remarketing, --,USD,0.00,0,4,0.00%,0,0.00,Performance Max,0.00%,0.00,0.00
deck painting,Performance Max,None,PMAX cu remarketing, --,USD,0.00,0,5,0.00%,0,0.00,Performance Max,0.00%,0.00,0.00
attic stair installation,Performance Max,None,PMAX cu remarketing, --,USD,0.00,0,1,0.00%,0,0.00,Performance Max,0.00%,0.00,0.00
where to buy composite decking,Performance Max,None,PMAX cu remarketing, --,USD,0.00,0,2,0.00%,0,0.00,Performance Max,0.00%,0.00,0.00
new deck installation cost,Performance Max,None,PMAX cu remarketing, --,USD,0.00,0,1,0.00%,0,0.00,Performance Max,0.00%,0.00,0.00
patios,Performance Max,None,PMAX cu remarketing, --,USD,0.00,0,4,0.00%,0,0.00,Performance Max,0.00%,0.00,0.00
deck post repair contractors,Performance Max,None,PMAX cu remarketing, --,USD,0.00,0,1,0.00%,0,0.00,Performance Max,0.00%,0.00,0.00
trex railing,Performance Max,None,PMAX cu remarketing, --,USD,0.00,0,1,0.00%,0,0.00,Performance Max,0.00%,0.00,0.00
screen porch near me,Performance Max,None,PMAX cu remarketing, --,USD,0.00,0,1,0.00%,0,0.00,Performance Max,0.00%,0.00,0.00
redwood deck balusters,AI Max,None,loudoun decks,Deck Builder - Middleburg,USD,0.00,0,1,0.00%,0,0.00,Search,0.00%,0.00,0.00
premier outdoor living,AI Max,None,loudoun decks,Deck Builder - South Riding,USD,0.00,0,1,0.00%,0,0.00,Search,0.00%,0.00,0.00
deck architect,AI Max,None,loudoun decks,Deck Builder - Aldie,USD,0.00,0,1,0.00%,0,0.00,Search,0.00%,0.00,0.00
premier outdoor living,AI Max,None,loudoun decks,Deck Builder - Middleburg,USD,0.00,0,1,0.00%,0,0.00,Search,0.00%,0.00,0.00
woodscape construction,AI Max,None,loudoun decks,Loudoun Decks,USD,0.00,0,1,0.00%,0,0.00,Search,0.00%,0.00,0.00
deck company,Broad match,None,loudoun decks,Deck Builder - Brambleton,USD,0.00,0,1,0.00%,0,0.00,Search,0.00%,0.00,0.00
thomas fence,Performance Max,None,Pmax - Dec4, --,USD,0.00,0,2,0.00%,0,0.00,Performance Max,0.00%,0.00,0.00
under deck waterproofing,Performance Max,None,Pmax - Dec4, --,USD,0.00,0,1,0.00%,0,0.00,Performance Max,0.00%,0.00,0.00
trex company inc composite decking,Broad match,None,Deck Repair - Loudoun County,Deck Renovation,USD,5840.00,1,1,100.00%,5.84,5.84,Search,0.00%,0.00,0.00
2 brothers construction,AI Max,None,Deck Repair - Loudoun County,Deck Repair - Loudoun County,USD,0.00,0,1,0.00%,0,0.00,Search,0.00%,0.00,0.00
replacing a deck,Exact match (close variant),None,Deck Repair - Loudoun County,Deck Replacement,USD,0.00,0,1,0.00%,0,0.00,Search,0.00%,0.00,0.00
tuff blocks deck,AI Max,None,Deck Repair - Loudoun County,Deck Repair - Loudoun County,USD,0.00,0,1,0.00%,0,0.00,Search,0.00%,0.00,0.00
deck repair near me,Exact match (close variant),None,Deck Repair - Loudoun County,Deck Renovation,USD,0.00,0,1,0.00%,0,0.00,Search,0.00%,0.00,0.00
prodeck construction,AI Max,None,Premium Composite Decks,Ad group 1,USD,0.00,0,6,0.00%,0,0.00,Search,0.00%,0.00,0.00
decking company,Exact match (close variant),None,Premium Composite Decks,Ad group 1,USD,0.00,0,5,0.00%,0,0.00,Search,0.00%,0.00,0.00
lowe's lumber near me,AI Max,None,Premium Composite Decks,Ad group 1,USD,0.00,0,1,0.00%,0,0.00,Search,0.00%,0.00,0.00
builder first source near me,AI Max,None,Premium Composite Decks,Ad group 1,USD,0.00,0,1,0.00%,0,0.00,Search,0.00%,0.00,0.00
deck composite installation,AI Max,None,Premium Composite Decks,Ad group 1,USD,0.00,0,1,0.00%,0,0.00,Search,0.00%,0.00,0.00
best place to get composite decking,AI Max,None,Premium Composite Decks,Ad group 1,USD,0.00,0,2,0.00%,0,0.00,Search,0.00%,0.00,0.00
deck layout,AI Max,None,Premium Composite Decks,Ad group 1,USD,0.00,0,1,0.00%,0,0.00,Search,0.00%,0.00,0.00
all around construction,AI Max,None,Premium Composite Decks,Ad group 1,USD,0.00,0,1,0.00%,0,0.00,Search,0.00%,0.00,0.00
composite decking,AI Max,None,Premium Composite Decks,Ad group 1,USD,336.00,1,10,10.00%,3.36,3.36,Search,0.00%,0.00,0.00
patio construction,AI Max,None,Premium Composite Decks,Ad group 1,USD,0.00,0,1,0.00%,0,0.00,Search,0.00%,0.00,0.00
build by design construction,AI Max,None,Fairfax-Search-Search - Deck Leads - VA - May 2025,Deck Builders Near Me,USD,0.00,0,1,0.00%,0,0.00,Search,0.00%,0.00,0.00
fairfax county home addition,AI Max,None,Fairfax-Search-Search - Deck Leads - VA - May 2025,Deck Builders Near Me,USD,0.00,0,1,0.00%,0,0.00,Search,0.00%,0.00,0.00
deck installers in my area,Exact match (close variant),None,Fairfax-Search-Search - Deck Leads - VA - May 2025,Composite Decking,USD,0.00,0,1,0.00%,0,0.00,Search,0.00%,0.00,0.00
trex enhance 12 composite deck board,AI Max,None,Fairfax-Search-Search - Deck Leads - VA - May 2025,Composite Decking,USD,0.00,0,1,0.00%,0,0.00,Search,0.00%,0.00,0.00
deck builders manassas va,Phrase match (close variant),None,Fairfax-Search-Search - Deck Leads - VA - May 2025,Deck + Patio / Outdoor Living,USD,0.00,0,2,0.00%,0,0.00,Search,0.00%,0.00,0.00
decks in,AI Max,None,Fairfax-Search-Search - Deck Leads - VA - May 2025,Deck Builders Near Me,USD,0.00,0,1,0.00%,0,0.00,Search,0.00%,0.00,0.00
cedar decks,AI Max,None,Fairfax-Search-Search - Deck Leads - VA - May 2025,Deck + Patio / Outdoor Living,USD,0.00,0,1,0.00%,0,0.00,Search,0.00%,0.00,0.00
deckman dc,Performance Max,None,PMAX cu remarketing, --,USD,0.00,0,1,0.00%,0,0.00,Performance Max,0.00%,0.00,0.00
screen porch builders,Performance Max,None,PMAX cu remarketing, --,USD,0.00,0,1,0.00%,0,0.00,Performance Max,0.00%,0.00,0.00
cleaning and maintenance services,Performance Max,None,PMAX cu remarketing, --,USD,0.00,0,1,0.00%,0,0.00,Performance Max,0.00%,0.00,0.00
fence contractors,Performance Max,None,PMAX cu remarketing, --,USD,0.00,0,2,0.00%,0,0.00,Performance Max,0.00%,0.00,0.00
how to refinish deck railing,Performance Max,None,PMAX cu remarketing, --,USD,0.00,0,1,0.00%,0,0.00,Performance Max,0.00%,0.00,0.00
deck inspiration,Performance Max,None,PMAX cu remarketing, --,USD,0.00,0,2,0.00%,0,0.00,Performance Max,0.00%,0.00,0.00
holloway company,Performance Max,None,PMAX cu remarketing, --,USD,0.00,0,12,0.00%,0,0.00,Performance Max,0.00%,0.00,0.00
small deck,Performance Max,None,PMAX cu remarketing, --,USD,0.00,0,2,0.00%,0,0.00,Performance Max,0.00%,0.00,0.00
pro deck installers,Performance Max,None,PMAX cu remarketing, --,USD,647.37,2,19,10.53%,6.15,12.30,Performance Max,0.00%,0.00,0.00
patio cleaning service,Performance Max,None,PMAX cu remarketing, --,USD,0.00,0,5,0.00%,0,0.00,Performance Max,0.00%,0.00,0.00
wooden porch repair,Performance Max,None,PMAX cu remarketing, --,USD,0.00,0,1,0.00%,0,0.00,Performance Max,0.00%,0.00,0.00
pressure washing company near me,Performance Max,None,PMAX cu remarketing, --,USD,3420.00,2,2,100.00%,3.42,6.84,Performance Max,0.00%,0.00,0.00
patio à proximité,Performance Max,None,PMAX cu remarketing, --,USD,0.00,0,1,0.00%,0,0.00,Performance Max,0.00%,0.00,0.00
porch builder near me,Performance Max,None,PMAX cu remarketing, --,USD,0.00,0,1,0.00%,0,0.00,Performance Max,0.00%,0.00,0.00
deck near me,AI Max,None,loudoun decks,Deck Builder - Aldie,USD,0.00,0,1,0.00%,0,0.00,Search,0.00%,0.00,0.00
trex select deck,Performance Max,None,Pmax - Dec4, --,USD,0.00,0,1,0.00%,0,0.00,Performance Max,0.00%,0.00,0.00
jf fuentes general construction,Performance Max,None,Pmax - Dec4, --,USD,0.00,0,1,0.00%,0,0.00,Performance Max,0.00%,0.00,0.00
wood deck restoration,Exact match (close variant),None,Deck Repair - Loudoun County,Deck Repair - Loudoun County,USD,0.00,0,3,0.00%,0,0.00,Search,0.00%,0.00,0.00
best way to sand a deck,AI Max,None,Deck Repair - Loudoun County,Deck Repair - Loudoun County,USD,0.00,0,1,0.00%,0,0.00,Search,0.00%,0.00,0.00
sundecks,AI Max,None,Deck Repair - Loudoun County,Deck Repair - Loudoun County,USD,0.00,0,2,0.00%,0,0.00,Search,0.00%,0.00,0.00
home addition near me,AI Max,None,Premium Composite Decks,Ad group 1,USD,2613.93,1,1,100.00%,2.61,2.61,Search,0.00%,0.00,0.00
true decks reviews,AI Max,None,Premium Composite Decks,Ad group 1,USD,0.00,0,1,0.00%,0,0.00,Search,0.00%,0.00,0.00
deck cleaning and staining near me,AI Max,None,Premium Composite Decks,Ad group 1,USD,0.00,0,1,0.00%,0,0.00,Search,0.00%,0.00,0.00
deck framing diagram,AI Max,None,Premium Composite Decks,Ad group 1,USD,0.00,0,1,0.00%,0,0.00,Search,0.00%,0.00,0.00
outdoor patio company,AI Max,None,Premium Composite Decks,Ad group 1,USD,0.00,0,1,0.00%,0,0.00,Search,0.00%,0.00,0.00
stoneridge outdoor living reviews,AI Max,None,Premium Composite Decks,Ad group 1,USD,0.00,0,1,0.00%,0,0.00,Search,0.00%,0.00,0.00
composite wood decking,AI Max,None,Premium Composite Decks,Ad group 1,USD,0.00,0,1,0.00%,0,0.00,Search,0.00%,0.00,0.00
trex select winchester grey,AI Max,None,Premium Composite Decks,Ad group 1,USD,0.00,0,1,0.00%,0,0.00,Search,0.00%,0.00,0.00
anchor remodeling llc,AI Max,None,Premium Composite Decks,Ad group 1,USD,0.00,0,1,0.00%,0,0.00,Search,0.00%,0.00,0.00
best patio enclosure companies near me,AI Max,None,Premium Composite Decks,Ad group 1,USD,0.00,0,1,0.00%,0,0.00,Search,0.00%,0.00,0.00
archadeck of northern virginia west,AI Max,None,Fairfax-Search-Search - Deck Leads - VA - May 2025,Deck Builders Near Me,USD,0.00,0,1,0.00%,0,0.00,Search,0.00%,0.00,0.00
patio near me,AI Max,None,Fairfax-Search-Search - Deck Leads - VA - May 2025,Deck Builders Near Me,USD,0.00,0,1,0.00%,0,0.00,Search,0.00%,0.00,0.00
building a composite deck,AI Max,None,Fairfax-Search-Search - Deck Leads - VA - May 2025,Composite Decking,USD,0.00,0,1,0.00%,0,0.00,Search,0.00%,0.00,0.00
colored decks,Performance Max,None,PMAX cu remarketing, --,USD,0.00,0,1,0.00%,0,0.00,Performance Max,0.00%,0.00,0.00
costco pergola 12x14,Performance Max,None,PMAX cu remarketing, --,USD,458.54,1,1,100.00%,0.46,0.46,Performance Max,0.00%,0.00,0.00
porch railing repair,Performance Max,None,PMAX cu remarketing, --,USD,0.00,0,1,0.00%,0,0.00,Performance Max,0.00%,0.00,0.00
loudoun deck and fence company,Performance Max,None,PMAX cu remarketing, --,USD,0.00,0,4,0.00%,0,0.00,Performance Max,0.00%,0.00,0.00
how much does a deck cost,Performance Max,None,PMAX cu remarketing, --,USD,0.00,0,1,0.00%,0,0.00,Performance Max,0.00%,0.00,0.00
tko contractors llc,Performance Max,None,PMAX cu remarketing, --,USD,0.00,0,1,0.00%,0,0.00,Performance Max,0.00%,0.00,0.00
round trex deck,Performance Max,None,PMAX cu remarketing, --,USD,0.00,0,2,0.00%,0,0.00,Performance Max,0.00%,0.00,0.00
mark shriner,Performance Max,None,PMAX cu remarketing, --,USD,0.00,0,3,0.00%,0,0.00,Performance Max,0.00%,0.00,0.00
how to build a front porch deck,Performance Max,None,PMAX cu remarketing, --,USD,0.00,0,1,0.00%,0,0.00,Performance Max,0.00%,0.00,0.00
red door power washing,Performance Max,None,PMAX cu remarketing, --,USD,0.00,0,1,0.00%,0,0.00,Performance Max,0.00%,0.00,0.00
wood deck walkway,Performance Max,None,PMAX cu remarketing, --,USD,0.00,0,1,0.00%,0,0.00,Performance Max,0.00%,0.00,0.00
deck replacement companies near me,Performance Max,None,PMAX cu remarketing, --,USD,0.00,0,1,0.00%,0,0.00,Performance Max,0.00%,0.00,0.00
8x10 deck plans with pictures,Performance Max,None,PMAX cu remarketing, --,USD,0.00,0,1,0.00%,0,0.00,Performance Max,0.00%,0.00,0.00
trex custom curve cost,Performance Max,None,PMAX cu remarketing, --,USD,0.00,0,1,0.00%,0,0.00,Performance Max,0.00%,0.00,0.00
power washing specialists,Performance Max,None,PMAX cu remarketing, --,USD,0.00,0,1,0.00%,0,0.00,Performance Max,0.00%,0.00,0.00
hardscape company near me,Performance Max,None,PMAX cu remarketing, --,USD,0.00,0,1,0.00%,0,0.00,Performance Max,0.00%,0.00,0.00
deck contractors near me,Performance Max,None,PMAX cu remarketing, --,USD,0.00,0,2,0.00%,0,0.00,Performance Max,0.00%,0.00,0.00
deck building,Performance Max,None,PMAX cu remarketing, --,USD,0.00,0,4,0.00%,0,0.00,Performance Max,0.00%,0.00,0.00
deck de,Performance Max,None,PMAX cu remarketing, --,USD,0.00,0,1,0.00%,0,0.00,Performance Max,0.00%,0.00,0.00
power wash northern virginia,Performance Max,None,PMAX cu remarketing, --,USD,0.00,0,1,0.00%,0,0.00,Performance Max,0.00%,0.00,0.00
covered pergola near me,Performance Max,None,PMAX cu remarketing, --,USD,0.00,0,1,0.00%,0,0.00,Performance Max,0.00%,0.00,0.00
ez screen room,Performance Max,None,PMAX cu remarketing, --,USD,0.00,0,1,0.00%,0,0.00,Performance Max,0.00%,0.00,0.00
how do i get a permit to build a deck,Performance Max,None,PMAX cu remarketing, --,USD,0.00,0,1,0.00%,0,0.00,Performance Max,0.00%,0.00,0.00
pergola near me,Performance Max,None,PMAX cu remarketing, --,USD,0.00,0,2,0.00%,0,0.00,Performance Max,0.00%,0.00,0.00
fairfax fence,Performance Max,None,PMAX cu remarketing, --,USD,0.00,0,1,0.00%,0,0.00,Performance Max,0.00%,0.00,0.00
deck with gazebo,Performance Max,None,PMAX cu remarketing, --,USD,0.00,0,1,0.00%,0,0.00,Performance Max,0.00%,0.00,0.00
decks with pergolas,Broad match,None,loudoun decks,Deck Builder - Brambleton,USD,0.00,0,1,0.00%,0,0.00,Search,0.00%,0.00,0.00
all decked out,AI Max,None,loudoun decks,Deck Builder - South Riding,USD,0.00,0,1,0.00%,0,0.00,Search,0.00%,0.00,0.00
fortress deck,AI Max,None,loudoun decks,Deck Builder - Aldie,USD,0.00,0,1,0.00%,0,0.00,Search,0.00%,0.00,0.00
elevated paver deck,AI Max,None,loudoun decks,Deck Builder - Hamilton,USD,0.00,0,1,0.00%,0,0.00,Search,0.00%,0.00,0.00
trex near me,Phrase match (close variant),None,loudoun decks,Deck Builder - Brambleton,USD,0.00,0,1,0.00%,0,0.00,Search,0.00%,0.00,0.00
deck near me,Broad match,None,loudoun decks,Deck Builder - Brambleton,USD,0.00,0,1,0.00%,0,0.00,Search,0.00%,0.00,0.00
integrity decking company,Performance Max,None,Pmax - Dec4, --,USD,0.00,0,1,0.00%,0,0.00,Performance Max,0.00%,0.00,0.00
trex winchester va,Performance Max,None,Pmax - Dec4, --,USD,0.00,0,1,0.00%,0,0.00,Performance Max,0.00%,0.00,0.00
deck repair leesburg va,Exact match,Added,Deck Repair - Loudoun County,Deck Repair - Loudoun County,USD,0.00,0,5,0.00%,0,0.00,Search,0.00%,0.00,0.00
10x12 deck cost,AI Max,None,Deck Repair - Loudoun County,Deck Repair - Loudoun County,USD,0.00,0,1,0.00%,0,0.00,Search,0.00%,0.00,0.00
backyard design near me,AI Max,None,Deck Repair - Loudoun County,Composite - Trex Repair,USD,0.00,0,1,0.00%,0,0.00,Search,0.00%,0.00,0.00
restoration contractors near me,AI Max,None,Deck Repair - Loudoun County,Deck Repair - Loudoun County,USD,3860.00,7,14,50.00%,7.72,54.04,Search,0.00%,0.00,0.00
timbertech azek pricing,AI Max,None,Premium Composite Decks,Ad group 1,USD,0.00,0,1,0.00%,0,0.00,Search,0.00%,0.00,0.00
decks etc,AI Max,None,Premium Composite Decks,Ad group 1,USD,0.00,0,1,0.00%,0,0.00,Search,0.00%,0.00,0.00
residential deck restoration,AI Max,None,Premium Composite Decks,Ad group 1,USD,0.00,0,1,0.00%,0,0.00,Search,0.00%,0.00,0.00
porch post replacement,AI Max,None,Premium Composite Decks,Ad group 1,USD,0.00,0,1,0.00%,0,0.00,Search,0.00%,0.00,0.00
sundeck medics,AI Max,None,Premium Composite Decks,Ad group 1,USD,1376.00,1,5,20.00%,6.88,6.88,Search,0.00%,0.00,0.00
buy ipe decking,AI Max,None,Premium Composite Decks,Ad group 1,USD,0.00,0,1,0.00%,0,0.00,Search,0.00%,0.00,0.00
front porch railing,AI Max,None,Premium Composite Decks,Ad group 1,USD,0.00,0,2,0.00%,0,0.00,Search,0.00%,0.00,0.00
powerwashing near me,AI Max,None,Premium Composite Decks,Ad group 1,USD,0.00,0,1,0.00%,0,0.00,Search,0.00%,0.00,0.00
pergola installation near me,AI Max,None,Premium Composite Decks,Ad group 1,USD,0.00,0,2,0.00%,0,0.00,Search,0.00%,0.00,0.00
build deck stairs,AI Max,None,Premium Composite Decks,Ad group 1,USD,0.00,0,1,0.00%,0,0.00,Search,0.00%,0.00,0.00
landscaping companies near me,AI Max,None,Premium Composite Decks,Ad group 1,USD,0.00,0,7,0.00%,0,0.00,Search,0.00%,0.00,0.00
swift home services,AI Max,None,Premium Composite Decks,Ad group 1,USD,0.00,0,1,0.00%,0,0.00,Search,0.00%,0.00,0.00
2x6 trex decking prices,Phrase match (close variant),None,SRCH | Composite | 3 Counties | Calls,Composite Deck Cost,USD,0.00,0,1,0.00%,0,0.00,Search,0.00%,0.00,0.00
cost to replace wood deck with trex,Phrase match,None,SRCH | Composite | 3 Counties | Calls,Composite Deck Cost,USD,0.00,0,1,0.00%,0,0.00,Search,0.00%,0.00,0.00
trex flooring for decks,AI Max,None,Fairfax-Search-Search - Deck Leads - VA - May 2025,Deck Builders Near Me,USD,0.00,0,1,0.00%,0,0.00,Search,0.00%,0.00,0.00
trex deck post lighting,AI Max,None,Fairfax-Search-Search - Deck Leads - VA - May 2025,Composite Decking,USD,0.00,0,1,0.00%,0,0.00,Search,0.00%,0.00,0.00
patio flooring,AI Max,None,Fairfax-Search-Search - Deck Leads - VA - May 2025,Deck + Patio / Outdoor Living,USD,0.00,0,2,0.00%,0,0.00,Search,0.00%,0.00,0.00
construction,AI Max,None,Premium Composite Decks,Ad group 1,USD,0.00,0,4,0.00%,0,0.00,Search,0.00%,0.00,0.00
outside deck idea,AI Max,None,Premium Composite Decks,Ad group 1,USD,0.00,0,1,0.00%,0,0.00,Search,0.00%,0.00,0.00
duradek,AI Max,None,Premium Composite Decks,Ad group 1,USD,0.00,0,3,0.00%,0,0.00,Search,0.00%,0.00,0.00
deck master,AI Max,None,Premium Composite Decks,Ad group 1,USD,0.00,0,1,0.00%,0,0.00,Search,0.00%,0.00,0.00
84 lumber,AI Max,Excluded,Premium Composite Decks,Ad group 1,USD,0.00,0,2,0.00%,0,0.00,Search,0.00%,0.00,0.00
lumber 84 near me,AI Max,None,Premium Composite Decks,Ad group 1,USD,0.00,0,1,0.00%,0,0.00,Search,0.00%,0.00,0.00
nova deck doctor reviews,AI Max,None,Premium Composite Decks,Ad group 1,USD,0.00,0,1,0.00%,0,0.00,Search,0.00%,0.00,0.00
deck construction companies near me,Exact match (close variant),None,Premium Composite Decks,Ad group 1,USD,0.00,0,1,0.00%,0,0.00,Search,0.00%,0.00,0.00
home remodeling near me,AI Max,None,Premium Composite Decks,Ad group 1,USD,0.00,0,2,0.00%,0,0.00,Search,0.00%,0.00,0.00
steadfast construction reviews,AI Max,None,Premium Composite Decks,Ad group 1,USD,3717.79,1,3,33.33%,11.15,11.15,Search,0.00%,0.00,0.00
rubber pool decking,AI Max,None,Premium Composite Decks,Ad group 1,USD,0.00,0,1,0.00%,0,0.00,Search,0.00%,0.00,0.00
loudoun property solutions,Performance Max,None,PMAX cu remarketing, --,USD,0.00,0,1,0.00%,0,0.00,Performance Max,0.00%,0.00,0.00
maryland decking,Performance Max,None,PMAX cu remarketing, --,USD,0.00,0,2,0.00%,0,0.00,Performance Max,0.00%,0.00,0.00
design pro remodeling,Performance Max,None,PMAX cu remarketing, --,USD,0.00,0,2,0.00%,0,0.00,Performance Max,0.00%,0.00,0.00
screen porch installation,Performance Max,None,PMAX cu remarketing, --,USD,0.00,0,1,0.00%,0,0.00,Performance Max,0.00%,0.00,0.00
nova stone ashburn,Performance Max,None,PMAX cu remarketing, --,USD,0.00,0,1,0.00%,0,0.00,Performance Max,0.00%,0.00,0.00
wdecks,Performance Max,None,PMAX cu remarketing, --,USD,0.00,0,1,0.00%,0,0.00,Performance Max,0.00%,0.00,0.00
backyard deck ideas,Performance Max,None,PMAX cu remarketing, --,USD,0.00,0,1,0.00%,0,0.00,Performance Max,0.00%,0.00,0.00
mc fence fredericksburg,Performance Max,None,PMAX cu remarketing, --,USD,0.00,0,1,0.00%,0,0.00,Performance Max,0.00%,0.00,0.00
fix a sinking deck,Performance Max,None,PMAX cu remarketing, --,USD,0.00,0,1,0.00%,0,0.00,Performance Max,0.00%,0.00,0.00
woodworking washington dc,Performance Max,None,PMAX cu remarketing, --,USD,0.00,0,1,0.00%,0,0.00,Performance Max,0.00%,0.00,0.00
fensa cerca de mi,Performance Max,None,PMAX cu remarketing, --,USD,0.00,0,1,0.00%,0,0.00,Performance Max,0.00%,0.00,0.00
front porch renovation,Performance Max,None,PMAX cu remarketing, --,USD,0.00,0,1,0.00%,0,0.00,Performance Max,0.00%,0.00,0.00
disenos de patios y jardines,Performance Max,None,PMAX cu remarketing, --,USD,0.00,0,1,0.00%,0,0.00,Performance Max,0.00%,0.00,0.00
frontier deck builders,Performance Max,None,PMAX cu remarketing, --,USD,0.00,0,1,0.00%,0,0.00,Performance Max,0.00%,0.00,0.00
fence panels installation,Performance Max,None,PMAX cu remarketing, --,USD,0.00,0,1,0.00%,0,0.00,Performance Max,0.00%,0.00,0.00
painting your deck,Performance Max,None,PMAX cu remarketing, --,USD,0.00,0,1,0.00%,0,0.00,Performance Max,0.00%,0.00,0.00
lumber yards in manassas va,Performance Max,None,PMAX cu remarketing, --,USD,0.00,0,3,0.00%,0,0.00,Performance Max,0.00%,0.00,0.00
patio porch ideas,Performance Max,None,PMAX cu remarketing, --,USD,0.00,0,1,0.00%,0,0.00,Performance Max,0.00%,0.00,0.00
monarch construction,AI Max,None,loudoun decks,Deck Builder - Arcola,USD,0.00,0,1,0.00%,0,0.00,Search,0.00%,0.00,0.00
builders firstsource cerca de mi,AI Max,None,loudoun decks,Deck Builder - Sterling,USD,36793.74,1,1,100.00%,36.79,36.79,Search,0.00%,0.00,0.00
trex coastal bluff,AI Max,None,loudoun decks,Deck Builder - South Riding,USD,0.00,0,1,0.00%,0,0.00,Search,0.00%,0.00,0.00
freestanding deck,Phrase match (close variant),None,loudoun decks,Deck Builder - Brambleton,USD,0.00,0,1,0.00%,0,0.00,Search,0.00%,0.00,0.00
hardscaping,Broad match,None,loudoun decks,Deck Builder - Brambleton,USD,0.00,0,1,0.00%,0,0.00,Search,0.00%,0.00,0.00
trex flooring for decks,AI Max,None,loudoun decks,Deck Builder - Aldie,USD,0.00,0,1,0.00%,0,0.00,Search,0.00%,0.00,0.00
deckguru,AI Max,None,loudoun decks,Deck Builder - Hamilton,USD,0.00,0,1,0.00%,0,0.00,Search,0.00%,0.00,0.00
potomac deck and fence,Performance Max,None,Pmax - Dec4, --,USD,0.00,0,1,0.00%,0,0.00,Performance Max,0.00%,0.00,0.00
barrons lumber near me,Performance Max,None,Pmax - Dec4, --,USD,14550.24,1,2,50.00%,29.10,29.10,Performance Max,100.00%,1.00,29.10
loudoun exteriors,AI Max,None,Deck Repair - Loudoun County,Deck Repair - Loudoun County,USD,0.00,0,2,0.00%,0,0.00,Search,0.00%,0.00,0.00
cleaning composite decking,AI Max,None,Deck Repair - Loudoun County,Deck Renovation,USD,0.00,0,1,0.00%,0,0.00,Search,0.00%,0.00,0.00
enhance naturals 1 in x 6 in x 16 ft rocky harbor grooved edge composite deck board,Phrase match (close variant),None,SRCH | Composite | 3 Counties | Calls,Composite Deck Cost,USD,0.00,0,1,0.00%,0,0.00,Search,0.00%,0.00,0.00
deck remodeling near me,Exact match (close variant),None,SRCH | Replacement + Resurfacing | 3 Counties | Calls,Deck Resurfacing,USD,0.00,0,1,0.00%,0,0.00,Search,0.00%,0.00,0.00
deck coverings for existing decks,Performance Max,None,PMAX cu remarketing, --,USD,0.00,0,1,0.00%,0,0.00,Performance Max,0.00%,0.00,0.00
stamp concrete near me,Performance Max,None,PMAX cu remarketing, --,USD,0.00,0,1,0.00%,0,0.00,Performance Max,0.00%,0.00,0.00
cost of a trex deck,Performance Max,None,PMAX cu remarketing, --,USD,0.00,0,2,0.00%,0,0.00,Performance Max,0.00%,0.00,0.00
inexpensive backyard patio ideas,Performance Max,None,PMAX cu remarketing, --,USD,0.00,0,1,0.00%,0,0.00,Performance Max,0.00%,0.00,0.00
deck painting near me,Performance Max,None,PMAX cu remarketing, --,USD,0.00,0,5,0.00%,0,0.00,Performance Max,0.00%,0.00,0.00
average cost to build a deck,Performance Max,None,PMAX cu remarketing, --,USD,0.00,0,1,0.00%,0,0.00,Performance Max,0.00%,0.00,0.00
patio and deck cleaning,Performance Max,None,PMAX cu remarketing, --,USD,2895.00,1,2,50.00%,5.79,5.79,Performance Max,0.00%,0.00,0.00
how to build a second story deck,Performance Max,None,PMAX cu remarketing, --,USD,0.00,0,1,0.00%,0,0.00,Performance Max,0.00%,0.00,0.00
pergola installation near me,Performance Max,None,PMAX cu remarketing, --,USD,0.00,0,4,0.00%,0,0.00,Performance Max,0.00%,0.00,0.00
building a patio,Performance Max,None,PMAX cu remarketing, --,USD,0.00,0,1,0.00%,0,0.00,Performance Max,0.00%,0.00,0.00
composite decking wholesale near me,Performance Max,None,PMAX cu remarketing, --,USD,0.00,0,2,0.00%,0,0.00,Performance Max,0.00%,0.00,0.00
linden fence installation,Performance Max,None,PMAX cu remarketing, --,USD,0.00,0,1,0.00%,0,0.00,Performance Max,0.00%,0.00,0.00
how to build a gazebo,Performance Max,None,PMAX cu remarketing, --,USD,0.00,0,1,0.00%,0,0.00,Performance Max,0.00%,0.00,0.00
deck coating,Performance Max,None,PMAX cu remarketing, --,USD,0.00,0,2,0.00%,0,0.00,Performance Max,0.00%,0.00,0.00
deck builder maryland,Performance Max,None,PMAX cu remarketing, --,USD,0.00,0,1,0.00%,0,0.00,Performance Max,0.00%,0.00,0.00
back porch construction,Performance Max,None,PMAX cu remarketing, --,USD,0.00,0,1,0.00%,0,0.00,Performance Max,0.00%,0.00,0.00
builder near me,AI Max,None,loudoun decks,Deck Builder - Middleburg,USD,0.00,0,1,0.00%,0,0.00,Search,0.00%,0.00,0.00
trex colors,AI Max,None,loudoun decks,Deck Builder - Hamilton,USD,0.00,0,1,0.00%,0,0.00,Search,0.00%,0.00,0.00
virginia deck works,AI Max,None,loudoun decks,Deck Builder - Arcola,USD,0.00,0,1,0.00%,0,0.00,Search,0.00%,0.00,0.00
pro deck installers,AI Max,None,loudoun decks,Deck Builder - Broadlands,USD,0.00,0,1,0.00%,0,0.00,Search,0.00%,0.00,0.00
metzger decks framing and more va,AI Max,None,loudoun decks,Deck Builder - Arcola,USD,0.00,0,1,0.00%,0,0.00,Search,0.00%,0.00,0.00
back deck,AI Max,None,loudoun decks,Deck Builder - Arcola,USD,0.00,0,1,0.00%,0,0.00,Search,0.00%,0.00,0.00
deck and hardscape contractors near me,Broad match,None,loudoun decks,Deck Builder - Brambleton,USD,0.00,0,1,0.00%,0,0.00,Search,0.00%,0.00,0.00
fence company near me,Performance Max,None,Pmax - Dec4, --,USD,0.00,0,5,0.00%,0,0.00,Performance Max,0.00%,0.00,0.00
atlantic deck and home renovation,Performance Max,None,Pmax - Dec4, --,USD,0.00,0,2,0.00%,0,0.00,Performance Max,0.00%,0.00,0.00
loudoun fence,Performance Max,None,Pmax - Dec4, --,USD,0.00,0,1,0.00%,0,0.00,Performance Max,0.00%,0.00,0.00
install timbertech decking,AI Max,None,Deck Repair - Loudoun County,Deck Repair - Loudoun County,USD,0.00,0,2,0.00%,0,0.00,Search,0.00%,0.00,0.00
restoration service,AI Max,None,Deck Repair - Loudoun County,Deck Repair - Loudoun County,USD,0.00,0,1,0.00%,0,0.00,Search,0.00%,0.00,0.00
virginia decks,AI Max,None,Deck Repair - Loudoun County,Deck Repair - Loudoun County,USD,0.00,0,7,0.00%,0,0.00,Search,0.00%,0.00,0.00
blue ridge outdoor designs,AI Max,None,Deck Repair - Loudoun County,Deck Restoration - Refinishing,USD,0.00,0,2,0.00%,0,0.00,Search,0.00%,0.00,0.00
rotten door repair,AI Max,None,Deck Repair - Loudoun County,Deck Repair - Loudoun County,USD,0.00,0,1,0.00%,0,0.00,Search,0.00%,0.00,0.00
deck restoration,Exact match (close variant),None,Deck Repair - Loudoun County,Deck Repair - Loudoun County,USD,0.00,0,1,0.00%,0,0.00,Search,0.00%,0.00,0.00
how much for a new deck,AI Max,None,Premium Composite Decks,Ad group 1,USD,0.00,0,1,0.00%,0,0.00,Search,0.00%,0.00,0.00
deck scapes,AI Max,None,Premium Composite Decks,Ad group 1,USD,0.00,0,2,0.00%,0,0.00,Search,0.00%,0.00,0.00
wide deck stairs,AI Max,None,Premium Composite Decks,Ad group 1,USD,0.00,0,1,0.00%,0,0.00,Search,0.00%,0.00,0.00
cost to replace deck,AI Max,None,Premium Composite Decks,Ad group 1,USD,0.00,0,1,0.00%,0,0.00,Search,0.00%,0.00,0.00
trex biscayne,AI Max,None,Premium Composite Decks,Ad group 1,USD,0.00,0,1,0.00%,0,0.00,Search,0.00%,0.00,0.00
deckorators summit decking,AI Max,None,Premium Composite Decks,Ad group 1,USD,0.00,0,1,0.00%,0,0.00,Search,0.00%,0.00,0.00
modern remodeling,AI Max,None,Premium Composite Decks,Ad group 1,USD,0.00,0,2,0.00%,0,0.00,Search,0.00%,0.00,0.00
cost deck replacement,AI Max,None,Premium Composite Decks,Ad group 1,USD,0.00,0,1,0.00%,0,0.00,Search,0.00%,0.00,0.00
restore a deck,AI Max,None,Premium Composite Decks,Ad group 1,USD,0.00,0,1,0.00%,0,0.00,Search,0.00%,0.00,0.00
paver patio,AI Max,None,Premium Composite Decks,Ad group 1,USD,0.00,0,4,0.00%,0,0.00,Search,0.00%,0.00,0.00
compañias de framing cerca de mi,AI Max,None,Fairfax-Search-Search - Deck Leads - VA - May 2025,Deck Builders Near Me,USD,0.00,0,1,0.00%,0,0.00,Search,0.00%,0.00,0.00
build deck on ground,AI Max,None,Fairfax-Search-Search - Deck Leads - VA - May 2025,Composite Decking,USD,0.00,0,1,0.00%,0,0.00,Search,0.00%,0.00,0.00
prince william deck,AI Max,None,Fairfax-Search-Search - Deck Leads - VA - May 2025,Deck Builders Near Me,USD,0.00,0,1,0.00%,0,0.00,Search,0.00%,0.00,0.00
cassella design and build,Performance Max,None,PMAX cu remarketing, --,USD,0.00,0,2,0.00%,0,0.00,Performance Max,0.00%,0.00,0.00
above ground hot tub deck ideas,Performance Max,None,PMAX cu remarketing, --,USD,0.00,0,1,0.00%,0,0.00,Performance Max,0.00%,0.00,0.00
nova exteriors,Performance Max,None,PMAX cu remarketing, --,USD,0.00,0,2,0.00%,0,0.00,Performance Max,0.00%,0.00,0.00
deckstar,Performance Max,None,PMAX cu remarketing, --,USD,0.00,0,1,0.00%,0,0.00,Performance Max,0.00%,0.00,0.00
creative design and construction,Performance Max,None,PMAX cu remarketing, --,USD,0.00,0,1,0.00%,0,0.00,Performance Max,0.00%,0.00,0.00
wrap around porch contractors,Performance Max,None,PMAX cu remarketing, --,USD,0.00,0,1,0.00%,0,0.00,Performance Max,0.00%,0.00,0.00
deck paint,Performance Max,None,PMAX cu remarketing, --,USD,0.00,0,1,0.00%,0,0.00,Performance Max,0.00%,0.00,0.00
contact trex decking,Performance Max,None,PMAX cu remarketing, --,USD,0.00,0,1,0.00%,0,0.00,Performance Max,0.00%,0.00,0.00
maryland deck and fence,Performance Max,None,PMAX cu remarketing, --,USD,0.00,0,1,0.00%,0,0.00,Performance Max,0.00%,0.00,0.00
12x12 floating deck,Performance Max,None,PMAX cu remarketing, --,USD,0.00,0,2,0.00%,0,0.00,Performance Max,0.00%,0.00,0.00
screened in patio,Performance Max,None,PMAX cu remarketing, --,USD,0.00,0,4,0.00%,0,0.00,Performance Max,0.00%,0.00,0.00
how to build deck railing on existing deck,Performance Max,None,PMAX cu remarketing, --,USD,0.00,0,1,0.00%,0,0.00,Performance Max,0.00%,0.00,0.00
where to buy composite decking near me,Performance Max,None,PMAX cu remarketing, --,USD,0.00,0,1,0.00%,0,0.00,Performance Max,0.00%,0.00,0.00
integrity decking company,Performance Max,None,PMAX cu remarketing, --,USD,0.00,0,1,0.00%,0,0.00,Performance Max,0.00%,0.00,0.00
decks by dak,Performance Max,None,PMAX cu remarketing, --,USD,0.00,0,3,0.00%,0,0.00,Performance Max,0.00%,0.00,0.00
porch patio,Performance Max,None,PMAX cu remarketing, --,USD,0.00,0,1,0.00%,0,0.00,Performance Max,0.00%,0.00,0.00
deckstars,AI Max,None,loudoun decks,Deck Builder - Middleburg,USD,0.00,0,1,0.00%,0,0.00,Search,0.00%,0.00,0.00
deck paver system,AI Max,None,loudoun decks,Deck Builder - Middleburg,USD,0.00,0,1,0.00%,0,0.00,Search,0.00%,0.00,0.00
cornerstone deck company,AI Max,None,loudoun decks,Loudoun Decks,USD,0.00,0,1,0.00%,0,0.00,Search,0.00%,0.00,0.00
deck houses,AI Max,None,loudoun decks,Loudoun Decks,USD,0.00,0,1,0.00%,0,0.00,Search,0.00%,0.00,0.00
diversified contractors,Performance Max,None,Pmax - Dec4, --,USD,0.00,0,1,0.00%,0,0.00,Performance Max,0.00%,0.00,0.00
fence,Performance Max,None,Pmax - Dec4, --,USD,0.00,0,3,0.00%,0,0.00,Performance Max,0.00%,0.00,0.00
deck and restoration dmv,Performance Max,None,Pmax - Dec4, --,USD,0.00,0,2,0.00%,0,0.00,Performance Max,0.00%,0.00,0.00
deck remodelers,AI Max,None,Deck Repair - Loudoun County,Deck Contractors Northern VA,USD,0.00,0,2,0.00%,0,0.00,Search,0.00%,0.00,0.00
cozy backyard,AI Max,None,Deck Repair - Loudoun County,Deck Restoration - Refinishing,USD,0.00,0,1,0.00%,0,0.00,Search,0.00%,0.00,0.00
deck repair near me within 20 mi,AI Max,None,Deck Repair - Loudoun County,Deck Repair - Loudoun County,USD,0.00,0,1,0.00%,0,0.00,Search,0.00%,0.00,0.00
composite decking,AI Max,None,Deck Repair - Loudoun County,Deck Repair - Loudoun County,USD,0.00,0,2,0.00%,0,0.00,Search,0.00%,0.00,0.00
timbertech decking,AI Max,None,Deck Repair - Loudoun County,Deck Repair - Loudoun County,USD,0.00,0,1,0.00%,0,0.00,Search,0.00%,0.00,0.00
lansing sterling va,AI Max,None,Premium Composite Decks,Ad group 1,USD,0.00,0,1,0.00%,0,0.00,Search,0.00%,0.00,0.00
porch design ideas,AI Max,None,Premium Composite Decks,Ad group 1,USD,0.00,0,1,0.00%,0,0.00,Search,0.00%,0.00,0.00
outdoor stair railings,AI Max,None,Premium Composite Decks,Ad group 1,USD,0.00,0,1,0.00%,0,0.00,Search,0.00%,0.00,0.00
trex winchester va,AI Max,None,Premium Composite Decks,Ad group 1,USD,0.00,0,3,0.00%,0,0.00,Search,0.00%,0.00,0.00
refinishing a deck,AI Max,None,Premium Composite Decks,Ad group 1,USD,0.00,0,1,0.00%,0,0.00,Search,0.00%,0.00,0.00
how to create privacy on deck,AI Max,None,Premium Composite Decks,Ad group 1,USD,0.00,0,1,0.00%,0,0.00,Search,0.00%,0.00,0.00
covered roof deck design,AI Max,None,Premium Composite Decks,Ad group 1,USD,0.00,0,1,0.00%,0,0.00,Search,0.00%,0.00,0.00
como construir un deck,AI Max,None,Premium Composite Decks,Ad group 1,USD,0.00,0,1,0.00%,0,0.00,Search,0.00%,0.00,0.00
azek building products,AI Max,None,Premium Composite Decks,Ad group 1,USD,0.00,0,1,0.00%,0,0.00,Search,0.00%,0.00,0.00
cornerstone deck company,AI Max,None,Premium Composite Decks,Ad group 1,USD,0.00,0,2,0.00%,0,0.00,Search,0.00%,0.00,0.00
lumber store near me,AI Max,None,Premium Composite Decks,Ad group 1,USD,840.00,1,5,20.00%,4.20,4.20,Search,0.00%,0.00,0.00
joist and decking,AI Max,None,Premium Composite Decks,Ad group 1,USD,0.00,0,1,0.00%,0,0.00,Search,0.00%,0.00,0.00
patio steps,AI Max,None,Premium Composite Decks,Ad group 1,USD,0.00,0,1,0.00%,0,0.00,Search,0.00%,0.00,0.00
potros construction,AI Max,None,Premium Composite Decks,Ad group 1,USD,0.00,0,3,0.00%,0,0.00,Search,0.00%,0.00,0.00
deck renovation near me,Exact match (close variant),None,Premium Composite Decks,Ad group 1,USD,0.00,0,1,0.00%,0,0.00,Search,0.00%,0.00,0.00
trex flooring installation,AI Max,None,Fairfax-Search-Search - Deck Leads - VA - May 2025,Composite Decking,USD,0.00,0,1,0.00%,0,0.00,Search,0.00%,0.00,0.00
decorative concrete slab,AI Max,None,Fairfax-Search-Search - Deck Leads - VA - May 2025,Deck + Patio / Outdoor Living,USD,0.00,0,1,0.00%,0,0.00,Search,0.00%,0.00,0.00
pro deck construction,AI Max,None,Fairfax-Search-Search - Deck Leads - VA - May 2025,Deck Builders Near Me,USD,0.00,0,1,0.00%,0,0.00,Search,0.00%,0.00,0.00
paver patio stones near me,AI Max,None,Fairfax-Search-Search - Deck Leads - VA - May 2025,Deck + Patio / Outdoor Living,USD,0.00,0,1,0.00%,0,0.00,Search,0.00%,0.00,0.00
struxure,AI Max,None,Fairfax-Search-Search - Deck Leads - VA - May 2025,Deck + Patio / Outdoor Living,USD,0.00,0,1,0.00%,0,0.00,Search,0.00%,0.00,0.00
patio companies near me,AI Max,None,Fairfax-Search-Search - Deck Leads - VA - May 2025,Deck Builders Near Me,USD,0.00,0,1,0.00%,0,0.00,Search,0.00%,0.00,0.00
backyard design,AI Max,None,Fairfax-Search-Search - Deck Leads - VA - May 2025,Deck + Patio / Outdoor Living,USD,0.00,0,2,0.00%,0,0.00,Search,0.00%,0.00,0.00
pavers patio,AI Max,None,Fairfax-Search-Search - Deck Leads - VA - May 2025,Deck + Patio / Outdoor Living,USD,0.00,0,4,0.00%,0,0.00,Search,0.00%,0.00,0.00
timbertech com,AI Max,None,Premium Composite Decks,Ad group 1,USD,0.00,0,1,0.00%,0,0.00,Search,0.00%,0.00,0.00
top construction companies in virginia,AI Max,None,Premium Composite Decks,Ad group 1,USD,0.00,0,1,0.00%,0,0.00,Search,0.00%,0.00,0.00
glickman design build,AI Max,None,Premium Composite Decks,Ad group 1,USD,0.00,0,1,0.00%,0,0.00,Search,0.00%,0.00,0.00
screened in decks,AI Max,None,Premium Composite Decks,Ad group 1,USD,0.00,0,1,0.00%,0,0.00,Search,0.00%,0.00,0.00
composite decks,AI Max,None,Premium Composite Decks,Ad group 1,USD,0.00,0,1,0.00%,0,0.00,Search,0.00%,0.00,0.00
deck helmet inc,AI Max,None,Premium Composite Decks,Ad group 1,USD,0.00,0,2,0.00%,0,0.00,Search,0.00%,0.00,0.00
eco decks,AI Max,None,Premium Composite Decks,Ad group 1,USD,0.00,0,1,0.00%,0,0.00,Search,0.00%,0.00,0.00
backyard deck before and after,AI Max,None,Premium Composite Decks,Ad group 1,USD,0.00,0,1,0.00%,0,0.00,Search,0.00%,0.00,0.00
screened in porch builders near me,AI Max,None,Premium Composite Decks,Ad group 1,USD,0.00,0,1,0.00%,0,0.00,Search,0.00%,0.00,0.00
handyman burke va,AI Max,None,Premium Composite Decks,Ad group 1,USD,0.00,0,1,0.00%,0,0.00,Search,0.00%,0.00,0.00
rocky harbor trex,AI Max,None,Premium Composite Decks,Ad group 1,USD,0.00,0,1,0.00%,0,0.00,Search,0.00%,0.00,0.00
cost of composite deck,AI Max,None,Premium Composite Decks,Ad group 1,USD,0.00,0,1,0.00%,0,0.00,Search,0.00%,0.00,0.00
pwhi,AI Max,None,Premium Composite Decks,Ad group 1,USD,0.00,0,1,0.00%,0,0.00,Search,0.00%,0.00,0.00
replace deck with trex,AI Max,None,Premium Composite Decks,Ad group 1,USD,0.00,0,2,0.00%,0,0.00,Search,0.00%,0.00,0.00
decksdirect coupon,AI Max,None,Premium Composite Decks,Ad group 1,USD,0.00,0,1,0.00%,0,0.00,Search,0.00%,0.00,0.00
deck refinishing cost,AI Max,None,Premium Composite Decks,Ad group 1,USD,0.00,0,1,0.00%,0,0.00,Search,0.00%,0.00,0.00
how to replace old deck boards,Performance Max,None,PMAX cu remarketing, --,USD,0.00,0,1,0.00%,0,0.00,Performance Max,0.00%,0.00,0.00
how to install a trex deck,Performance Max,None,PMAX cu remarketing, --,USD,0.00,0,1,0.00%,0,0.00,Performance Max,0.00%,0.00,0.00
sundecks,Performance Max,None,PMAX cu remarketing, --,USD,0.00,0,15,0.00%,0,0.00,Performance Max,0.00%,0.00,0.00
deck builders winchester va,Performance Max,None,PMAX cu remarketing, --,USD,0.00,0,1,0.00%,0,0.00,Performance Max,0.00%,0.00,0.00
how to build a deck for above ground pool,Performance Max,None,PMAX cu remarketing, --,USD,0.00,0,1,0.00%,0,0.00,Performance Max,0.00%,0.00,0.00
diy trex deck installation,Performance Max,None,PMAX cu remarketing, --,USD,0.00,0,1,0.00%,0,0.00,Performance Max,0.00%,0.00,0.00
hashaton deck tech,Performance Max,None,PMAX cu remarketing, --,USD,0.00,0,1,0.00%,0,0.00,Performance Max,0.00%,0.00,0.00
lumber yard alexandria va,Performance Max,None,PMAX cu remarketing, --,USD,0.00,0,2,0.00%,0,0.00,Performance Max,0.00%,0.00,0.00
backyard,Performance Max,None,PMAX cu remarketing, --,USD,0.00,0,9,0.00%,0,0.00,Performance Max,0.00%,0.00,0.00
battlefield custom decks and patios,Performance Max,None,PMAX cu remarketing, --,USD,0.00,0,4,0.00%,0,0.00,Performance Max,0.00%,0.00,0.00
deck repair ashburn va,Performance Max,None,PMAX cu remarketing, --,USD,0.00,0,1,0.00%,0,0.00,Performance Max,0.00%,0.00,0.00
pavern,Performance Max,None,PMAX cu remarketing, --,USD,0.00,0,1,0.00%,0,0.00,Performance Max,0.00%,0.00,0.00
pergola repair washington dc,Performance Max,None,PMAX cu remarketing, --,USD,0.00,0,1,0.00%,0,0.00,Performance Max,0.00%,0.00,0.00
trex transcend decking installation,Performance Max,None,PMAX cu remarketing, --,USD,0.00,0,1,0.00%,0,0.00,Performance Max,0.00%,0.00,0.00
stairs for deck ideas,Performance Max,None,PMAX cu remarketing, --,USD,0.00,0,1,0.00%,0,0.00,Performance Max,0.00%,0.00,0.00
fence installation maryland,Performance Max,None,PMAX cu remarketing, --,USD,0.00,0,2,0.00%,0,0.00,Performance Max,0.00%,0.00,0.00
20 deck boards,Performance Max,None,PMAX cu remarketing, --,USD,0.00,0,1,0.00%,0,0.00,Performance Max,0.00%,0.00,0.00
how to refinish your deck,Performance Max,None,PMAX cu remarketing, --,USD,0.00,0,1,0.00%,0,0.00,Performance Max,0.00%,0.00,0.00
fisher lumber rockville,Performance Max,None,PMAX cu remarketing, --,USD,0.00,0,1,0.00%,0,0.00,Performance Max,0.00%,0.00,0.00
prodeck installers,Performance Max,None,PMAX cu remarketing, --,USD,0.00,0,2,0.00%,0,0.00,Performance Max,0.00%,0.00,0.00
deck and,Performance Max,None,PMAX cu remarketing, --,USD,0.00,0,1,0.00%,0,0.00,Performance Max,0.00%,0.00,0.00
porch builders,Performance Max,None,PMAX cu remarketing, --,USD,0.00,0,1,0.00%,0,0.00,Performance Max,0.00%,0.00,0.00
best deck companies near me,AI Max,None,loudoun decks,Loudoun Decks,USD,0.00,0,1,0.00%,0,0.00,Search,0.00%,0.00,0.00
construccion cerca de mi,AI Max,None,loudoun decks,Deck Builder - South Riding,USD,0.00,0,1,0.00%,0,0.00,Search,0.00%,0.00,0.00
decks direct,AI Max,None,loudoun decks,Deck Builder - Leesburg,USD,0.00,0,1,0.00%,0,0.00,Search,0.00%,0.00,0.00
deck revive,AI Max,None,loudoun decks,Loudoun Decks,USD,0.00,0,1,0.00%,0,0.00,Search,0.00%,0.00,0.00
fiberon tuscan villa deck,AI Max,None,loudoun decks,Deck Builder - South Riding,USD,0.00,0,1,0.00%,0,0.00,Search,0.00%,0.00,0.00
trex deck near me,Phrase match (close variant),None,loudoun decks,Deck Builder - Brambleton,USD,0.00,0,1,0.00%,0,0.00,Search,0.00%,0.00,0.00
cornerstone deck company,Broad match,None,loudoun decks,Deck Builder - Brambleton,USD,0.00,0,1,0.00%,0,0.00,Search,0.00%,0.00,0.00
virginia deck builders,AI Max,None,loudoun decks,Deck Builder - Middleburg,USD,0.00,0,1,0.00%,0,0.00,Search,0.00%,0.00,0.00
millboard installers,Phrase match (close variant),None,loudoun decks,Deck Builder - Brambleton,USD,0.00,0,2,0.00%,0,0.00,Search,0.00%,0.00,0.00
amish built pavilions near me,Broad match,None,loudoun decks,Deck Builder - Brambleton,USD,0.00,0,2,0.00%,0,0.00,Search,0.00%,0.00,0.00
rockspring contracting,AI Max,None,loudoun decks,Deck Builder - Lovettsville,USD,0.00,0,1,0.00%,0,0.00,Search,0.00%,0.00,0.00
patio enclosures company,Broad match,None,loudoun decks,Deck Builder - Brambleton,USD,0.00,0,2,0.00%,0,0.00,Search,0.00%,0.00,0.00
patio contractors near me,AI Max,None,loudoun decks,Deck Builder - Broadlands,USD,0.00,0,1,0.00%,0,0.00,Search,0.00%,0.00,0.00
awnings for decks,Performance Max,None,Pmax - Dec4, --,USD,0.00,0,1,0.00%,0,0.00,Performance Max,0.00%,0.00,0.00
replace screen on screened in porch,Performance Max,None,Pmax - Dec4, --,USD,0.00,0,1,0.00%,0,0.00,Performance Max,0.00%,0.00,0.00
polywood near me,Performance Max,None,Pmax - Dec4, --,USD,0.00,0,1,0.00%,0,0.00,Performance Max,0.00%,0.00,0.00
stoneridge decks & outdoor living,AI Max,None,Deck Repair - Loudoun County,Deck Restoration - Refinishing,USD,0.00,0,1,0.00%,0,0.00,Search,0.00%,0.00,0.00
backyard renovations,AI Max,None,Deck Repair - Loudoun County,Deck Repair - Loudoun County,USD,1193.56,1,1,100.00%,1.19,1.19,Search,0.00%,0.00,0.00
backyards,AI Max,None,Fairfax-Search-Search - Deck Leads - VA - May 2025,Deck Builders Near Me,USD,0.00,0,1,0.00%,0,0.00,Search,0.00%,0.00,0.00
trex deck,AI Max,None,Fairfax-Search-Search - Deck Leads - VA - May 2025,Composite Decks,USD,0.00,0,1,0.00%,0,0.00,Search,0.00%,0.00,0.00
masonry contractor near me near me,AI Max,None,Fairfax-Search-Search - Deck Leads - VA - May 2025,Deck Repair & Refinishing,USD,0.00,0,1,0.00%,0,0.00,Search,0.00%,0.00,0.00
deck wood replacement,Exact match (close variant),None,SRCH | Replacement + Resurfacing | 3 Counties | Calls,Deck Replacement,USD,0.00,0,2,0.00%,0,0.00,Search,0.00%,0.00,0.00
building patio,Performance Max,None,PMAX cu remarketing, --,USD,0.00,0,3,0.00%,0,0.00,Performance Max,0.00%,0.00,0.00
prestige decks,Performance Max,None,PMAX cu remarketing, --,USD,0.00,0,3,0.00%,0,0.00,Performance Max,0.00%,0.00,0.00
deck envy llc,Performance Max,None,PMAX cu remarketing, --,USD,0.00,0,2,0.00%,0,0.00,Performance Max,0.00%,0.00,0.00
gazebo installation near me,Performance Max,None,PMAX cu remarketing, --,USD,0.00,0,1,0.00%,0,0.00,Performance Max,0.00%,0.00,0.00
northern deckworks,Performance Max,None,PMAX cu remarketing, --,USD,0.00,0,2,0.00%,0,0.00,Performance Max,0.00%,0.00,0.00
long fence dc,Performance Max,None,PMAX cu remarketing, --,USD,0.00,0,1,0.00%,0,0.00,Performance Max,0.00%,0.00,0.00
sand blasting deck,Performance Max,None,PMAX cu remarketing, --,USD,0.00,0,1,0.00%,0,0.00,Performance Max,0.00%,0.00,0.00
how to replace rotten deck boards,Performance Max,None,PMAX cu remarketing, --,USD,0.00,0,3,0.00%,0,0.00,Performance Max,0.00%,0.00,0.00
long fence chantilly,Performance Max,None,PMAX cu remarketing, --,USD,0.00,0,1,0.00%,0,0.00,Performance Max,0.00%,0.00,0.00
pergola install near me,Performance Max,None,PMAX cu remarketing, --,USD,9350.00,1,1,100.00%,9.35,9.35,Performance Max,0.00%,0.00,0.00
beantown deck solutions,Performance Max,None,PMAX cu remarketing, --,USD,0.00,0,2,0.00%,0,0.00,Performance Max,0.00%,0.00,0.00
dream exterior,Performance Max,None,PMAX cu remarketing, --,USD,0.00,0,1,0.00%,0,0.00,Performance Max,0.00%,0.00,0.00
porch enclosure contractors,Performance Max,None,PMAX cu remarketing, --,USD,0.00,0,1,0.00%,0,0.00,Performance Max,0.00%,0.00,0.00
jw contracting,Performance Max,None,PMAX cu remarketing, --,USD,0.00,0,1,0.00%,0,0.00,Performance Max,0.00%,0.00,0.00
deck and bud,Performance Max,None,PMAX cu remarketing, --,USD,0.00,0,1,0.00%,0,0.00,Performance Max,0.00%,0.00,0.00
ipe wood deck,Performance Max,None,PMAX cu remarketing, --,USD,0.00,0,1,0.00%,0,0.00,Performance Max,0.00%,0.00,0.00
power wash my deck,Performance Max,None,PMAX cu remarketing, --,USD,0.00,0,1,0.00%,0,0.00,Performance Max,0.00%,0.00,0.00
pvc decking,Performance Max,None,PMAX cu remarketing, --,USD,0.00,0,1,0.00%,0,0.00,Performance Max,0.00%,0.00,0.00
deck board repair,Performance Max,None,PMAX cu remarketing, --,USD,0.00,0,1,0.00%,0,0.00,Performance Max,0.00%,0.00,0.00
neds new england deck fairfax,Performance Max,None,PMAX cu remarketing, --,USD,0.00,0,1,0.00%,0,0.00,Performance Max,0.00%,0.00,0.00
building under deck storage,Performance Max,None,PMAX cu remarketing, --,USD,0.00,0,2,0.00%,0,0.00,Performance Max,0.00%,0.00,0.00
trex deck,AI Max,None,loudoun decks,Deck Builder - South Riding,USD,0.00,0,1,0.00%,0,0.00,Search,0.00%,0.00,0.00
ground level deck for hot tub,AI Max,None,loudoun decks,Deck Builder - South Riding,USD,0.00,0,1,0.00%,0,0.00,Search,0.00%,0.00,0.00
cypress glen outdoor,AI Max,None,loudoun decks,Deck Builder - Hamilton,USD,0.00,0,2,0.00%,0,0.00,Search,0.00%,0.00,0.00
moore designs,AI Max,None,loudoun decks,Deck Builder - South Riding,USD,0.00,0,1,0.00%,0,0.00,Search,0.00%,0.00,0.00
deck builders,Exact match (close variant),None,loudoun decks,Deck Builder - Broadlands,USD,0.00,0,1,0.00%,0,0.00,Search,0.00%,0.00,0.00
fence companies near me,Performance Max,None,Pmax - Dec4, --,USD,0.00,0,1,0.00%,0,0.00,Performance Max,0.00%,0.00,0.00
deck resurfacing,Exact match,Added,Deck Repair - Loudoun County,Deck Repair - Loudoun County,USD,0.00,0,3,0.00%,0,0.00,Search,0.00%,0.00,0.00
pennsylvania blue stone,AI Max,None,Premium Composite Decks,Ad group 1,USD,0.00,0,1,0.00%,0,0.00,Search,0.00%,0.00,0.00
lumber yard leesburg va,AI Max,None,Premium Composite Decks,Ad group 1,USD,0.00,0,1,0.00%,0,0.00,Search,0.00%,0.00,0.00
decks ideas,AI Max,None,Premium Composite Decks,Ad group 1,USD,0.00,0,1,0.00%,0,0.00,Search,0.00%,0.00,0.00
portico builders,AI Max,None,Premium Composite Decks,Ad group 1,USD,0.00,0,1,0.00%,0,0.00,Search,0.00%,0.00,0.00
duradek installation,AI Max,None,Premium Composite Decks,Ad group 1,USD,0.00,0,1,0.00%,0,0.00,Search,0.00%,0.00,0.00
trex deck contractors,Exact match (close variant),None,SRCH | Composite | 3 Counties | Calls,Trex,USD,0.00,0,1,0.00%,0,0.00,Search,0.00%,0.00,0.00
landscapers near me,AI Max,None,Fairfax-Search-Search - Deck Leads - VA - May 2025,Deck + Patio / Outdoor Living,USD,0.00,0,2,0.00%,0,0.00,Search,0.00%,0.00,0.00
woodscape construction,AI Max,None,Fairfax-Search-Search - Deck Leads - VA - May 2025,Deck + Patio / Outdoor Living,USD,0.00,0,1,0.00%,0,0.00,Search,0.00%,0.00,0.00
deck board replacement,AI Max,None,Fairfax-Search-Search - Deck Leads - VA - May 2025,Deck Repair & Refinishing,USD,0.00,0,1,0.00%,0,0.00,Search,0.00%,0.00,0.00
best color for deck,AI Max,None,Fairfax-Search-Search - Deck Leads - VA - May 2025,Deck Builders Near Me,USD,0.00,0,1,0.00%,0,0.00,Search,0.00%,0.00,0.00
contracting,AI Max,None,Fairfax-Search-Search - Deck Leads - VA - May 2025,Deck Builders Near Me,USD,0.00,0,1,0.00%,0,0.00,Search,0.00%,0.00,0.00
decked out landscapes llc,AI Max,None,Fairfax-Search-Search - Deck Leads - VA - May 2025,Deck Builders Near Me,USD,0.00,0,1,0.00%,0,0.00,Search,0.00%,0.00,0.00
zipup underdeck,AI Max,None,Fairfax-Search-Search - Deck Leads - VA - May 2025,Deck Builders Near Me,USD,0.00,0,1,0.00%,0,0.00,Search,0.00%,0.00,0.00
replace deck joists,Phrase match,None,SRCH | Replacement + Resurfacing | 3 Counties | Calls,Deck Replacement,USD,0.00,0,1,0.00%,0,0.00,Search,0.00%,0.00,0.00
core construction,AI Max,None,Premium Composite Decks,Ad group 1,USD,0.00,0,1,0.00%,0,0.00,Search,0.00%,0.00,0.00
summit construction,AI Max,None,Premium Composite Decks,Ad group 1,USD,0.00,0,1,0.00%,0,0.00,Search,0.00%,0.00,0.00
trex decking colors,AI Max,None,Premium Composite Decks,Ad group 1,USD,0.00,0,1,0.00%,0,0.00,Search,0.00%,0.00,0.00
aluminum deck railing,AI Max,None,Premium Composite Decks,Ad group 1,USD,0.00,0,1,0.00%,0,0.00,Search,0.00%,0.00,0.00
builders,AI Max,None,Premium Composite Decks,Ad group 1,USD,0.00,0,2,0.00%,0,0.00,Search,0.00%,0.00,0.00
wolf pvc railing,AI Max,None,Premium Composite Decks,Ad group 1,USD,0.00,0,2,0.00%,0,0.00,Search,0.00%,0.00,0.00
mok construction,AI Max,None,Premium Composite Decks,Ad group 1,USD,0.00,0,1,0.00%,0,0.00,Search,0.00%,0.00,0.00
injectadeck,AI Max,None,Premium Composite Decks,Ad group 1,USD,0.00,0,2,0.00%,0,0.00,Search,0.00%,0.00,0.00
residential deck contractors near me,Exact match (close variant),None,Premium Composite Decks,Ad group 1,USD,303.48,1,8,12.50%,2.43,2.43,Search,0.00%,0.00,0.00
how much weight can my deck hold,AI Max,None,Premium Composite Decks,Ad group 1,USD,0.00,0,1,0.00%,0,0.00,Search,0.00%,0.00,0.00
porch repair near me,AI Max,None,Premium Composite Decks,Ad group 1,USD,3132.18,1,3,33.33%,9.40,9.40,Search,0.00%,0.00,0.00
masons landscape,AI Max,None,Premium Composite Decks,Ad group 1,USD,0.00,0,2,0.00%,0,0.00,Search,0.00%,0.00,0.00
deck replacement near me,Exact match (close variant),None,Premium Composite Decks,Ad group 1,USD,6806.00,1,5,20.00%,34.03,34.03,Search,0.00%,0.00,0.00
pvc deck boards,AI Max,None,Premium Composite Decks,Ad group 1,USD,0.00,0,1,0.00%,0,0.00,Search,0.00%,0.00,0.00
motorized pergola near me,AI Max,None,Premium Composite Decks,Ad group 1,USD,0.00,0,1,0.00%,0,0.00,Search,0.00%,0.00,0.00
deck installation near me,Exact match (close variant),None,Premium Composite Decks,Ad group 1,USD,0.00,0,2,0.00%,0,0.00,Search,0.00%,0.00,0.00
siding cleaning,Performance Max,None,PMAX cu remarketing, --,USD,0.00,0,1,0.00%,0,0.00,Performance Max,0.00%,0.00,0.00
custom pergola attached to house,Performance Max,None,PMAX cu remarketing, --,USD,0.00,0,1,0.00%,0,0.00,Performance Max,0.00%,0.00,0.00
virginia supply manassas,Performance Max,None,PMAX cu remarketing, --,USD,0.00,0,2,0.00%,0,0.00,Performance Max,0.00%,0.00,0.00
simple deck designs pictures,Performance Max,None,PMAX cu remarketing, --,USD,0.00,0,1,0.00%,0,0.00,Performance Max,0.00%,0.00,0.00
porch view,Performance Max,None,PMAX cu remarketing, --,USD,0.00,0,1,0.00%,0,0.00,Performance Max,0.00%,0.00,0.00
acacia general contractors,Performance Max,None,PMAX cu remarketing, --,USD,0.00,0,4,0.00%,0,0.00,Performance Max,0.00%,0.00,0.00
how to build a high deck,Performance Max,None,PMAX cu remarketing, --,USD,0.00,0,1,0.00%,0,0.00,Performance Max,0.00%,0.00,0.00
loudoun deck and fence reviews,Performance Max,None,PMAX cu remarketing, --,USD,0.00,0,2,0.00%,0,0.00,Performance Max,0.00%,0.00,0.00
16x16 composite deck cost,Performance Max,None,PMAX cu remarketing, --,USD,0.00,0,1,0.00%,0,0.00,Performance Max,0.00%,0.00,0.00
cuanto cobrar por pintar un deck,Performance Max,None,PMAX cu remarketing, --,USD,0.00,0,1,0.00%,0,0.00,Performance Max,0.00%,0.00,0.00
screen porch decorating ideas,Performance Max,None,PMAX cu remarketing, --,USD,0.00,0,2,0.00%,0,0.00,Performance Max,0.00%,0.00,0.00
the fence and deck depot,Performance Max,None,PMAX cu remarketing, --,USD,0.00,0,1,0.00%,0,0.00,Performance Max,0.00%,0.00,0.00
installing vinyl railing on porch,Performance Max,None,PMAX cu remarketing, --,USD,0.00,0,2,0.00%,0,0.00,Performance Max,0.00%,0.00,0.00
build screened deck,Performance Max,None,PMAX cu remarketing, --,USD,0.00,0,1,0.00%,0,0.00,Performance Max,0.00%,0.00,0.00
adding a screened in porch to existing house,Performance Max,None,PMAX cu remarketing, --,USD,0.00,0,1,0.00%,0,0.00,Performance Max,0.00%,0.00,0.00
mc deck and fence,Performance Max,None,PMAX cu remarketing, --,USD,0.00,0,7,0.00%,0,0.00,Performance Max,0.00%,0.00,0.00
custom railings near me,Performance Max,None,PMAX cu remarketing, --,USD,0.00,0,1,0.00%,0,0.00,Performance Max,0.00%,0.00,0.00
loudoun deck repair reviews,Performance Max,None,PMAX cu remarketing, --,USD,0.00,0,2,0.00%,0,0.00,Performance Max,0.00%,0.00,0.00
when to replace deck boards,Performance Max,None,PMAX cu remarketing, --,USD,0.00,0,1,0.00%,0,0.00,Performance Max,0.00%,0.00,0.00
lumberyard near me,Performance Max,None,PMAX cu remarketing, --,USD,0.00,0,1,0.00%,0,0.00,Performance Max,0.00%,0.00,0.00
deck installation,Performance Max,None,PMAX cu remarketing, --,USD,0.00,0,2,0.00%,0,0.00,Performance Max,0.00%,0.00,0.00
fence repair stafford va,Performance Max,None,PMAX cu remarketing, --,USD,0.00,0,1,0.00%,0,0.00,Performance Max,0.00%,0.00,0.00
front porch replacement cost,Performance Max,None,PMAX cu remarketing, --,USD,0.00,0,1,0.00%,0,0.00,Performance Max,0.00%,0.00,0.00
deck replacement boards,Performance Max,None,PMAX cu remarketing, --,USD,0.00,0,1,0.00%,0,0.00,Performance Max,0.00%,0.00,0.00
wooden patio extension,Phrase match (close variant),None,loudoun decks,Deck Builder - Brambleton,USD,0.00,0,1,0.00%,0,0.00,Search,0.00%,0.00,0.00
kehl construction,AI Max,None,loudoun decks,Deck Builder - South Riding,USD,0.00,0,1,0.00%,0,0.00,Search,0.00%,0.00,0.00
structure x pergolas,Broad match,None,loudoun decks,Deck Builder - Brambleton,USD,0.00,0,1,0.00%,0,0.00,Search,0.00%,0.00,0.00
carpenter,AI Max,None,loudoun decks,Deck Builder - South Riding,USD,0.00,0,2,0.00%,0,0.00,Search,0.00%,0.00,0.00
terrace wooden deck,AI Max,None,loudoun decks,Deck Builder - Sterling,USD,0.00,0,1,0.00%,0,0.00,Search,0.00%,0.00,0.00
loudoun county deck builders,AI Max,None,loudoun decks,Deck Builder - Leesburg,USD,16995.47,1,1,100.00%,17.00,17.00,Search,0.00%,0.00,0.00
companies that install outdoor stair railings,Broad match,None,loudoun decks,Deck Builder - Brambleton,USD,0.00,0,1,0.00%,0,0.00,Search,0.00%,0.00,0.00
edecks decorative concrete,Broad match,None,loudoun decks,Deck Builder - Brambleton,USD,0.00,0,2,0.00%,0,0.00,Search,0.00%,0.00,0.00
deckstar llc,AI Max,None,loudoun decks,Loudoun Decks,USD,0.00,0,2,0.00%,0,0.00,Search,0.00%,0.00,0.00
excellent exteriors,AI Max,None,loudoun decks,Deck Builder - South Riding,USD,0.00,0,1,0.00%,0,0.00,Search,0.00%,0.00,0.00
deck building,AI Max,None,loudoun decks,Deck Builder - Aldie,USD,0.00,0,1,0.00%,0,0.00,Search,0.00%,0.00,0.00
deck,AI Max,None,loudoun decks,Deck Builder - South Riding,USD,0.00,0,3,0.00%,0,0.00,Search,0.00%,0.00,0.00
deck tech,Performance Max,None,Pmax - Dec4, --,USD,0.00,0,1,0.00%,0,0.00,Performance Max,0.00%,0.00,0.00
arca construction,AI Max,None,Deck Repair - Loudoun County,Deck Contractors Northern VA,USD,0.00,0,1,0.00%,0,0.00,Search,0.00%,0.00,0.00
m&j carpentry,AI Max,None,Deck Repair - Loudoun County,Deck Repair - Loudoun County,USD,0.00,0,1,0.00%,0,0.00,Search,0.00%,0.00,0.00
replace deck boards with composite,AI Max,None,Deck Repair - Loudoun County,Deck Repair - Loudoun County,USD,0.00,0,1,0.00%,0,0.00,Search,0.00%,0.00,0.00
deck oasis llc,AI Max,None,Fairfax-Search-Search - Deck Leads - VA - May 2025,Deck + Patio / Outdoor Living,USD,0.00,0,1,0.00%,0,0.00,Search,0.00%,0.00,0.00
outdoor patio installation near me,Phrase match (close variant),None,Fairfax-Search-Search - Deck Leads - VA - May 2025,Deck + Patio / Outdoor Living,USD,0.00,0,1,0.00%,0,0.00,Search,0.00%,0.00,0.00
fortress construction,AI Max,None,Fairfax-Search-Search - Deck Leads - VA - May 2025,Deck Builders Near Me,USD,0.00,0,1,0.00%,0,0.00,Search,0.00%,0.00,0.00
blackstar construction,AI Max,None,Fairfax-Search-Search - Deck Leads - VA - May 2025,Deck Builders Near Me,USD,0.00,0,1,0.00%,0,0.00,Search,0.00%,0.00,0.00
northern virginia deck builders,AI Max,None,Fairfax-Search-Search - Deck Leads - VA - May 2025,Deck Builders Near Me,USD,0.00,0,1,0.00%,0,0.00,Search,0.00%,0.00,0.00
power washing company near me,AI Max,None,Premium Composite Decks,Ad group 1,USD,4275.00,1,2,50.00%,8.55,8.55,Search,0.00%,0.00,0.00
deck resurfacer,AI Max,None,Premium Composite Decks,Ad group 1,USD,0.00,0,1,0.00%,0,0.00,Search,0.00%,0.00,0.00
deck railing,AI Max,None,Premium Composite Decks,Ad group 1,USD,786.67,1,6,16.67%,4.72,4.72,Search,0.00%,0.00,0.00
instalacion de deck,AI Max,None,Premium Composite Decks,Ad group 1,USD,0.00,0,1,0.00%,0,0.00,Search,0.00%,0.00,0.00
cost to add a porch to a house,AI Max,None,Premium Composite Decks,Ad group 1,USD,0.00,0,1,0.00%,0,0.00,Search,0.00%,0.00,0.00
mclean home improvement,AI Max,None,Premium Composite Decks,Ad group 1,USD,0.00,0,1,0.00%,0,0.00,Search,0.00%,0.00,0.00
deck builder near me,AI Max,None,Premium Composite Decks,Ad group 1,USD,0.00,0,1,0.00%,0,0.00,Search,0.00%,0.00,0.00
top deck builders near me,Exact match (close variant),None,Premium Composite Decks,Ad group 1,USD,0.00,0,2,0.00%,0,0.00,Search,0.00%,0.00,0.00
twperry springfield va,AI Max,None,Premium Composite Decks,Ad group 1,USD,0.00,0,1,0.00%,0,0.00,Search,0.00%,0.00,0.00
dutchman repairs,AI Max,None,Premium Composite Decks,Ad group 1,USD,0.00,0,1,0.00%,0,0.00,Search,0.00%,0.00,0.00
timbertech weathered teak,AI Max,None,Premium Composite Decks,Ad group 1,USD,0.00,0,3,0.00%,0,0.00,Search,0.00%,0.00,0.00
trex decking color,AI Max,None,Premium Composite Decks,Ad group 1,USD,0.00,0,1,0.00%,0,0.00,Search,0.00%,0.00,0.00
trex post caps 6x6,AI Max,None,Premium Composite Decks,Ad group 1,USD,0.00,0,1,0.00%,0,0.00,Search,0.00%,0.00,0.00
deck supplies near me,AI Max,None,Premium Composite Decks,Ad group 1,USD,0.00,0,1,0.00%,0,0.00,Search,0.00%,0.00,0.00
haijoe,AI Max,None,Premium Composite Decks,Ad group 1,USD,0.00,0,1,0.00%,0,0.00,Search,0.00%,0.00,0.00
how to connect deck beams,AI Max,None,Premium Composite Decks,Ad group 1,USD,0.00,0,1,0.00%,0,0.00,Search,0.00%,0.00,0.00
deck wrapping,AI Max,None,Premium Composite Decks,Ad group 1,USD,0.00,0,2,0.00%,0,0.00,Search,0.00%,0.00,0.00
deck building 101,AI Max,None,Premium Composite Decks,Ad group 1,USD,0.00,0,1,0.00%,0,0.00,Search,0.00%,0.00,0.00
concrete patio with deck,AI Max,None,Premium Composite Decks,Ad group 1,USD,0.00,0,1,0.00%,0,0.00,Search,0.00%,0.00,0.00
cost of 300 sq ft deck,AI Max,None,Premium Composite Decks,Ad group 1,USD,0.00,0,1,0.00%,0,0.00,Search,0.00%,0.00,0.00
outdoor stair replacement near me,Performance Max,None,PMAX cu remarketing, --,USD,0.00,0,1,0.00%,0,0.00,Performance Max,0.00%,0.00,0.00
fix deck,Performance Max,None,PMAX cu remarketing, --,USD,0.00,0,1,0.00%,0,0.00,Performance Max,0.00%,0.00,0.00
fredericksburg deck builders inc,Performance Max,None,PMAX cu remarketing, --,USD,0.00,0,6,0.00%,0,0.00,Performance Max,0.00%,0.00,0.00
deck build,Performance Max,None,PMAX cu remarketing, --,USD,0.00,0,3,0.00%,0,0.00,Performance Max,0.00%,0.00,0.00
trex select decking installation,Performance Max,None,PMAX cu remarketing, --,USD,0.00,0,6,0.00%,0,0.00,Performance Max,0.00%,0.00,0.00
tw perry leesburg va,Performance Max,None,PMAX cu remarketing, --,USD,0.00,0,1,0.00%,0,0.00,Performance Max,0.00%,0.00,0.00
awning near me,Performance Max,None,PMAX cu remarketing, --,USD,0.00,0,1,0.00%,0,0.00,Performance Max,0.00%,0.00,0.00
screened in porch builders near me,Performance Max,None,PMAX cu remarketing, --,USD,0.00,0,2,0.00%,0,0.00,Performance Max,0.00%,0.00,0.00
10x20 deck cost,Performance Max,None,PMAX cu remarketing, --,USD,0.00,0,2,0.00%,0,0.00,Performance Max,0.00%,0.00,0.00
where can i buy composite decking,Performance Max,None,PMAX cu remarketing, --,USD,0.00,0,1,0.00%,0,0.00,Performance Max,0.00%,0.00,0.00
deck remodeling ideas,Performance Max,None,PMAX cu remarketing, --,USD,0.00,0,2,0.00%,0,0.00,Performance Max,0.00%,0.00,0.00
timbertech azek,Performance Max,None,PMAX cu remarketing, --,USD,0.00,0,1,0.00%,0,0.00,Performance Max,0.00%,0.00,0.00
decks,Performance Max,None,PMAX cu remarketing, --,USD,16.67,1,15,6.67%,0.25,0.25,Performance Max,0.00%,0.00,0.00
pressure washing plays,Performance Max,None,PMAX cu remarketing, --,USD,0.00,0,1,0.00%,0,0.00,Performance Max,0.00%,0.00,0.00
fencing in washington dc,Performance Max,None,PMAX cu remarketing, --,USD,520.00,2,4,50.00%,1.04,2.08,Performance Max,0.00%,0.00,0.00
new england deck builders,Performance Max,None,PMAX cu remarketing, --,USD,0.00,0,1,0.00%,0,0.00,Performance Max,0.00%,0.00,0.00
timbertech decking english walnut,Performance Max,None,PMAX cu remarketing, --,USD,0.00,0,1,0.00%,0,0.00,Performance Max,0.00%,0.00,0.00
deck clean and stain near me,Performance Max,None,PMAX cu remarketing, --,USD,0.00,0,1,0.00%,0,0.00,Performance Max,0.00%,0.00,0.00
probuilt decks,AI Max,None,loudoun decks,Deck Builder - South Riding,USD,0.00,0,1,0.00%,0,0.00,Search,0.00%,0.00,0.00
www backyarddiscovery com,Broad match,None,loudoun decks,Deck Builder - Brambleton,USD,0.00,0,1,0.00%,0,0.00,Search,0.00%,0.00,0.00
deck prices,AI Max,None,loudoun decks,Deck Builder - South Riding,USD,0.00,0,1,0.00%,0,0.00,Search,0.00%,0.00,0.00
american deck and patio,AI Max,None,loudoun decks,Deck Builder - Leesburg,USD,0.00,0,3,0.00%,0,0.00,Search,0.00%,0.00,0.00
gravel patio,Broad match,None,loudoun decks,Deck Builder - Brambleton,USD,0.00,0,1,0.00%,0,0.00,Search,0.00%,0.00,0.00
decksdirect,AI Max,None,loudoun decks,Loudoun Decks,USD,0.00,0,1,0.00%,0,0.00,Search,0.00%,0.00,0.00
deck design,AI Max,None,loudoun decks,Deck Builder - South Riding,USD,0.00,0,1,0.00%,0,0.00,Search,0.00%,0.00,0.00
all about fences,Performance Max,None,Pmax - Dec4, --,USD,0.00,0,6,0.00%,0,0.00,Performance Max,0.00%,0.00,0.00
compañias de fence,Performance Max,None,Pmax - Dec4, --,USD,0.00,0,1,0.00%,0,0.00,Performance Max,0.00%,0.00,0.00
screened in porch,Performance Max,None,Pmax - Dec4, --,USD,0.00,0,3,0.00%,0,0.00,Performance Max,0.00%,0.00,0.00
hoppy design and build,Performance Max,None,Pmax - Dec4, --,USD,0.00,0,5,0.00%,0,0.00,Performance Max,0.00%,0.00,0.00
skyline construction,AI Max,None,Deck Repair - Loudoun County,Deck Repair - Loudoun County,USD,0.00,0,1,0.00%,0,0.00,Search,0.00%,0.00,0.00
timber care,AI Max,None,Deck Repair - Loudoun County,Deck Repair - Loudoun County,USD,0.00,0,1,0.00%,0,0.00,Search,0.00%,0.00,0.00
carpenter services near me,AI Max,None,Deck Repair - Loudoun County,Deck Repair - Loudoun County,USD,0.00,0,1,0.00%,0,0.00,Search,0.00%,0.00,0.00
awning company near me,AI Max,None,Fairfax-Search-Search - Deck Leads - VA - May 2025,Deck + Patio / Outdoor Living,USD,0.00,0,1,0.00%,0,0.00,Search,0.00%,0.00,0.00
fiberon forest brown,AI Max,None,Fairfax-Search-Search - Deck Leads - VA - May 2025,Composite Decking,USD,0.00,0,1,0.00%,0,0.00,Search,0.00%,0.00,0.00
deck tension tie installation,AI Max,None,Fairfax-Search-Search - Deck Leads - VA - May 2025,Deck Builders Near Me,USD,0.00,0,1,0.00%,0,0.00,Search,0.00%,0.00,0.00
remodel pool coping,AI Max,None,Fairfax-Search-Search - Deck Leads - VA - May 2025,Deck + Patio / Outdoor Living,USD,0.00,0,1,0.00%,0,0.00,Search,0.00%,0.00,0.00
distinctive deck designs,Performance Max,None,PMAX cu remarketing, --,USD,0.00,0,2,0.00%,0,0.00,Performance Max,0.00%,0.00,0.00
porch screening,Performance Max,None,PMAX cu remarketing, --,USD,0.00,0,1,0.00%,0,0.00,Performance Max,0.00%,0.00,0.00
ipe decking near me,Performance Max,None,PMAX cu remarketing, --,USD,0.00,0,1,0.00%,0,0.00,Performance Max,0.00%,0.00,0.00
deckscapes of virginia llc,Performance Max,None,PMAX cu remarketing, --,USD,0.00,0,1,0.00%,0,0.00,Performance Max,0.00%,0.00,0.00
spanish style patio,Performance Max,None,PMAX cu remarketing, --,USD,0.00,0,1,0.00%,0,0.00,Performance Max,0.00%,0.00,0.00
deck boards composite,Performance Max,None,PMAX cu remarketing, --,USD,0.00,0,1,0.00%,0,0.00,Performance Max,0.00%,0.00,0.00
new england deck,Performance Max,None,PMAX cu remarketing, --,USD,0.00,0,1,0.00%,0,0.00,Performance Max,0.00%,0.00,0.00
replacing wood deck boards,Performance Max,None,PMAX cu remarketing, --,USD,0.00,0,1,0.00%,0,0.00,Performance Max,0.00%,0.00,0.00
landscape designers near me,Performance Max,None,PMAX cu remarketing, --,USD,0.00,0,1,0.00%,0,0.00,Performance Max,0.00%,0.00,0.00
waterproof my deck,Performance Max,None,PMAX cu remarketing, --,USD,0.00,0,1,0.00%,0,0.00,Performance Max,0.00%,0.00,0.00
screen and porch,Performance Max,None,PMAX cu remarketing, --,USD,0.00,0,1,0.00%,0,0.00,Performance Max,0.00%,0.00,0.00
where to buy kdat lumber,Performance Max,None,PMAX cu remarketing, --,USD,0.00,0,1,0.00%,0,0.00,Performance Max,0.00%,0.00,0.00
gazebo building,Performance Max,None,PMAX cu remarketing, --,USD,0.00,0,1,0.00%,0,0.00,Performance Max,0.00%,0.00,0.00
patio cover,Performance Max,None,PMAX cu remarketing, --,USD,0.00,0,1,0.00%,0,0.00,Performance Max,0.00%,0.00,0.00
landscape architect,Performance Max,None,PMAX cu remarketing, --,USD,0.00,0,1,0.00%,0,0.00,Performance Max,0.00%,0.00,0.00
deck railing,Performance Max,None,PMAX cu remarketing, --,USD,0.00,0,1,0.00%,0,0.00,Performance Max,0.00%,0.00,0.00
fence & deck direct,Performance Max,None,PMAX cu remarketing, --,USD,0.00,0,1,0.00%,0,0.00,Performance Max,0.00%,0.00,0.00
where to buy azek products,Performance Max,None,PMAX cu remarketing, --,USD,0.00,0,1,0.00%,0,0.00,Performance Max,0.00%,0.00,0.00
residential fences,Performance Max,None,PMAX cu remarketing, --,USD,0.00,0,1,0.00%,0,0.00,Performance Max,0.00%,0.00,0.00
building screen enclosure,Performance Max,None,PMAX cu remarketing, --,USD,0.00,0,1,0.00%,0,0.00,Performance Max,0.00%,0.00,0.00
on ground deck,Performance Max,None,PMAX cu remarketing, --,USD,0.00,0,1,0.00%,0,0.00,Performance Max,0.00%,0.00,0.00
modern deck,Performance Max,None,PMAX cu remarketing, --,USD,0.00,0,1,0.00%,0,0.00,Performance Max,0.00%,0.00,0.00
cleaning patio furniture with pressure washer,Performance Max,None,PMAX cu remarketing, --,USD,0.00,0,1,0.00%,0,0.00,Performance Max,0.00%,0.00,0.00
deck repair gaithersburg md,Performance Max,None,PMAX cu remarketing, --,USD,0.00,0,1,0.00%,0,0.00,Performance Max,0.00%,0.00,0.00
replacing deck boards with composite,Performance Max,None,PMAX cu remarketing, --,USD,0.00,0,3,0.00%,0,0.00,Performance Max,0.00%,0.00,0.00
decks and docks,Broad match,None,loudoun decks,Deck Builder - Brambleton,USD,0.00,0,1,0.00%,0,0.00,Search,0.00%,0.00,0.00
front steps replacement,Broad match,None,loudoun decks,Deck Builder - Brambleton,USD,0.00,0,1,0.00%,0,0.00,Search,0.00%,0.00,0.00
deck work near me,Exact match (close variant),None,loudoun decks,Deck Builder - Leesburg,USD,0.00,0,2,0.00%,0,0.00,Search,0.00%,0.00,0.00
awnings by clark,Broad match,None,loudoun decks,Deck Builder - Brambleton,USD,0.00,0,1,0.00%,0,0.00,Search,0.00%,0.00,0.00
honey grove trex,AI Max,None,loudoun decks,Deck Builder - Middleburg,USD,0.00,0,2,0.00%,0,0.00,Search,0.00%,0.00,0.00
decks on houses,AI Max,None,loudoun decks,Deck Builder - South Riding,USD,0.00,0,1,0.00%,0,0.00,Search,0.00%,0.00,0.00
construcción companies near me,AI Max,None,loudoun decks,Deck Builder - Sterling,USD,0.00,0,1,0.00%,0,0.00,Search,0.00%,0.00,0.00
deck builders near me,Exact match,Added,loudoun decks,Deck Builder - Hamilton,USD,0.00,0,1,0.00%,0,0.00,Search,0.00%,0.00,0.00
deck replacement cost,Performance Max,None,Pmax - Dec4, --,USD,0.00,0,1,0.00%,0,0.00,Performance Max,0.00%,0.00,0.00
pro deck construction,AI Max,None,Deck Repair - Loudoun County,Deck Repair - Loudoun County,USD,0.00,0,1,0.00%,0,0.00,Search,0.00%,0.00,0.00
loudoun deck repair,Exact match (close variant),None,Deck Repair - Loudoun County,Deck Repair - Loudoun County,USD,1268.26,2,14,14.29%,8.88,17.76,Search,0.00%,0.00,0.00
trex enhance install,Broad match,None,Deck Repair - Loudoun County,Deck Replacement,USD,0.00,0,2,0.00%,0,0.00,Search,0.00%,0.00,0.00
interlocking deck tiles,AI Max,None,Premium Composite Decks,Ad group 1,USD,0.00,0,1,0.00%,0,0.00,Search,0.00%,0.00,0.00
carpenter near me,AI Max,None,Premium Composite Decks,Ad group 1,USD,0.00,0,5,0.00%,0,0.00,Search,0.00%,0.00,0.00
tw perry alexandria va,AI Max,None,Premium Composite Decks,Ad group 1,USD,0.00,0,3,0.00%,0,0.00,Search,0.00%,0.00,0.00
handyman manassas va,AI Max,None,Premium Composite Decks,Ad group 1,USD,0.00,0,2,0.00%,0,0.00,Search,0.00%,0.00,0.00
waterproof deck flooring,AI Max,None,Premium Composite Decks,Ad group 1,USD,0.00,0,1,0.00%,0,0.00,Search,0.00%,0.00,0.00
general contractors,AI Max,None,Premium Composite Decks,Ad group 1,USD,0.00,0,1,0.00%,0,0.00,Search,0.00%,0.00,0.00
building deck rail,AI Max,None,Premium Composite Decks,Ad group 1,USD,0.00,0,2,0.00%,0,0.00,Search,0.00%,0.00,0.00
trex porch,AI Max,None,Premium Composite Decks,Ad group 1,USD,0.00,0,1,0.00%,0,0.00,Search,0.00%,0.00,0.00
zip up deck system,AI Max,None,Premium Composite Decks,Ad group 1,USD,0.00,0,1,0.00%,0,0.00,Search,0.00%,0.00,0.00
deck material options,AI Max,None,Premium Composite Decks,Ad group 1,USD,0.00,0,1,0.00%,0,0.00,Search,0.00%,0.00,0.00
deck doctor,AI Max,None,Premium Composite Decks,Ad group 1,USD,0.00,0,2,0.00%,0,0.00,Search,0.00%,0.00,0.00
deck coating,AI Max,None,Premium Composite Decks,Ad group 1,USD,0.00,0,1,0.00%,0,0.00,Search,0.00%,0.00,0.00
tw perry springfield va,AI Max,None,Premium Composite Decks,Ad group 1,USD,0.00,0,4,0.00%,0,0.00,Search,0.00%,0.00,0.00
ideas de decks para patios,AI Max,None,Premium Composite Decks,Ad group 1,USD,0.00,0,1,0.00%,0,0.00,Search,0.00%,0.00,0.00
does trex warp,AI Max,None,Premium Composite Decks,Ad group 1,USD,0.00,0,1,0.00%,0,0.00,Search,0.00%,0.00,0.00
deck supply near me,AI Max,None,Premium Composite Decks,Ad group 1,USD,0.00,0,5,0.00%,0,0.00,Search,0.00%,0.00,0.00
carpentry services,AI Max,None,Premium Composite Decks,Ad group 1,USD,0.00,0,1,0.00%,0,0.00,Search,0.00%,0.00,0.00
trex enhance install,AI Max,None,Premium Composite Decks,Ad group 1,USD,0.00,0,1,0.00%,0,0.00,Search,0.00%,0.00,0.00
porches,AI Max,None,Premium Composite Decks,Ad group 1,USD,0.00,0,1,0.00%,0,0.00,Search,0.00%,0.00,0.00
contractors alexandria va,AI Max,None,Premium Composite Decks,Ad group 1,USD,0.00,0,1,0.00%,0,0.00,Search,0.00%,0.00,0.00
azek products,AI Max,None,Premium Composite Decks,Ad group 1,USD,0.00,0,1,0.00%,0,0.00,Search,0.00%,0.00,0.00
trex warranty information,AI Max,None,Premium Composite Decks,Ad group 1,USD,0.00,0,1,0.00%,0,0.00,Search,0.00%,0.00,0.00
home remodelers near me,AI Max,None,Premium Composite Decks,Ad group 1,USD,0.00,0,1,0.00%,0,0.00,Search,0.00%,0.00,0.00
composite deck railing,AI Max,None,Premium Composite Decks,Ad group 1,USD,0.00,0,1,0.00%,0,0.00,Search,0.00%,0.00,0.00
barron's lumber,AI Max,None,Premium Composite Decks,Ad group 1,USD,0.00,0,1,0.00%,0,0.00,Search,0.00%,0.00,0.00
pergola installation services near me,AI Max,None,Premium Composite Decks,Ad group 1,USD,0.00,0,2,0.00%,0,0.00,Search,0.00%,0.00,0.00
backyard remodeling contractors,AI Max,None,Premium Composite Decks,Ad group 1,USD,0.00,0,1,0.00%,0,0.00,Search,0.00%,0.00,0.00
azek timbertech,AI Max,None,Premium Composite Decks,Ad group 1,USD,0.00,0,1,0.00%,0,0.00,Search,0.00%,0.00,0.00
custom home builder,AI Max,None,Premium Composite Decks,Ad group 1,USD,0.00,0,3,0.00%,0,0.00,Search,0.00%,0.00,0.00
pergola installation,AI Max,None,Premium Composite Decks,Ad group 1,USD,0.00,0,2,0.00%,0,0.00,Search,0.00%,0.00,0.00
northern virginia screened porch,AI Max,None,Premium Composite Decks,Ad group 1,USD,0.00,0,1,0.00%,0,0.00,Search,0.00%,0.00,0.00
avec construction,AI Max,None,Premium Composite Decks,Ad group 1,USD,0.00,0,1,0.00%,0,0.00,Search,0.00%,0.00,0.00
fence installation dc,Performance Max,None,PMAX cu remarketing, --,USD,0.00,0,1,0.00%,0,0.00,Performance Max,0.00%,0.00,0.00
manassas landscaping,Performance Max,None,PMAX cu remarketing, --,USD,0.00,0,1,0.00%,0,0.00,Performance Max,0.00%,0.00,0.00
deck envy llc reviews,Performance Max,None,PMAX cu remarketing, --,USD,0.00,0,1,0.00%,0,0.00,Performance Max,0.00%,0.00,0.00
enclosed deck ideas,Performance Max,None,PMAX cu remarketing, --,USD,0.00,0,1,0.00%,0,0.00,Performance Max,0.00%,0.00,0.00
fiberon decking installation,Performance Max,None,PMAX cu remarketing, --,USD,0.00,0,1,0.00%,0,0.00,Performance Max,0.00%,0.00,0.00
patio construction ideas,Performance Max,None,PMAX cu remarketing, --,USD,0.00,0,1,0.00%,0,0.00,Performance Max,0.00%,0.00,0.00
fence repair alexandria va,Performance Max,None,PMAX cu remarketing, --,USD,0.00,0,2,0.00%,0,0.00,Performance Max,0.00%,0.00,0.00
gazebos,Performance Max,None,PMAX cu remarketing, --,USD,0.00,0,3,0.00%,0,0.00,Performance Max,0.00%,0.00,0.00
mini porch,Performance Max,None,PMAX cu remarketing, --,USD,0.00,0,1,0.00%,0,0.00,Performance Max,0.00%,0.00,0.00
deck creations llc,Performance Max,None,PMAX cu remarketing, --,USD,0.00,0,1,0.00%,0,0.00,Performance Max,0.00%,0.00,0.00
screened porch companies near me,Performance Max,None,PMAX cu remarketing, --,USD,0.00,0,2,0.00%,0,0.00,Performance Max,0.00%,0.00,0.00
dca6,Broad match,None,loudoun decks,Deck Builder - Brambleton,USD,0.00,0,1,0.00%,0,0.00,Search,0.00%,0.00,0.00
serrano master deck,AI Max,None,loudoun decks,Deck Builder - Leesburg,USD,0.00,0,1,0.00%,0,0.00,Search,0.00%,0.00,0.00
trim carpenter near me,AI Max,None,loudoun decks,Deck Builder - South Riding,USD,0.00,0,1,0.00%,0,0.00,Search,0.00%,0.00,0.00
trex island mist,AI Max,None,loudoun decks,Deck Builder - Hamilton,USD,0.00,0,1,0.00%,0,0.00,Search,0.00%,0.00,0.00
luxury home builders in northern virginia,Broad match,None,loudoun decks,Deck Builder - Brambleton,USD,0.00,0,1,0.00%,0,0.00,Search,0.00%,0.00,0.00
deck builders near me,Performance Max,None,Pmax - Dec4, --,USD,0.00,0,1,0.00%,0,0.00,Performance Max,0.00%,0.00,0.00
costco deck tiles,AI Max,None,Deck Repair - Loudoun County,Deck Replacement,USD,0.00,0,1,0.00%,0,0.00,Search,0.00%,0.00,0.00
loudoun construction,AI Max,None,Deck Repair - Loudoun County,Deck Restoration - Refinishing,USD,0.00,0,5,0.00%,0,0.00,Search,0.00%,0.00,0.00
deck wood cracks,AI Max,None,Deck Repair - Loudoun County,Deck Repair - Loudoun County,USD,0.00,0,1,0.00%,0,0.00,Search,0.00%,0.00,0.00
deck rim joist,AI Max,None,Deck Repair - Loudoun County,Deck Restoration - Refinishing,USD,0.00,0,1,0.00%,0,0.00,Search,0.00%,0.00,0.00
concrete patio work,AI Max,None,Fairfax-Search-Search - Deck Leads - VA - May 2025,Deck + Patio / Outdoor Living,USD,0.00,0,1,0.00%,0,0.00,Search,0.00%,0.00,0.00
concrete patio fairfax va,AI Max,None,Fairfax-Search-Search - Deck Leads - VA - May 2025,Deck + Patio / Outdoor Living,USD,0.00,0,2,0.00%,0,0.00,Search,0.00%,0.00,0.00
deck and fence depot,Performance Max,None,PMAX cu remarketing, --,USD,0.00,0,18,0.00%,0,0.00,Performance Max,0.00%,0.00,0.00
all decked out,Performance Max,None,PMAX cu remarketing, --,USD,0.00,0,1,0.00%,0,0.00,Performance Max,0.00%,0.00,0.00
deck with built in gazebo,Performance Max,None,PMAX cu remarketing, --,USD,0.00,0,1,0.00%,0,0.00,Performance Max,0.00%,0.00,0.00
deck exterior,Performance Max,None,PMAX cu remarketing, --,USD,0.00,0,1,0.00%,0,0.00,Performance Max,0.00%,0.00,0.00
valer builders,Performance Max,None,PMAX cu remarketing, --,USD,0.00,0,11,0.00%,0,0.00,Performance Max,0.00%,0.00,0.00
how to fix a rotted deck,Performance Max,None,PMAX cu remarketing, --,USD,0.00,0,2,0.00%,0,0.00,Performance Max,0.00%,0.00,0.00
diy screened in porch,Performance Max,None,PMAX cu remarketing, --,USD,0.00,0,7,0.00%,0,0.00,Performance Max,0.00%,0.00,0.00
diy ground deck,Performance Max,None,PMAX cu remarketing, --,USD,0.00,0,1,0.00%,0,0.00,Performance Max,0.00%,0.00,0.00
eze breeze contractor,Performance Max,None,PMAX cu remarketing, --,USD,0.00,0,1,0.00%,0,0.00,Performance Max,0.00%,0.00,0.00
power washing wood deck,Performance Max,None,PMAX cu remarketing, --,USD,0.00,0,1,0.00%,0,0.00,Performance Max,0.00%,0.00,0.00
ready made decks for sale,Performance Max,None,PMAX cu remarketing, --,USD,0.00,0,1,0.00%,0,0.00,Performance Max,0.00%,0.00,0.00
lumber 84 near me,Performance Max,None,PMAX cu remarketing, --,USD,0.00,0,3,0.00%,0,0.00,Performance Max,0.00%,0.00,0.00
screen porch enclosures near me,Performance Max,None,PMAX cu remarketing, --,USD,0.00,0,1,0.00%,0,0.00,Performance Max,0.00%,0.00,0.00
deck with paver patio,Performance Max,None,PMAX cu remarketing, --,USD,0.00,0,1,0.00%,0,0.00,Performance Max,0.00%,0.00,0.00
install iron fence,Performance Max,None,PMAX cu remarketing, --,USD,0.00,0,1,0.00%,0,0.00,Performance Max,0.00%,0.00,0.00
fastenmaster universal hidden deck fastening system,Performance Max,None,PMAX cu remarketing, --,USD,0.00,0,1,0.00%,0,0.00,Performance Max,0.00%,0.00,0.00
how to repair decking boards,Performance Max,None,PMAX cu remarketing, --,USD,0.00,0,1,0.00%,0,0.00,Performance Max,0.00%,0.00,0.00
landscape company near me,Performance Max,None,PMAX cu remarketing, --,USD,3640.00,1,1,100.00%,3.64,3.64,Performance Max,0.00%,0.00,0.00
deck soldier,Performance Max,None,PMAX cu remarketing, --,USD,0.00,0,6,0.00%,0,0.00,Performance Max,0.00%,0.00,0.00
deck inspection,Performance Max,None,PMAX cu remarketing, --,USD,0.00,0,3,0.00%,0,0.00,Performance Max,0.00%,0.00,0.00
under deck ceiling,Performance Max,None,PMAX cu remarketing, --,USD,0.00,0,2,0.00%,0,0.00,Performance Max,0.00%,0.00,0.00
beautiful small backyard,Performance Max,None,PMAX cu remarketing, --,USD,0.00,0,1,0.00%,0,0.00,Performance Max,0.00%,0.00,0.00
deck contractor,Exact match (close variant),None,loudoun decks,Deck Builder - Hamilton,USD,0.00,0,1,0.00%,0,0.00,Search,0.00%,0.00,0.00
tysons construction,AI Max,None,loudoun decks,Deck Builder - Brambleton,USD,0.00,0,1,0.00%,0,0.00,Search,0.00%,0.00,0.00
beck contracting,AI Max,None,loudoun decks,Deck Builder - Lovettsville,USD,0.00,0,1,0.00%,0,0.00,Search,0.00%,0.00,0.00
outdoor screen for patio,AI Max,None,loudoun decks,Deck Builder - Hamilton,USD,0.00,0,2,0.00%,0,0.00,Search,0.00%,0.00,0.00
deck flooring,AI Max,None,loudoun decks,Deck Builder - Middleburg,USD,0.00,0,1,0.00%,0,0.00,Search,0.00%,0.00,0.00
patio,AI Max,None,loudoun decks,Deck Builder - Hamilton,USD,0.00,0,3,0.00%,0,0.00,Search,0.00%,0.00,0.00
deck safety inspection,AI Max,None,loudoun decks,Deck Builder - South Riding,USD,0.00,0,2,0.00%,0,0.00,Search,0.00%,0.00,0.00
best hardscaping companies near me,Broad match,None,loudoun decks,Deck Builder - Brambleton,USD,0.00,0,1,0.00%,0,0.00,Search,0.00%,0.00,0.00
architect near me,AI Max,None,loudoun decks,Deck Builder - Round Hill,USD,0.00,0,1,0.00%,0,0.00,Search,0.00%,0.00,0.00
shepard construction,AI Max,None,loudoun decks,Deck Builder - Broadlands,USD,0.00,0,1,0.00%,0,0.00,Search,0.00%,0.00,0.00
sundek chantilly,Performance Max,None,Pmax - Dec4, --,USD,0.00,0,1,0.00%,0,0.00,Performance Max,0.00%,0.00,0.00
trex academy,AI Max,None,Deck Repair - Loudoun County,Composite - Trex Repair,USD,0.00,0,1,0.00%,0,0.00,Search,0.00%,0.00,0.00
deck post replacement cost,AI Max,None,Deck Repair - Loudoun County,Deck Repair - Loudoun County,USD,0.00,0,2,0.00%,0,0.00,Search,0.00%,0.00,0.00
patio options,AI Max,None,Deck Repair - Loudoun County,Deck Repair - Loudoun County,USD,0.00,0,1,0.00%,0,0.00,Search,0.00%,0.00,0.00
homeland contractors,AI Max,None,Deck Repair - Loudoun County,Deck Repair - Loudoun County,USD,0.00,0,1,0.00%,0,0.00,Search,0.00%,0.00,0.00
changing wood deck to composite,Broad match,None,Deck Repair - Loudoun County,Deck Renovation,USD,0.00,0,1,0.00%,0,0.00,Search,0.00%,0.00,0.00
outdoor spaces llc,AI Max,None,Premium Composite Decks,Ad group 1,USD,0.00,0,1,0.00%,0,0.00,Search,0.00%,0.00,0.00
deckorators reviews,AI Max,None,Premium Composite Decks,Ad group 1,USD,0.00,0,1,0.00%,0,0.00,Search,0.00%,0.00,0.00
window wood rot repair near me,AI Max,None,Premium Composite Decks,Ad group 1,USD,0.00,0,1,0.00%,0,0.00,Search,0.00%,0.00,0.00
handyman tysons corner va,AI Max,None,Premium Composite Decks,Ad group 1,USD,0.00,0,1,0.00%,0,0.00,Search,0.00%,0.00,0.00
design for decks,AI Max,None,Premium Composite Decks,Ad group 1,USD,0.00,0,1,0.00%,0,0.00,Search,0.00%,0.00,0.00
tart lumber sterling va,AI Max,None,Premium Composite Decks,Ad group 1,USD,0.00,0,1,0.00%,0,0.00,Search,0.00%,0.00,0.00
how much to replace deck with trex,AI Max,None,Premium Composite Decks,Ad group 1,USD,0.00,0,1,0.00%,0,0.00,Search,0.00%,0.00,0.00
deck posts installation,AI Max,None,Premium Composite Decks,Ad group 1,USD,0.00,0,1,0.00%,0,0.00,Search,0.00%,0.00,0.00
best material for flat roof deck,AI Max,None,Premium Composite Decks,Ad group 1,USD,0.00,0,1,0.00%,0,0.00,Search,0.00%,0.00,0.00
coastal bluff trex,AI Max,None,Premium Composite Decks,Ad group 1,USD,0.00,0,1,0.00%,0,0.00,Search,0.00%,0.00,0.00
trex decking installation video,AI Max,None,Fairfax-Search-Search - Deck Leads - VA - May 2025,Composite Decks,USD,0.00,0,1,0.00%,0,0.00,Search,0.00%,0.00,0.00
townhouse deck,AI Max,None,Fairfax-Search-Search - Deck Leads - VA - May 2025,Deck + Patio / Outdoor Living,USD,0.00,0,2,0.00%,0,0.00,Search,0.00%,0.00,0.00
who sells timber tech,AI Max,None,Premium Composite Decks,Ad group 1,USD,0.00,0,1,0.00%,0,0.00,Search,0.00%,0.00,0.00
timbertech azek pvc decking,AI Max,None,Premium Composite Decks,Ad group 1,USD,0.00,0,1,0.00%,0,0.00,Search,0.00%,0.00,0.00
timber deck flooring,AI Max,None,Premium Composite Decks,Ad group 1,USD,0.00,0,1,0.00%,0,0.00,Search,0.00%,0.00,0.00
screened in porch near me,AI Max,None,Premium Composite Decks,Ad group 1,USD,0.00,0,1,0.00%,0,0.00,Search,0.00%,0.00,0.00
contractor,AI Max,None,Premium Composite Decks,Ad group 1,USD,3010.00,1,1,100.00%,3.01,3.01,Search,0.00%,0.00,0.00
trex signature railing installation,AI Max,None,Premium Composite Decks,Ad group 1,USD,0.00,0,1,0.00%,0,0.00,Search,0.00%,0.00,0.00
construction contractor near me,AI Max,None,Premium Composite Decks,Ad group 1,USD,0.00,0,2,0.00%,0,0.00,Search,0.00%,0.00,0.00
bluestone walkway,AI Max,None,Premium Composite Decks,Ad group 1,USD,0.00,0,1,0.00%,0,0.00,Search,0.00%,0.00,0.00
best landscaping near me,AI Max,None,Premium Composite Decks,Ad group 1,USD,0.00,0,1,0.00%,0,0.00,Search,0.00%,0.00,0.00
deck companies near me,Exact match (close variant),None,Premium Composite Decks,Ad group 1,USD,0.00,0,4,0.00%,0,0.00,Search,0.00%,0.00,0.00
fencing near me,AI Max,None,Premium Composite Decks,Ad group 1,USD,0.00,0,1,0.00%,0,0.00,Search,0.00%,0.00,0.00
timbertech dealers near me,AI Max,None,Premium Composite Decks,Ad group 1,USD,0.00,0,1,0.00%,0,0.00,Search,0.00%,0.00,0.00
timbertech,Performance Max,None,PMAX cu remarketing, --,USD,0.00,0,13,0.00%,0,0.00,Performance Max,0.00%,0.00,0.00
diy porch,Performance Max,None,PMAX cu remarketing, --,USD,0.00,0,1,0.00%,0,0.00,Performance Max,0.00%,0.00,0.00
freestanding deck next to house,Performance Max,None,PMAX cu remarketing, --,USD,0.00,0,1,0.00%,0,0.00,Performance Max,0.00%,0.00,0.00
beitzell fence company,Performance Max,None,PMAX cu remarketing, --,USD,0.00,0,2,0.00%,0,0.00,Performance Max,0.00%,0.00,0.00
tart lumber sterling,Performance Max,None,PMAX cu remarketing, --,USD,0.00,0,4,0.00%,0,0.00,Performance Max,0.00%,0.00,0.00
deck cleaning company,Performance Max,None,PMAX cu remarketing, --,USD,0.00,0,1,0.00%,0,0.00,Performance Max,0.00%,0.00,0.00
best deck builder near me,Performance Max,None,PMAX cu remarketing, --,USD,0.00,0,1,0.00%,0,0.00,Performance Max,0.00%,0.00,0.00
deck and patio,Performance Max,None,PMAX cu remarketing, --,USD,5150.00,1,4,25.00%,20.60,20.60,Performance Max,0.00%,0.00,0.00
local landscapers in my area,Performance Max,None,PMAX cu remarketing, --,USD,0.00,0,1,0.00%,0,0.00,Performance Max,0.00%,0.00,0.00
fence work near me,Performance Max,None,PMAX cu remarketing, --,USD,0.00,0,1,0.00%,0,0.00,Performance Max,0.00%,0.00,0.00
my patio design,Performance Max,None,PMAX cu remarketing, --,USD,0.00,0,1,0.00%,0,0.00,Performance Max,0.00%,0.00,0.00
tw perry alexandria va,Performance Max,None,PMAX cu remarketing, --,USD,0.00,0,2,0.00%,0,0.00,Performance Max,0.00%,0.00,0.00
beautiful decks,Performance Max,None,PMAX cu remarketing, --,USD,0.00,0,1,0.00%,0,0.00,Performance Max,0.00%,0.00,0.00
pergolas builders near me,Performance Max,None,PMAX cu remarketing, --,USD,0.00,0,1,0.00%,0,0.00,Performance Max,0.00%,0.00,0.00
screen porch,Performance Max,None,PMAX cu remarketing, --,USD,0.00,0,3,0.00%,0,0.00,Performance Max,0.00%,0.00,0.00
deck envy,Performance Max,None,PMAX cu remarketing, --,USD,0.00,0,20,0.00%,0,0.00,Performance Max,0.00%,0.00,0.00
power wash deck,Performance Max,None,PMAX cu remarketing, --,USD,0.00,0,6,0.00%,0,0.00,Performance Max,0.00%,0.00,0.00
decks and docks,Performance Max,None,PMAX cu remarketing, --,USD,0.00,0,4,0.00%,0,0.00,Performance Max,0.00%,0.00,0.00
deck fence,Performance Max,None,PMAX cu remarketing, --,USD,0.00,0,4,0.00%,0,0.00,Performance Max,0.00%,0.00,0.00
prime outdoor,Broad match,None,loudoun decks,Deck Builder - Brambleton,USD,0.00,0,5,0.00%,0,0.00,Search,0.00%,0.00,0.00
deck installers near me,Exact match (close variant),None,loudoun decks,Deck Builder - Hamilton,USD,0.00,0,1,0.00%,0,0.00,Search,0.00%,0.00,0.00
virginia contractor supply,AI Max,None,loudoun decks,Deck Builder - Purcellville,USD,0.00,0,1,0.00%,0,0.00,Search,0.00%,0.00,0.00
chu contracting,AI Max,None,loudoun decks,Deck Builder - Lovettsville,USD,0.00,0,1,0.00%,0,0.00,Search,0.00%,0.00,0.00
deck direct,Broad match,None,loudoun decks,Deck Builder - Brambleton,USD,0.00,0,1,0.00%,0,0.00,Search,0.00%,0.00,0.00
xscape outdoor,Broad match,None,loudoun decks,Deck Builder - Brambleton,USD,0.00,0,1,0.00%,0,0.00,Search,0.00%,0.00,0.00
patio installation,Broad match,None,loudoun decks,Deck Builder - Brambleton,USD,0.00,0,2,0.00%,0,0.00,Search,0.00%,0.00,0.00
whitmer decks,Broad match,None,loudoun decks,Deck Builder - Brambleton,USD,0.00,0,3,0.00%,0,0.00,Search,0.00%,0.00,0.00
deck builders near me,Exact match,Added,loudoun decks,Deck Builder - Round Hill,USD,0.00,0,7,0.00%,0,0.00,Search,0.00%,0.00,0.00
siding washing near me,Performance Max,None,Pmax - Dec4, --,USD,0.00,0,1,0.00%,0,0.00,Performance Max,0.00%,0.00,0.00
decks for homes,AI Max,None,Deck Repair - Loudoun County,Deck Replacement,USD,0.00,0,1,0.00%,0,0.00,Search,0.00%,0.00,0.00
northern virginia deck repair,AI Max,None,Deck Repair - Loudoun County,Deck Repair - Loudoun County,USD,5290.00,1,1,100.00%,5.29,5.29,Search,0.00%,0.00,0.00
luxury decks,AI Max,None,Deck Repair - Loudoun County,Deck Repair - Loudoun County,USD,0.00,0,2,0.00%,0,0.00,Search,0.00%,0.00,0.00
deck builders near me,Broad match,None,Deck Repair - Loudoun County,Deck Renovation,USD,0.00,0,2,0.00%,0,0.00,Search,0.00%,0.00,0.00
timbertech brownstone decking,AI Max,None,Deck Repair - Loudoun County,Composite - Trex Repair,USD,0.00,0,1,0.00%,0,0.00,Search,0.00%,0.00,0.00
10x10 deck,AI Max,None,Deck Repair - Loudoun County,Deck Repair - Loudoun County,USD,0.00,0,1,0.00%,0,0.00,Search,0.00%,0.00,0.00
builders firstsource fotos,AI Max,None,Fairfax-Search-Search - Deck Leads - VA - May 2025,Deck + Patio / Outdoor Living,USD,0.00,0,1,0.00%,0,0.00,Search,0.00%,0.00,0.00
masonry near me,AI Max,None,Fairfax-Search-Search - Deck Leads - VA - May 2025,Deck + Patio / Outdoor Living,USD,0.00,0,4,0.00%,0,0.00,Search,0.00%,0.00,0.00
deck building,AI Max,None,Fairfax-Search-Search - Deck Leads - VA - May 2025,Deck Builders Near Me,USD,0.00,0,2,0.00%,0,0.00,Search,0.00%,0.00,0.00
unilock pavers,AI Max,None,Fairfax-Search-Search - Deck Leads - VA - May 2025,Deck + Patio / Outdoor Living,USD,0.00,0,1,0.00%,0,0.00,Search,0.00%,0.00,0.00
floating deck,AI Max,None,Fairfax-Search-Search - Deck Leads - VA - May 2025,Deck Builders Near Me,USD,0.00,0,1,0.00%,0,0.00,Search,0.00%,0.00,0.00
rim joist deck,AI Max,None,Fairfax-Search-Search - Deck Leads - VA - May 2025,Deck Builders Near Me,USD,0.00,0,1,0.00%,0,0.00,Search,0.00%,0.00,0.00
replacing deck support posts,Phrase match,None,SRCH | Replacement + Resurfacing | 3 Counties | Calls,Deck Replacement,USD,0.00,0,1,0.00%,0,0.00,Search,0.00%,0.00,0.00
twperry near me,AI Max,None,Premium Composite Decks,Ad group 1,USD,0.00,0,2,0.00%,0,0.00,Search,0.00%,0.00,0.00
deck company,AI Max,None,Premium Composite Decks,Ad group 1,USD,0.00,0,3,0.00%,0,0.00,Search,0.00%,0.00,0.00
deckman dc reviews,AI Max,None,Premium Composite Decks,Ad group 1,USD,0.00,0,2,0.00%,0,0.00,Search,0.00%,0.00,0.00
nova deck doctor,AI Max,None,Premium Composite Decks,Ad group 1,USD,0.00,0,3,0.00%,0,0.00,Search,0.00%,0.00,0.00
diseños de deck,AI Max,None,Premium Composite Decks,Ad group 1,USD,0.00,0,3,0.00%,0,0.00,Search,0.00%,0.00,0.00
deck framing guide,AI Max,None,Premium Composite Decks,Ad group 1,USD,0.00,0,1,0.00%,0,0.00,Search,0.00%,0.00,0.00
jim the handyman fairfax va,AI Max,None,Premium Composite Decks,Ad group 1,USD,0.00,0,1,0.00%,0,0.00,Search,0.00%,0.00,0.00
pro deck supply,AI Max,None,Premium Composite Decks,Ad group 1,USD,0.00,0,2,0.00%,0,0.00,Search,0.00%,0.00,0.00
builders choice,AI Max,None,Premium Composite Decks,Ad group 1,USD,0.00,0,1,0.00%,0,0.00,Search,0.00%,0.00,0.00
trex composite installation,AI Max,None,Premium Composite Decks,Ad group 1,USD,0.00,0,1,0.00%,0,0.00,Search,0.00%,0.00,0.00
fortress decks,AI Max,None,Premium Composite Decks,Ad group 1,USD,0.00,0,1,0.00%,0,0.00,Search,0.00%,0.00,0.00
hardscape repair,AI Max,None,Premium Composite Decks,Ad group 1,USD,0.00,0,2,0.00%,0,0.00,Search,0.00%,0.00,0.00
timberworks,AI Max,None,Premium Composite Decks,Ad group 1,USD,0.00,0,1,0.00%,0,0.00,Search,0.00%,0.00,0.00
gazebo build,Performance Max,None,PMAX cu remarketing, --,USD,0.00,0,1,0.00%,0,0.00,Performance Max,0.00%,0.00,0.00
how to fix a sagging deck,Performance Max,None,PMAX cu remarketing, --,USD,0.00,0,1,0.00%,0,0.00,Performance Max,0.00%,0.00,0.00
screened porch roof,Performance Max,None,PMAX cu remarketing, --,USD,0.00,0,1,0.00%,0,0.00,Performance Max,0.00%,0.00,0.00
nova deck doctor reviews,Performance Max,None,PMAX cu remarketing, --,USD,0.00,0,2,0.00%,0,0.00,Performance Max,0.00%,0.00,0.00
deck wood near me,Performance Max,None,PMAX cu remarketing, --,USD,0.00,0,1,0.00%,0,0.00,Performance Max,0.00%,0.00,0.00
deck and restoration dmv,Performance Max,None,PMAX cu remarketing, --,USD,0.00,0,14,0.00%,0,0.00,Performance Max,0.00%,0.00,0.00
absolute deck,Performance Max,None,PMAX cu remarketing, --,USD,0.00,0,1,0.00%,0,0.00,Performance Max,0.00%,0.00,0.00
archadeck of fredericksburg,Performance Max,None,PMAX cu remarketing, --,USD,0.00,0,2,0.00%,0,0.00,Performance Max,0.00%,0.00,0.00
outdoor gazebos for sale near me,Performance Max,None,PMAX cu remarketing, --,USD,2030.00,1,1,100.00%,2.03,2.03,Performance Max,0.00%,0.00,0.00
dock near me,Performance Max,None,PMAX cu remarketing, --,USD,0.00,0,1,0.00%,0,0.00,Performance Max,0.00%,0.00,0.00
metzger decks framing virginia,Performance Max,None,PMAX cu remarketing, --,USD,0.00,0,1,0.00%,0,0.00,Performance Max,0.00%,0.00,0.00
screened in deck ideas,Performance Max,None,PMAX cu remarketing, --,USD,0.00,0,1,0.00%,0,0.00,Performance Max,0.00%,0.00,0.00
deck calculator,Performance Max,None,PMAX cu remarketing, --,USD,1420.00,1,2,50.00%,2.84,2.84,Performance Max,0.00%,0.00,0.00
deck builders in stafford va,Performance Max,None,PMAX cu remarketing, --,USD,0.00,0,1,0.00%,0,0.00,Performance Max,0.00%,0.00,0.00
building materials,Performance Max,None,PMAX cu remarketing, --,USD,0.00,0,1,0.00%,0,0.00,Performance Max,0.00%,0.00,0.00
trex installers near me,Performance Max,None,PMAX cu remarketing, --,USD,0.00,0,1,0.00%,0,0.00,Performance Max,0.00%,0.00,0.00
loudoun floors ashburn va,Performance Max,None,PMAX cu remarketing, --,USD,0.00,0,1,0.00%,0,0.00,Performance Max,0.00%,0.00,0.00
trex rainescape,AI Max,None,loudoun decks,Deck Builder - South Riding,USD,0.00,0,1,0.00%,0,0.00,Search,0.00%,0.00,0.00
paver patio company near me,Broad match,None,loudoun decks,Deck Builder - Brambleton,USD,0.00,0,1,0.00%,0,0.00,Search,0.00%,0.00,0.00
pool houses,Broad match,None,loudoun decks,Deck Builder - Brambleton,USD,0.00,0,1,0.00%,0,0.00,Search,0.00%,0.00,0.00
ilex construction,AI Max,None,loudoun decks,Deck Builder - Aldie,USD,0.00,0,1,0.00%,0,0.00,Search,0.00%,0.00,0.00
carpenter specialist,AI Max,None,loudoun decks,Deck Builder - Middleburg,USD,0.00,0,1,0.00%,0,0.00,Search,0.00%,0.00,0.00
deck armor,AI Max,None,loudoun decks,Deck Builder - South Riding,USD,0.00,0,2,0.00%,0,0.00,Search,0.00%,0.00,0.00
best deck material,AI Max,None,loudoun decks,Deck Builder - Aldie,USD,0.00,0,1,0.00%,0,0.00,Search,0.00%,0.00,0.00
cuanto se cobra el pie cuadrado de deck,Performance Max,None,Pmax - Dec4, --,USD,0.00,0,1,0.00%,0,0.00,Performance Max,0.00%,0.00,0.00
loudoun property solutions,Performance Max,None,Pmax - Dec4, --,USD,0.00,0,7,0.00%,0,0.00,Performance Max,0.00%,0.00,0.00
gazebo installation near me,Performance Max,None,Pmax - Dec4, --,USD,0.00,0,3,0.00%,0,0.00,Performance Max,0.00%,0.00,0.00
rebuilding a deck,Performance Max,None,Pmax - Dec4, --,USD,0.00,0,1,0.00%,0,0.00,Performance Max,0.00%,0.00,0.00
como hacer un porch,Performance Max,None,Pmax - Dec4, --,USD,0.00,0,1,0.00%,0,0.00,Performance Max,0.00%,0.00,0.00
deck and dock,Performance Max,None,Pmax - Dec4, --,USD,0.00,0,1,0.00%,0,0.00,Performance Max,0.00%,0.00,0.00
fiberon armorguard vs trex,AI Max,None,Deck Repair - Loudoun County,Composite - Trex Repair,USD,0.00,0,1,0.00%,0,0.00,Search,0.00%,0.00,0.00
best deck material,AI Max,None,Deck Repair - Loudoun County,Deck Repair - Loudoun County,USD,0.00,0,1,0.00%,0,0.00,Search,0.00%,0.00,0.00
building a ramp off a deck,AI Max,None,Deck Repair - Loudoun County,Composite - Trex Repair,USD,0.00,0,8,0.00%,0,0.00,Search,0.00%,0.00,0.00
trex enhance g2,Phrase match (close variant),None,SRCH | Composite | 3 Counties | Calls,Composite Deck Cost,USD,0.00,0,1,0.00%,0,0.00,Search,0.00%,0.00,0.00
deck replacement near me,Exact match,Added,Fairfax-Search-Search - Deck Leads - VA - May 2025,Deck Builders Near Me,USD,3722.75,1,2,50.00%,7.45,7.45,Search,0.00%,0.00,0.00
convert covered patio to sunroom,AI Max,None,Fairfax-Search-Search - Deck Leads - VA - May 2025,Deck + Patio / Outdoor Living,USD,0.00,0,2,0.00%,0,0.00,Search,0.00%,0.00,0.00
deck building,AI Max,None,Fairfax-Search-Search - Deck Leads - VA - May 2025,Deck + Patio / Outdoor Living,USD,0.00,0,2,0.00%,0,0.00,Search,0.00%,0.00,0.00
paver patio,AI Max,None,Fairfax-Search-Search - Deck Leads - VA - May 2025,Deck + Patio / Outdoor Living,USD,0.00,0,6,0.00%,0,0.00,Search,0.00%,0.00,0.00
installing concrete patio,AI Max,None,Fairfax-Search-Search - Deck Leads - VA - May 2025,Deck + Patio / Outdoor Living,USD,0.00,0,1,0.00%,0,0.00,Search,0.00%,0.00,0.00
l shaped deck,AI Max,None,Premium Composite Decks,Ad group 1,USD,0.00,0,1,0.00%,0,0.00,Search,0.00%,0.00,0.00
builders first source manassas,AI Max,None,Premium Composite Decks,Ad group 1,USD,0.00,0,2,0.00%,0,0.00,Search,0.00%,0.00,0.00
trex gate,AI Max,None,Premium Composite Decks,Ad group 1,USD,0.00,0,2,0.00%,0,0.00,Search,0.00%,0.00,0.00
deck builders near me,AI Max,None,Premium Composite Decks,Ad group 1,USD,0.00,0,1,0.00%,0,0.00,Search,0.00%,0.00,0.00
deck post replacement,AI Max,None,Premium Composite Decks,Ad group 1,USD,0.00,0,1,0.00%,0,0.00,Search,0.00%,0.00,0.00
deck divider,AI Max,None,Premium Composite Decks,Ad group 1,USD,0.00,0,1,0.00%,0,0.00,Search,0.00%,0.00,0.00
m guerrero remodeling,AI Max,None,Premium Composite Decks,Ad group 1,USD,0.00,0,1,0.00%,0,0.00,Search,0.00%,0.00,0.00
trex deck supplier near me,AI Max,None,Premium Composite Decks,Ad group 1,USD,0.00,0,1,0.00%,0,0.00,Search,0.00%,0.00,0.00
trex academy,AI Max,None,Premium Composite Decks,Ad group 1,USD,0.00,0,5,0.00%,0,0.00,Search,0.00%,0.00,0.00
concrete patio near me,AI Max,None,Premium Composite Decks,Ad group 1,USD,0.00,0,2,0.00%,0,0.00,Search,0.00%,0.00,0.00
pressure washing fairfax va,Performance Max,None,PMAX cu remarketing, --,USD,0.00,0,1,0.00%,0,0.00,Performance Max,0.00%,0.00,0.00
remove decking boards,Performance Max,None,PMAX cu remarketing, --,USD,0.00,0,1,0.00%,0,0.00,Performance Max,0.00%,0.00,0.00
general contractor near me,Performance Max,None,PMAX cu remarketing, --,USD,0.00,0,1,0.00%,0,0.00,Performance Max,0.00%,0.00,0.00
fence installation services,Performance Max,None,PMAX cu remarketing, --,USD,0.00,0,1,0.00%,0,0.00,Performance Max,0.00%,0.00,0.00
long fence,Performance Max,None,PMAX cu remarketing, --,USD,0.00,0,25,0.00%,0,0.00,Performance Max,0.00%,0.00,0.00
ipe refinishing,Performance Max,None,PMAX cu remarketing, --,USD,0.00,0,2,0.00%,0,0.00,Performance Max,0.00%,0.00,0.00
patio repair near me,Performance Max,None,PMAX cu remarketing, --,USD,0.00,0,1,0.00%,0,0.00,Performance Max,0.00%,0.00,0.00
deck master,Performance Max,None,PMAX cu remarketing, --,USD,0.00,0,3,0.00%,0,0.00,Performance Max,0.00%,0.00,0.00
craig sundecks,Performance Max,None,PMAX cu remarketing, --,USD,0.00,0,7,0.00%,0,0.00,Performance Max,0.00%,0.00,0.00
how does it cost to build a deck,Performance Max,None,PMAX cu remarketing, --,USD,0.00,0,1,0.00%,0,0.00,Performance Max,0.00%,0.00,0.00
deck maxtor,Performance Max,None,PMAX cu remarketing, --,USD,0.00,0,1,0.00%,0,0.00,Performance Max,0.00%,0.00,0.00
build screened in patio,Performance Max,None,PMAX cu remarketing, --,USD,0.00,0,1,0.00%,0,0.00,Performance Max,0.00%,0.00,0.00
haijoe,Performance Max,None,PMAX cu remarketing, --,USD,0.00,0,2,0.00%,0,0.00,Performance Max,0.00%,0.00,0.00
hoa rules and regulations,Performance Max,None,PMAX cu remarketing, --,USD,0.00,0,1,0.00%,0,0.00,Performance Max,0.00%,0.00,0.00
fence contractors near me,Performance Max,None,PMAX cu remarketing, --,USD,0.00,0,2,0.00%,0,0.00,Performance Max,0.00%,0.00,0.00
gazebo ideas for backyard,Performance Max,None,PMAX cu remarketing, --,USD,0.00,0,1,0.00%,0,0.00,Performance Max,0.00%,0.00,0.00
wrapping deck posts with wood,AI Max,None,loudoun decks,Deck Builder - Middleburg,USD,0.00,0,1,0.00%,0,0.00,Search,0.00%,0.00,0.00
deck builders northern va,AI Max,None,loudoun decks,Deck Builder - Middleburg,USD,0.00,0,3,0.00%,0,0.00,Search,0.00%,0.00,0.00
zip up deck system,Phrase match (close variant),None,loudoun decks,Deck Builder - Brambleton,USD,0.00,0,2,0.00%,0,0.00,Search,0.00%,0.00,0.00
deckscapes,Performance Max,None,Pmax - Dec4, --,USD,0.00,0,2,0.00%,0,0.00,Performance Max,0.00%,0.00,0.00
bar top railing for decks,Performance Max,None,Pmax - Dec4, --,USD,0.00,0,1,0.00%,0,0.00,Performance Max,0.00%,0.00,0.00
covered porch,Performance Max,None,Pmax - Dec4, --,USD,0.00,0,1,0.00%,0,0.00,Performance Max,0.00%,0.00,0.00
rocky harbor trex deck,Broad match,None,Deck Repair - Loudoun County,Deck Replacement,USD,0.00,0,2,0.00%,0,0.00,Search,0.00%,0.00,0.00
building a ramp off a deck,AI Max,None,Deck Repair - Loudoun County,Deck Repair - Loudoun County,USD,0.00,0,1,0.00%,0,0.00,Search,0.00%,0.00,0.00
deck design,AI Max,None,Deck Repair - Loudoun County,Deck Renovation,USD,0.00,0,2,0.00%,0,0.00,Search,0.00%,0.00,0.00
dream outdoor solutions,AI Max,None,Fairfax-Search-Search - Deck Leads - VA - May 2025,Deck Builders Near Me,USD,0.00,0,1,0.00%,0,0.00,Search,0.00%,0.00,0.00
designer decks,AI Max,None,Fairfax-Search-Search - Deck Leads - VA - May 2025,Deck Builders Near Me,USD,0.00,0,1,0.00%,0,0.00,Search,0.00%,0.00,0.00
deck builder,AI Max,None,Fairfax-Search-Search - Deck Leads - VA - May 2025,Composite Decking,USD,0.00,0,1,0.00%,0,0.00,Search,0.00%,0.00,0.00
build deck on slope,AI Max,None,Fairfax-Search-Search - Deck Leads - VA - May 2025,Deck Builders Near Me,USD,0.00,0,1,0.00%,0,0.00,Search,0.00%,0.00,0.00
new deck,AI Max,None,Fairfax-Search-Search - Deck Leads - VA - May 2025,Deck + Patio / Outdoor Living,USD,0.00,0,1,0.00%,0,0.00,Search,0.00%,0.00,0.00
deck installers in my area,Exact match (close variant),None,Fairfax-Search-Search - Deck Leads - VA - May 2025,Deck + Patio / Outdoor Living,USD,0.00,0,1,0.00%,0,0.00,Search,0.00%,0.00,0.00
deck builders northern virginia,Phrase match (close variant),None,Fairfax-Search-Search - Deck Leads - VA - May 2025,Deck Builders Near Me,USD,0.00,0,1,0.00%,0,0.00,Search,0.00%,0.00,0.00
can you build a deck in a day,AI Max,None,Fairfax-Search-Search - Deck Leads - VA - May 2025,Deck Builders Near Me,USD,0.00,0,1,0.00%,0,0.00,Search,0.00%,0.00,0.00
oakmark construction,AI Max,None,Fairfax-Search-Search - Deck Leads - VA - May 2025,Deck Builders Near Me,USD,0.00,0,1,0.00%,0,0.00,Search,0.00%,0.00,0.00
retaining wall hardscape,AI Max,None,Fairfax-Search-Search - Deck Leads - VA - May 2025,Deck + Patio / Outdoor Living,USD,0.00,0,1,0.00%,0,0.00,Search,0.00%,0.00,0.00
capital construction,AI Max,None,Fairfax-Search-Search - Deck Leads - VA - May 2025,Deck + Patio / Outdoor Living,USD,0.00,0,1,0.00%,0,0.00,Search,0.00%,0.00,0.00
veterans decks reviews,Phrase match (close variant),None,SRCH | Replacement + Resurfacing | 3 Counties | Calls,Deck Replacement,USD,0.00,0,1,0.00%,0,0.00,Search,0.00%,0.00,0.00
barrons lumber manassas,Performance Max,None,PMAX cu remarketing, --,USD,0.00,0,1,0.00%,0,0.00,Performance Max,0.00%,0.00,0.00
timbertech terrain,Performance Max,None,PMAX cu remarketing, --,USD,0.00,0,1,0.00%,0,0.00,Performance Max,0.00%,0.00,0.00
building a fence,Performance Max,None,PMAX cu remarketing, --,USD,0.00,0,1,0.00%,0,0.00,Performance Max,0.00%,0.00,0.00
fix your deck,Performance Max,None,PMAX cu remarketing, --,USD,0.00,0,1,0.00%,0,0.00,Performance Max,0.00%,0.00,0.00
fencing contractors near me,Performance Max,None,PMAX cu remarketing, --,USD,0.00,0,1,0.00%,0,0.00,Performance Max,0.00%,0.00,0.00
deck in a box,Performance Max,None,PMAX cu remarketing, --,USD,0.00,0,2,0.00%,0,0.00,Performance Max,0.00%,0.00,0.00
trex colors,Performance Max,None,PMAX cu remarketing, --,USD,0.00,0,1,0.00%,0,0.00,Performance Max,0.00%,0.00,0.00
pressure washing siding on house,Performance Max,None,PMAX cu remarketing, --,USD,0.00,0,4,0.00%,0,0.00,Performance Max,0.00%,0.00,0.00
phoenix fence and deck,Performance Max,None,PMAX cu remarketing, --,USD,0.00,0,2,0.00%,0,0.00,Performance Max,0.00%,0.00,0.00
northern virginia deck and fence,Performance Max,None,PMAX cu remarketing, --,USD,0.00,0,7,0.00%,0,0.00,Performance Max,0.00%,0.00,0.00
composite deck tiles,Performance Max,None,PMAX cu remarketing, --,USD,0.00,0,1,0.00%,0,0.00,Performance Max,0.00%,0.00,0.00
meadows farms nurseries & landscaping near me,Performance Max,None,PMAX cu remarketing, --,USD,0.00,0,2,0.00%,0,0.00,Performance Max,0.00%,0.00,0.00
small deck decorating ideas,Performance Max,None,PMAX cu remarketing, --,USD,0.00,0,1,0.00%,0,0.00,Performance Max,0.00%,0.00,0.00
sunburst construction reviews,Performance Max,None,PMAX cu remarketing, --,USD,0.00,0,2,0.00%,0,0.00,Performance Max,0.00%,0.00,0.00
removing deck boards,Performance Max,None,PMAX cu remarketing, --,USD,0.00,0,2,0.00%,0,0.00,Performance Max,0.00%,0.00,0.00
screened in porch diy,Performance Max,None,PMAX cu remarketing, --,USD,0.00,0,5,0.00%,0,0.00,Performance Max,0.00%,0.00,0.00
long fence reviews,Performance Max,None,PMAX cu remarketing, --,USD,0.00,0,1,0.00%,0,0.00,Performance Max,0.00%,0.00,0.00
deck post installation,Performance Max,None,PMAX cu remarketing, --,USD,0.00,0,2,0.00%,0,0.00,Performance Max,0.00%,0.00,0.00
haijoe reviews,Performance Max,None,PMAX cu remarketing, --,USD,0.00,0,1,0.00%,0,0.00,Performance Max,0.00%,0.00,0.00
builder fence,Performance Max,None,PMAX cu remarketing, --,USD,0.00,0,1,0.00%,0,0.00,Performance Max,0.00%,0.00,0.00
nova exterior cleaning,Performance Max,None,PMAX cu remarketing, --,USD,0.00,0,1,0.00%,0,0.00,Performance Max,0.00%,0.00,0.00
screened in porch,Performance Max,None,PMAX cu remarketing, --,USD,0.00,0,19,0.00%,0,0.00,Performance Max,0.00%,0.00,0.00
fence contractor fairfax va,Performance Max,None,PMAX cu remarketing, --,USD,0.00,0,1,0.00%,0,0.00,Performance Max,0.00%,0.00,0.00
patio paver planner,Performance Max,None,PMAX cu remarketing, --,USD,0.00,0,1,0.00%,0,0.00,Performance Max,0.00%,0.00,0.00
deck inspectors,AI Max,None,loudoun decks,Deck Builder - Round Hill,USD,0.00,0,1,0.00%,0,0.00,Search,0.00%,0.00,0.00
potros construction,AI Max,None,loudoun decks,Deck Builder - Aldie,USD,0.00,0,1,0.00%,0,0.00,Search,0.00%,0.00,0.00
enclosed deck,AI Max,None,loudoun decks,Deck Builder - Hamilton,USD,0.00,0,1,0.00%,0,0.00,Search,0.00%,0.00,0.00
mobile patio,Broad match,None,loudoun decks,Deck Builder - Brambleton,USD,0.00,0,1,0.00%,0,0.00,Search,0.00%,0.00,0.00
deck maxtor,AI Max,None,loudoun decks,Deck Builder - Middleburg,USD,0.00,0,1,0.00%,0,0.00,Search,0.00%,0.00,0.00
royal outdoor designs,AI Max,None,loudoun decks,Deck Builder - Hamilton,USD,0.00,0,1,0.00%,0,0.00,Search,0.00%,0.00,0.00
patio hardscape,Broad match,None,loudoun decks,Deck Builder - Brambleton,USD,0.00,0,1,0.00%,0,0.00,Search,0.00%,0.00,0.00
deck,AI Max,None,loudoun decks,Loudoun Decks,USD,0.00,0,3,0.00%,0,0.00,Search,0.00%,0.00,0.00
prodeck,Performance Max,None,Pmax - Dec4, --,USD,0.00,0,1,0.00%,0,0.00,Performance Max,0.00%,0.00,0.00
yesenia fence,Performance Max,None,Pmax - Dec4, --,USD,0.00,0,1,0.00%,0,0.00,Performance Max,0.00%,0.00,0.00
composite decking,Performance Max,None,Pmax - Dec4, --,USD,0.00,0,1,0.00%,0,0.00,Performance Max,0.00%,0.00,0.00
deck services near me,Exact match (close variant),None,Deck Repair - Loudoun County,Deck Repair - Loudoun County,USD,0.00,0,2,0.00%,0,0.00,Search,0.00%,0.00,0.00
deck repair cost,AI Max,None,Deck Repair - Loudoun County,Deck Repair - Loudoun County,USD,4839.80,1,2,50.00%,9.68,9.68,Search,0.00%,0.00,0.00
roof terrace flooring,AI Max,None,Deck Repair - Loudoun County,Deck Repair - Loudoun County,USD,0.00,0,1,0.00%,0,0.00,Search,0.00%,0.00,0.00
deck support beams splitting,AI Max,None,Deck Repair - Loudoun County,Deck Repair - Loudoun County,USD,0.00,0,1,0.00%,0,0.00,Search,0.00%,0.00,0.00
deckstar llc,Broad match,None,Deck Repair - Loudoun County,Deck Renovation,USD,0.00,0,1,0.00%,0,0.00,Search,0.00%,0.00,0.00
trex railing white,AI Max,None,Premium Composite Decks,Ad group 1,USD,0.00,0,1,0.00%,0,0.00,Search,0.00%,0.00,0.00
fairfax deck builders,AI Max,None,Premium Composite Decks,Ad group 1,USD,67940.00,1,1,100.00%,67.94,67.94,Search,0.00%,0.00,0.00
paramount construction,AI Max,None,Premium Composite Decks,Ad group 1,USD,0.00,0,1,0.00%,0,0.00,Search,0.00%,0.00,0.00
pool decks wood,AI Max,None,Premium Composite Decks,Ad group 1,USD,0.00,0,1,0.00%,0,0.00,Search,0.00%,0.00,0.00
screened porch on deck,AI Max,None,Premium Composite Decks,Ad group 1,USD,4950.00,1,2,50.00%,9.90,9.90,Search,0.00%,0.00,0.00
excellent exteriors,AI Max,None,Premium Composite Decks,Ad group 1,USD,0.00,0,2,0.00%,0,0.00,Search,0.00%,0.00,0.00
hoppy design and build reviews,AI Max,None,Premium Composite Decks,Ad group 1,USD,0.00,0,4,0.00%,0,0.00,Search,0.00%,0.00,0.00
roof over deck attached to house,AI Max,None,Premium Composite Decks,Ad group 1,USD,1560.00,1,1,100.00%,1.56,1.56,Search,0.00%,0.00,0.00
bls pro landscaping,AI Max,None,Premium Composite Decks,Ad group 1,USD,0.00,0,1,0.00%,0,0.00,Search,0.00%,0.00,0.00
construction company in washington dc,AI Max,None,Premium Composite Decks,Ad group 1,USD,0.00,0,4,0.00%,0,0.00,Search,0.00%,0.00,0.00
detached screened in porch,AI Max,None,Premium Composite Decks,Ad group 1,USD,0.00,0,1,0.00%,0,0.00,Search,0.00%,0.00,0.00
swimming pool decks,AI Max,None,Premium Composite Decks,Ad group 1,USD,0.00,0,2,0.00%,0,0.00,Search,0.00%,0.00,0.00
k & p construction,AI Max,None,Premium Composite Decks,Ad group 1,USD,0.00,0,1,0.00%,0,0.00,Search,0.00%,0.00,0.00
modelos de decks,AI Max,None,Premium Composite Decks,Ad group 1,USD,0.00,0,1,0.00%,0,0.00,Search,0.00%,0.00,0.00
timbertech decking boards,Phrase match (close variant),None,SRCH | Composite | 3 Counties | Calls,Composite Deck Cost,USD,0.00,0,1,0.00%,0,0.00,Search,0.00%,0.00,0.00
trex malted barley,AI Max,None,Fairfax-Search-Search - Deck Leads - VA - May 2025,Deck Builders Near Me,USD,0.00,0,1,0.00%,0,0.00,Search,0.00%,0.00,0.00
construction company near me,AI Max,None,Fairfax-Search-Search - Deck Leads - VA - May 2025,Composite Decking,USD,0.00,0,1,0.00%,0,0.00,Search,0.00%,0.00,0.00
ayala masonry,AI Max,None,Fairfax-Search-Search - Deck Leads - VA - May 2025,Deck + Patio / Outdoor Living,USD,0.00,0,1,0.00%,0,0.00,Search,0.00%,0.00,0.00
monarch construction,AI Max,None,Fairfax-Search-Search - Deck Leads - VA - May 2025,Composite Decking,USD,0.00,0,1,0.00%,0,0.00,Search,0.00%,0.00,0.00
how to build a roof deck,Performance Max,None,PMAX cu remarketing, --,USD,0.00,0,1,0.00%,0,0.00,Performance Max,0.00%,0.00,0.00
patio pavement,Performance Max,None,PMAX cu remarketing, --,USD,0.00,0,1,0.00%,0,0.00,Performance Max,0.00%,0.00,0.00
barrons lumber gaithersburg,Performance Max,None,PMAX cu remarketing, --,USD,0.00,0,3,0.00%,0,0.00,Performance Max,0.00%,0.00,0.00
wood patio cost,Performance Max,None,PMAX cu remarketing, --,USD,0.00,0,1,0.00%,0,0.00,Performance Max,0.00%,0.00,0.00
porch vibes 2026,Performance Max,None,PMAX cu remarketing, --,USD,0.00,0,3,0.00%,0,0.00,Performance Max,0.00%,0.00,0.00
gazebo with installation,Performance Max,None,PMAX cu remarketing, --,USD,0.00,0,1,0.00%,0,0.00,Performance Max,0.00%,0.00,0.00
stain a deck,Performance Max,None,PMAX cu remarketing, --,USD,0.00,0,1,0.00%,0,0.00,Performance Max,0.00%,0.00,0.00
lumber yard springfield va,Performance Max,None,PMAX cu remarketing, --,USD,0.00,0,1,0.00%,0,0.00,Performance Max,0.00%,0.00,0.00
modern deck ideas,Performance Max,None,PMAX cu remarketing, --,USD,0.00,0,1,0.00%,0,0.00,Performance Max,0.00%,0.00,0.00
backyard patio,Performance Max,None,PMAX cu remarketing, --,USD,0.00,0,1,0.00%,0,0.00,Performance Max,0.00%,0.00,0.00
arko deck,Performance Max,None,PMAX cu remarketing, --,USD,0.00,0,1,0.00%,0,0.00,Performance Max,0.00%,0.00,0.00
84 lumber company,Performance Max,None,PMAX cu remarketing, --,USD,0.00,0,1,0.00%,0,0.00,Performance Max,0.00%,0.00,0.00
building deck stairs,Performance Max,None,PMAX cu remarketing, --,USD,0.00,0,1,0.00%,0,0.00,Performance Max,0.00%,0.00,0.00
building supply near me,Broad match,None,loudoun decks,Deck Builder - Brambleton,USD,0.00,0,1,0.00%,0,0.00,Search,0.00%,0.00,0.00
loudoun exteriors,AI Max,None,loudoun decks,Deck Builder - Leesburg,USD,0.00,0,1,0.00%,0,0.00,Search,0.00%,0.00,0.00
pvc deck,Phrase match (close variant),None,loudoun decks,Deck Builder - Brambleton,USD,0.00,0,1,0.00%,0,0.00,Search,0.00%,0.00,0.00
polymeric sand installation,Broad match,None,loudoun decks,Deck Builder - Brambleton,USD,0.00,0,1,0.00%,0,0.00,Search,0.00%,0.00,0.00
construction,AI Max,None,loudoun decks,Deck Builder - Arcola,USD,0.00,0,1,0.00%,0,0.00,Search,0.00%,0.00,0.00
patio designs near me,AI Max,None,loudoun decks,Loudoun Decks,USD,0.00,0,1,0.00%,0,0.00,Search,0.00%,0.00,0.00
chf deck,AI Max,None,loudoun decks,Deck Builder - South Riding,USD,0.00,0,1,0.00%,0,0.00,Search,0.00%,0.00,0.00
deck enclosure,AI Max,None,loudoun decks,Deck Builder - South Riding,USD,0.00,0,1,0.00%,0,0.00,Search,0.00%,0.00,0.00
struxture,Broad match,None,loudoun decks,Deck Builder - Brambleton,USD,0.00,0,1,0.00%,0,0.00,Search,0.00%,0.00,0.00
dream decks,AI Max,None,loudoun decks,Deck Builder - Middleburg,USD,0.00,0,2,0.00%,0,0.00,Search,0.00%,0.00,0.00
patio roofs,Broad match,None,loudoun decks,Deck Builder - Brambleton,USD,0.00,0,1,0.00%,0,0.00,Search,0.00%,0.00,0.00
tjt construction,AI Max,None,loudoun decks,Deck Builder - Leesburg,USD,0.00,0,1,0.00%,0,0.00,Search,0.00%,0.00,0.00
front porch,Performance Max,None,Pmax - Dec4, --,USD,0.00,0,5,0.00%,0,0.00,Performance Max,0.00%,0.00,0.00
deck covering material,AI Max,None,Deck Repair - Loudoun County,Deck Repair - Loudoun County,USD,0.00,0,1,0.00%,0,0.00,Search,0.00%,0.00,0.00
old house restoration,AI Max,None,Deck Repair - Loudoun County,Deck Renovation,USD,0.00,0,1,0.00%,0,0.00,Search,0.00%,0.00,0.00
picture frame deck,AI Max,None,Deck Repair - Loudoun County,Deck Restoration - Refinishing,USD,0.00,0,1,0.00%,0,0.00,Search,0.00%,0.00,0.00
trex deck suppliers near me,AI Max,None,Deck Repair - Loudoun County,Deck Repair - Loudoun County,USD,0.00,0,1,0.00%,0,0.00,Search,0.00%,0.00,0.00
deck de madera,AI Max,None,Premium Composite Decks,Ad group 1,USD,0.00,0,4,0.00%,0,0.00,Search,0.00%,0.00,0.00
what does it cost to build a deck,AI Max,None,Premium Composite Decks,Ad group 1,USD,0.00,0,1,0.00%,0,0.00,Search,0.00%,0.00,0.00
building supply near me,AI Max,None,Premium Composite Decks,Ad group 1,USD,0.00,0,5,0.00%,0,0.00,Search,0.00%,0.00,0.00
trex company inc,AI Max,None,Premium Composite Decks,Ad group 1,USD,0.00,0,3,0.00%,0,0.00,Search,0.00%,0.00,0.00
barrons lumber,AI Max,None,Premium Composite Decks,Ad group 1,USD,0.00,0,1,0.00%,0,0.00,Search,0.00%,0.00,0.00
backyard remodeling cost,AI Max,None,Premium Composite Decks,Ad group 1,USD,0.00,0,2,0.00%,0,0.00,Search,0.00%,0.00,0.00
hd exteriors reviews,AI Max,None,Premium Composite Decks,Ad group 1,USD,0.00,0,1,0.00%,0,0.00,Search,0.00%,0.00,0.00
prodeck reviews,AI Max,None,Premium Composite Decks,Ad group 1,USD,0.00,0,1,0.00%,0,0.00,Search,0.00%,0.00,0.00
what does trex decking look like,AI Max,None,Premium Composite Decks,Ad group 1,USD,0.00,0,1,0.00%,0,0.00,Search,0.00%,0.00,0.00
azek near me,AI Max,None,Premium Composite Decks,Ad group 1,USD,0.00,0,1,0.00%,0,0.00,Search,0.00%,0.00,0.00
trex decking cost,Exact match (close variant),None,SRCH | Composite | 3 Counties | Calls,Composite Deck Cost,USD,0.00,0,1,0.00%,0,0.00,Search,0.00%,0.00,0.00
herringbone deck,AI Max,None,Fairfax-Search-Search - Deck Leads - VA - May 2025,Composite Decking,USD,0.00,0,1,0.00%,0,0.00,Search,0.00%,0.00,0.00
nova construction pro,AI Max,None,Fairfax-Search-Search - Deck Leads - VA - May 2025,Deck Builders Near Me,USD,0.00,0,1,0.00%,0,0.00,Search,0.00%,0.00,0.00
deck retreat,AI Max,None,Fairfax-Search-Search - Deck Leads - VA - May 2025,Deck Builders Near Me,USD,0.00,0,1,0.00%,0,0.00,Search,0.00%,0.00,0.00
trex biscayne,AI Max,None,Fairfax-Search-Search - Deck Leads - VA - May 2025,Deck Builders Near Me,USD,0.00,0,1,0.00%,0,0.00,Search,0.00%,0.00,0.00
flagstone pavers,AI Max,None,Fairfax-Search-Search - Deck Leads - VA - May 2025,Deck + Patio / Outdoor Living,USD,0.00,0,1,0.00%,0,0.00,Search,0.00%,0.00,0.00
best deck builders,AI Max,None,Fairfax-Search-Search - Deck Leads - VA - May 2025,Deck Builders Near Me,USD,0.00,0,1,0.00%,0,0.00,Search,0.00%,0.00,0.00
outdoor living lawn & garden,AI Max,None,Fairfax-Search-Search - Deck Leads - VA - May 2025,Deck + Patio / Outdoor Living,USD,0.00,0,7,0.00%,0,0.00,Search,0.00%,0.00,0.00
loudoun decks,Exact match,Added,SRCH | Branded | 3 Counties | Calls,Brand Exact,USD,0.00,0,2,0.00%,0,0.00,Search,0.00%,0.00,0.00
deck builders near me,Phrase match (close variant),None,SRCH | Replacement + Resurfacing | 3 Counties | Calls,Deck Replacement,USD,10872.50,1,4,25.00%,43.49,43.49,Search,0.00%,0.00,0.00
wolf pvc decking colors,AI Max,None,Premium Composite Decks,Ad group 1,USD,0.00,0,1,0.00%,0,0.00,Search,0.00%,0.00,0.00
dark teak timbertech,AI Max,None,Premium Composite Decks,Ad group 1,USD,0.00,0,1,0.00%,0,0.00,Search,0.00%,0.00,0.00
trex platinum installers,AI Max,None,Premium Composite Decks,Ad group 1,USD,0.00,0,2,0.00%,0,0.00,Search,0.00%,0.00,0.00
landscaping services near me,AI Max,None,Premium Composite Decks,Ad group 1,USD,0.00,0,1,0.00%,0,0.00,Search,0.00%,0.00,0.00
nicolock stone ridge,AI Max,None,Premium Composite Decks,Ad group 1,USD,0.00,0,1,0.00%,0,0.00,Search,0.00%,0.00,0.00
nova stone manassas,AI Max,None,Premium Composite Decks,Ad group 1,USD,0.00,0,1,0.00%,0,0.00,Search,0.00%,0.00,0.00
landscaping hardscaping companies near me,AI Max,None,Premium Composite Decks,Ad group 1,USD,0.00,0,2,0.00%,0,0.00,Search,0.00%,0.00,0.00
archdeck,AI Max,None,Premium Composite Decks,Ad group 1,USD,0.00,0,1,0.00%,0,0.00,Search,0.00%,0.00,0.00
interlocking deck tiles near me,AI Max,None,Premium Composite Decks,Ad group 1,USD,0.00,0,1,0.00%,0,0.00,Search,0.00%,0.00,0.00
building a 20x20 deck,AI Max,None,Premium Composite Decks,Ad group 1,USD,0.00,0,1,0.00%,0,0.00,Search,0.00%,0.00,0.00
moisture shield,AI Max,None,Premium Composite Decks,Ad group 1,USD,0.00,0,1,0.00%,0,0.00,Search,0.00%,0.00,0.00
deck installation,AI Max,None,Premium Composite Decks,Ad group 1,USD,0.00,0,2,0.00%,0,0.00,Search,0.00%,0.00,0.00
barrons lumber manassas photos,AI Max,None,Premium Composite Decks,Ad group 1,USD,0.00,0,1,0.00%,0,0.00,Search,0.00%,0.00,0.00
deck replacement companies near me,AI Max,None,Premium Composite Decks,Ad group 1,USD,0.00,0,1,0.00%,0,0.00,Search,0.00%,0.00,0.00
deck power washing,Performance Max,None,PMAX cu remarketing, --,USD,0.00,0,3,0.00%,0,0.00,Performance Max,0.00%,0.00,0.00
patio stones near me,Performance Max,None,PMAX cu remarketing, --,USD,0.00,0,1,0.00%,0,0.00,Performance Max,0.00%,0.00,0.00
northern virginia fence company,Performance Max,None,PMAX cu remarketing, --,USD,0.00,0,1,0.00%,0,0.00,Performance Max,0.00%,0.00,0.00
how to install post sleeves,Performance Max,None,PMAX cu remarketing, --,USD,0.00,0,1,0.00%,0,0.00,Performance Max,0.00%,0.00,0.00
construction near me,Performance Max,None,PMAX cu remarketing, --,USD,0.00,0,2,0.00%,0,0.00,Performance Max,0.00%,0.00,0.00
outdoor spaces design,Performance Max,None,PMAX cu remarketing, --,USD,0.00,0,4,0.00%,0,0.00,Performance Max,0.00%,0.00,0.00
fences repair near me,Performance Max,None,PMAX cu remarketing, --,USD,0.00,0,1,0.00%,0,0.00,Performance Max,0.00%,0.00,0.00
townhouse deck ideas,Performance Max,None,PMAX cu remarketing, --,USD,0.00,0,2,0.00%,0,0.00,Performance Max,0.00%,0.00,0.00
calculator deck,Performance Max,None,PMAX cu remarketing, --,USD,0.00,0,1,0.00%,0,0.00,Performance Max,0.00%,0.00,0.00
affordable decking concepts,Performance Max,None,PMAX cu remarketing, --,USD,0.00,0,1,0.00%,0,0.00,Performance Max,0.00%,0.00,0.00
underdeck ceiling,Performance Max,None,PMAX cu remarketing, --,USD,0.00,0,1,0.00%,0,0.00,Performance Max,0.00%,0.00,0.00
entertainment area ideas,Performance Max,None,PMAX cu remarketing, --,USD,0.00,0,1,0.00%,0,0.00,Performance Max,0.00%,0.00,0.00
patio maintenance near me,Performance Max,None,PMAX cu remarketing, --,USD,0.00,0,2,0.00%,0,0.00,Performance Max,0.00%,0.00,0.00
back yard patio ideas,Performance Max,None,PMAX cu remarketing, --,USD,0.00,0,2,0.00%,0,0.00,Performance Max,0.00%,0.00,0.00
the deck hands llc,Performance Max,None,PMAX cu remarketing, --,USD,0.00,0,1,0.00%,0,0.00,Performance Max,0.00%,0.00,0.00
deck repair northern virginia,Performance Max,None,PMAX cu remarketing, --,USD,0.00,0,1,0.00%,0,0.00,Performance Max,0.00%,0.00,0.00
dan's power washing,Performance Max,None,PMAX cu remarketing, --,USD,0.00,0,1,0.00%,0,0.00,Performance Max,0.00%,0.00,0.00
deck installation,Broad match,None,loudoun decks,Deck Builder - Brambleton,USD,0.00,0,1,0.00%,0,0.00,Search,0.00%,0.00,0.00
duradek,Phrase match (close variant),None,loudoun decks,Deck Builder - Brambleton,USD,0.00,0,1,0.00%,0,0.00,Search,0.00%,0.00,0.00
split level deck designs,AI Max,None,loudoun decks,Deck Builder - Arcola,USD,0.00,0,1,0.00%,0,0.00,Search,0.00%,0.00,0.00
deck builder near me,Exact match,Added,loudoun decks,Deck Builder - Arcola,USD,0.00,0,2,0.00%,0,0.00,Search,0.00%,0.00,0.00
jlm builders,AI Max,None,loudoun decks,Deck Builder - Round Hill,USD,0.00,0,1,0.00%,0,0.00,Search,0.00%,0.00,0.00
truedecks,AI Max,None,loudoun decks,Deck Builder - Potomac Falls,USD,0.00,0,1,0.00%,0,0.00,Search,0.00%,0.00,0.00
clark construction,AI Max,None,loudoun decks,Deck Builder - Aldie,USD,0.00,0,1,0.00%,0,0.00,Search,0.00%,0.00,0.00
timbertech prime plus,AI Max,None,loudoun decks,Deck Builder - Aldie,USD,0.00,0,1,0.00%,0,0.00,Search,0.00%,0.00,0.00
el gallo construction,AI Max,None,loudoun decks,Deck Builder - Lovettsville,USD,0.00,0,1,0.00%,0,0.00,Search,0.00%,0.00,0.00
two tier deck,AI Max,None,loudoun decks,Deck Builder - Hamilton,USD,0.00,0,1,0.00%,0,0.00,Search,0.00%,0.00,0.00
vintage woodworks,AI Max,None,loudoun decks,Deck Builder - Sterling,USD,0.00,0,1,0.00%,0,0.00,Search,0.00%,0.00,0.00
tart lumber,Performance Max,None,Pmax - Dec4, --,USD,0.00,0,1,0.00%,0,0.00,Performance Max,0.00%,0.00,0.00
sand old deck,Performance Max,None,Pmax - Dec4, --,USD,0.00,0,1,0.00%,0,0.00,Performance Max,0.00%,0.00,0.00
timbertech advanced pvc decking by azek,Performance Max,None,Pmax - Dec4, --,USD,0.00,0,1,0.00%,0,0.00,Performance Max,0.00%,0.00,0.00
backyard transformation,AI Max,None,Deck Repair - Loudoun County,Deck Restoration - Refinishing,USD,0.00,0,1,0.00%,0,0.00,Search,0.00%,0.00,0.00
how much does deck repair cost,AI Max,None,Deck Repair - Loudoun County,Deck Repair - Loudoun County,USD,0.00,0,2,0.00%,0,0.00,Search,0.00%,0.00,0.00
building a deck with trex,AI Max,None,Deck Repair - Loudoun County,Deck Replacement,USD,0.00,0,1,0.00%,0,0.00,Search,0.00%,0.00,0.00
decksdirect,AI Max,None,Deck Repair - Loudoun County,Deck Restoration - Refinishing,USD,0.00,0,1,0.00%,0,0.00,Search,0.00%,0.00,0.00
20 ft trex boards,Phrase match (close variant),None,SRCH | Composite | 3 Counties | Calls,Composite Deck Cost,USD,0.00,0,1,0.00%,0,0.00,Search,0.00%,0.00,0.00
pergolas for deck,AI Max,None,Fairfax-Search-Search - Deck Leads - VA - May 2025,Deck Builders Near Me,USD,0.00,0,1,0.00%,0,0.00,Search,0.00%,0.00,0.00
sundeck,AI Max,None,Fairfax-Search-Search - Deck Leads - VA - May 2025,Deck Repair & Refinishing,USD,0.00,0,1,0.00%,0,0.00,Search,0.00%,0.00,0.00
composite decking,AI Max,None,Fairfax-Search-Search - Deck Leads - VA - May 2025,Deck + Patio / Outdoor Living,USD,0.00,0,1,0.00%,0,0.00,Search,0.00%,0.00,0.00
low deck building,AI Max,None,Fairfax-Search-Search - Deck Leads - VA - May 2025,Deck Builders Near Me,USD,0.00,0,2,0.00%,0,0.00,Search,0.00%,0.00,0.00
timbertech near me,AI Max,None,Premium Composite Decks,Ad group 1,USD,0.00,0,2,0.00%,0,0.00,Search,0.00%,0.00,0.00
decks and co,AI Max,None,Premium Composite Decks,Ad group 1,USD,0.00,0,1,0.00%,0,0.00,Search,0.00%,0.00,0.00
how much to replace deck with composite,AI Max,None,Premium Composite Decks,Ad group 1,USD,0.00,0,2,0.00%,0,0.00,Search,0.00%,0.00,0.00
patio enclosures kits,AI Max,None,Premium Composite Decks,Ad group 1,USD,0.00,0,1,0.00%,0,0.00,Search,0.00%,0.00,0.00
deck building near me,Exact match (close variant),None,Premium Composite Decks,Ad group 1,USD,0.00,0,1,0.00%,0,0.00,Search,0.00%,0.00,0.00
trex wood,AI Max,None,Premium Composite Decks,Ad group 1,USD,0.00,0,1,0.00%,0,0.00,Search,0.00%,0.00,0.00
timbertech mahogany,AI Max,None,Premium Composite Decks,Ad group 1,USD,0.00,0,2,0.00%,0,0.00,Search,0.00%,0.00,0.00
tw perry trex,AI Max,None,Premium Composite Decks,Ad group 1,USD,0.00,0,1,0.00%,0,0.00,Search,0.00%,0.00,0.00
tj construction,AI Max,None,Premium Composite Decks,Ad group 1,USD,0.00,0,1,0.00%,0,0.00,Search,0.00%,0.00,0.00
loudoun construction,AI Max,None,Premium Composite Decks,Ad group 1,USD,0.00,0,2,0.00%,0,0.00,Search,0.00%,0.00,0.00
go configure,AI Max,None,Premium Composite Decks,Ad group 1,USD,0.00,0,1,0.00%,0,0.00,Search,0.00%,0.00,0.00
hd deck,AI Max,None,Premium Composite Decks,Ad group 1,USD,0.00,0,2,0.00%,0,0.00,Search,0.00%,0.00,0.00
decking specialists near me,Exact match (close variant),None,Premium Composite Decks,Ad group 1,USD,0.00,0,1,0.00%,0,0.00,Search,0.00%,0.00,0.00
lansing building products,AI Max,None,Premium Composite Decks,Ad group 1,USD,0.00,0,7,0.00%,0,0.00,Search,0.00%,0.00,0.00
outdoor patio wall panels,AI Max,None,Premium Composite Decks,Ad group 1,USD,450.00,1,1,100.00%,0.45,0.45,Search,0.00%,0.00,0.00
patio repair near me,AI Max,None,Premium Composite Decks,Ad group 1,USD,6837.50,1,4,25.00%,27.35,27.35,Search,0.00%,0.00,0.00
how to fix deck wood,Performance Max,None,PMAX cu remarketing, --,USD,0.00,0,1,0.00%,0,0.00,Performance Max,0.00%,0.00,0.00
deck and floor,Performance Max,None,PMAX cu remarketing, --,USD,0.00,0,1,0.00%,0,0.00,Performance Max,0.00%,0.00,0.00
diseños de decks de madera,Performance Max,None,PMAX cu remarketing, --,USD,0.00,0,1,0.00%,0,0.00,Performance Max,0.00%,0.00,0.00
deck wash and stain,Performance Max,None,PMAX cu remarketing, --,USD,0.00,0,1,0.00%,0,0.00,Performance Max,0.00%,0.00,0.00
gazebo installation on deck,Performance Max,None,PMAX cu remarketing, --,USD,0.00,0,1,0.00%,0,0.00,Performance Max,0.00%,0.00,0.00
lumber supply near me,Performance Max,None,PMAX cu remarketing, --,USD,0.00,0,1,0.00%,0,0.00,Performance Max,0.00%,0.00,0.00
trex enhance install,Performance Max,None,PMAX cu remarketing, --,USD,0.00,0,2,0.00%,0,0.00,Performance Max,0.00%,0.00,0.00
top decking,Performance Max,None,PMAX cu remarketing, --,USD,0.00,0,1,0.00%,0,0.00,Performance Max,0.00%,0.00,0.00
balcony maker,Performance Max,None,PMAX cu remarketing, --,USD,0.00,0,1,0.00%,0,0.00,Performance Max,0.00%,0.00,0.00
building box steps for deck,Performance Max,None,PMAX cu remarketing, --,USD,0.00,0,1,0.00%,0,0.00,Performance Max,0.00%,0.00,0.00
deck materials near me,Performance Max,None,PMAX cu remarketing, --,USD,0.00,0,1,0.00%,0,0.00,Performance Max,0.00%,0.00,0.00
composite decking pros and cons,Performance Max,None,PMAX cu remarketing, --,USD,0.00,0,2,0.00%,0,0.00,Performance Max,0.00%,0.00,0.00
ipe oil near me,Performance Max,None,PMAX cu remarketing, --,USD,0.00,0,1,0.00%,0,0.00,Performance Max,0.00%,0.00,0.00
fill deck cracks,Performance Max,None,PMAX cu remarketing, --,USD,0.00,0,1,0.00%,0,0.00,Performance Max,0.00%,0.00,0.00
finishing under deck,Performance Max,None,PMAX cu remarketing, --,USD,0.00,0,1,0.00%,0,0.00,Performance Max,0.00%,0.00,0.00
how to replace the deck,Performance Max,None,PMAX cu remarketing, --,USD,0.00,0,1,0.00%,0,0.00,Performance Max,0.00%,0.00,0.00
maryland pressure washing,Performance Max,None,PMAX cu remarketing, --,USD,0.00,0,1,0.00%,0,0.00,Performance Max,0.00%,0.00,0.00
deck repair frederick md,Performance Max,None,PMAX cu remarketing, --,USD,0.00,0,2,0.00%,0,0.00,Performance Max,0.00%,0.00,0.00
gazebo,Performance Max,None,PMAX cu remarketing, --,USD,0.00,0,8,0.00%,0,0.00,Performance Max,0.00%,0.00,0.00
floating deck diy,Performance Max,None,PMAX cu remarketing, --,USD,0.00,0,1,0.00%,0,0.00,Performance Max,0.00%,0.00,0.00
battlefield decks,Performance Max,None,PMAX cu remarketing, --,USD,0.00,0,9,0.00%,0,0.00,Performance Max,0.00%,0.00,0.00
deck resurfacing near me,Performance Max,None,PMAX cu remarketing, --,USD,0.00,0,3,0.00%,0,0.00,Performance Max,0.00%,0.00,0.00
deck repair,Performance Max,None,PMAX cu remarketing, --,USD,73.48,1,23,4.35%,1.69,1.69,Performance Max,0.00%,0.00,0.00
deck staining fairfax va,Performance Max,None,PMAX cu remarketing, --,USD,0.00,0,1,0.00%,0,0.00,Performance Max,0.00%,0.00,0.00
deck wood,Performance Max,None,PMAX cu remarketing, --,USD,0.00,0,2,0.00%,0,0.00,Performance Max,0.00%,0.00,0.00
trex,Performance Max,None,PMAX cu remarketing, --,USD,0.00,0,11,0.00%,0,0.00,Performance Max,0.00%,0.00,0.00
powerwashing near me,Performance Max,None,PMAX cu remarketing, --,USD,0.00,0,1,0.00%,0,0.00,Performance Max,0.00%,0.00,0.00
custom metal railing near me,Performance Max,None,PMAX cu remarketing, --,USD,0.00,0,1,0.00%,0,0.00,Performance Max,0.00%,0.00,0.00
inside out underdecking,AI Max,None,loudoun decks,Deck Builder - Potomac Falls,USD,0.00,0,1,0.00%,0,0.00,Search,0.00%,0.00,0.00
deck company near me,Exact match (close variant),None,loudoun decks,Deck Builder - Leesburg,USD,0.00,0,1,0.00%,0,0.00,Search,0.00%,0.00,0.00
truedecks,AI Max,None,loudoun decks,Deck Builder - Round Hill,USD,0.00,0,1,0.00%,0,0.00,Search,0.00%,0.00,0.00
deck support beams,AI Max,None,loudoun decks,Deck Builder - Leesburg,USD,0.00,0,1,0.00%,0,0.00,Search,0.00%,0.00,0.00
edward construction,AI Max,None,loudoun decks,Deck Builder - Lovettsville,USD,0.00,0,1,0.00%,0,0.00,Search,0.00%,0.00,0.00
distinctive deck designs,AI Max,None,loudoun decks,Deck Builder - Round Hill,USD,0.00,0,1,0.00%,0,0.00,Search,0.00%,0.00,0.00
cocktail rail,AI Max,None,loudoun decks,Deck Builder - Broadlands,USD,0.00,0,2,0.00%,0,0.00,Search,0.00%,0.00,0.00
deck lights,Broad match,None,loudoun decks,Deck Builder - Brambleton,USD,0.00,0,1,0.00%,0,0.00,Search,0.00%,0.00,0.00
gazebo installation services,Performance Max,None,Pmax - Dec4, --,USD,0.00,0,2,0.00%,0,0.00,Performance Max,0.00%,0.00,0.00
fence and deck,Performance Max,None,Pmax - Dec4, --,USD,0.00,0,1,0.00%,0,0.00,Performance Max,0.00%,0.00,0.00
under deck drainage system for existing decks,AI Max,None,Deck Repair - Loudoun County,Composite - Trex Repair,USD,0.00,0,1,0.00%,0,0.00,Search,0.00%,0.00,0.00
titan deck,AI Max,None,Deck Repair - Loudoun County,Deck Replacement,USD,0.00,0,1,0.00%,0,0.00,Search,0.00%,0.00,0.00
deck builders near me,AI Max,None,Deck Repair - Loudoun County,Deck Replacement,USD,0.00,0,4,0.00%,0,0.00,Search,0.00%,0.00,0.00
deck restoration,Exact match,Added,Deck Repair - Loudoun County,Deck Renovation,USD,3689.00,1,12,8.33%,44.27,44.27,Search,100.00%,1.00,44.27
deck sealing near me,Broad match,None,Deck Repair - Loudoun County,Deck Renovation,USD,0.00,0,1,0.00%,0,0.00,Search,0.00%,0.00,0.00
deck fixing near me,Exact match,Added,Deck Repair - Loudoun County,Deck Repair - Loudoun County,USD,0.00,0,3,0.00%,0,0.00,Search,0.00%,0.00,0.00
deck flooring material,AI Max,None,Deck Repair - Loudoun County,Deck Repair - Loudoun County,USD,0.00,0,1,0.00%,0,0.00,Search,0.00%,0.00,0.00
trex deck board installation,AI Max,None,Fairfax-Search-Search - Deck Leads - VA - May 2025,Composite Decks,USD,0.00,0,1,0.00%,0,0.00,Search,0.00%,0.00,0.00
trex decking,AI Max,None,Fairfax-Search-Search - Deck Leads - VA - May 2025,Composite Decking,USD,0.00,0,7,0.00%,0,0.00,Search,0.00%,0.00,0.00
trex wood decking,AI Max,None,Fairfax-Search-Search - Deck Leads - VA - May 2025,Composite Decking,USD,0.00,0,1,0.00%,0,0.00,Search,0.00%,0.00,0.00
deck stair construction,AI Max,None,Fairfax-Search-Search - Deck Leads - VA - May 2025,Deck Builders Near Me,USD,0.00,0,1,0.00%,0,0.00,Search,0.00%,0.00,0.00
underside of a deck,Performance Max,None,PMAX cu remarketing, --,USD,0.00,0,1,0.00%,0,0.00,Performance Max,0.00%,0.00,0.00
exterior house cleaning near me,Performance Max,None,PMAX cu remarketing, --,USD,0.00,0,1,0.00%,0,0.00,Performance Max,0.00%,0.00,0.00
timbertech cost vs trex,Performance Max,None,PMAX cu remarketing, --,USD,0.00,0,1,0.00%,0,0.00,Performance Max,0.00%,0.00,0.00
lean to screened in porch,Performance Max,None,PMAX cu remarketing, --,USD,0.00,0,10,0.00%,0,0.00,Performance Max,0.00%,0.00,0.00
wood rot repair,Performance Max,None,PMAX cu remarketing, --,USD,0.00,0,1,0.00%,0,0.00,Performance Max,0.00%,0.00,0.00
tw perry springfield va,Performance Max,None,PMAX cu remarketing, --,USD,0.00,0,1,0.00%,0,0.00,Performance Max,0.00%,0.00,0.00
screened in porch build,Performance Max,None,PMAX cu remarketing, --,USD,0.00,0,1,0.00%,0,0.00,Performance Max,0.00%,0.00,0.00
screen porch ideas,Performance Max,None,PMAX cu remarketing, --,USD,0.00,0,5,0.00%,0,0.00,Performance Max,0.00%,0.00,0.00
deck builders manassas va,Performance Max,None,PMAX cu remarketing, --,USD,0.00,0,2,0.00%,0,0.00,Performance Max,0.00%,0.00,0.00
how much to have a patio built,Performance Max,None,PMAX cu remarketing, --,USD,0.00,0,1,0.00%,0,0.00,Performance Max,0.00%,0.00,0.00
how to install a patio,Performance Max,None,PMAX cu remarketing, --,USD,0.00,0,1,0.00%,0,0.00,Performance Max,0.00%,0.00,0.00
repair rotten deck post,Performance Max,None,PMAX cu remarketing, --,USD,0.00,0,1,0.00%,0,0.00,Performance Max,0.00%,0.00,0.00
deck and fence cleaner,Performance Max,None,PMAX cu remarketing, --,USD,0.00,0,1,0.00%,0,0.00,Performance Max,0.00%,0.00,0.00
how to pressure wash a two story house,Performance Max,None,PMAX cu remarketing, --,USD,0.00,0,1,0.00%,0,0.00,Performance Max,0.00%,0.00,0.00
building a pergola attached to house,Performance Max,None,PMAX cu remarketing, --,USD,0.00,0,1,0.00%,0,0.00,Performance Max,0.00%,0.00,0.00
montgomery county deck details,Performance Max,None,PMAX cu remarketing, --,USD,0.00,0,1,0.00%,0,0.00,Performance Max,0.00%,0.00,0.00
armor fence,Performance Max,None,PMAX cu remarketing, --,USD,0.00,0,14,0.00%,0,0.00,Performance Max,0.00%,0.00,0.00
fence company near me,Performance Max,None,PMAX cu remarketing, --,USD,0.00,0,21,0.00%,0,0.00,Performance Max,0.00%,0.00,0.00
how to build a deck step by step,Performance Max,None,PMAX cu remarketing, --,USD,0.00,0,2,0.00%,0,0.00,Performance Max,0.00%,0.00,0.00
how to install fence,Performance Max,None,PMAX cu remarketing, --,USD,0.00,0,1,0.00%,0,0.00,Performance Max,0.00%,0.00,0.00
how to pressure wash metal siding,Performance Max,None,PMAX cu remarketing, --,USD,0.00,0,1,0.00%,0,0.00,Performance Max,0.00%,0.00,0.00
landscapers chantilly va,Performance Max,None,PMAX cu remarketing, --,USD,0.00,0,1,0.00%,0,0.00,Performance Max,0.00%,0.00,0.00
presidential exteriors,AI Max,None,loudoun decks,Deck Builder - Purcellville,USD,0.00,0,1,0.00%,0,0.00,Search,0.00%,0.00,0.00
bigdecks,AI Max,None,loudoun decks,Deck Builder - Aldie,USD,0.00,0,1,0.00%,0,0.00,Search,0.00%,0.00,0.00
loudoun decks,AI Max,None,loudoun decks,Deck Builder - Middleburg,USD,16140.00,1,1,100.00%,16.14,16.14,Search,0.00%,0.00,0.00
7 step wood stringer,Broad match,None,loudoun decks,Deck Builder - Brambleton,USD,0.00,0,1,0.00%,0,0.00,Search,0.00%,0.00,0.00
bigdecks,AI Max,None,loudoun decks,Deck Builder - South Riding,USD,0.00,0,1,0.00%,0,0.00,Search,0.00%,0.00,0.00
loudoun decks,AI Max,None,loudoun decks,Deck Builder - Potomac Falls,USD,0.00,0,2,0.00%,0,0.00,Search,0.00%,0.00,0.00
deck townhouse,AI Max,None,loudoun decks,Deck Builder - Potomac Falls,USD,0.00,0,1,0.00%,0,0.00,Search,0.00%,0.00,0.00
prince william home improvement,Performance Max,None,Pmax - Dec4, --,USD,0.00,0,8,0.00%,0,0.00,Performance Max,0.00%,0.00,0.00
deck bench,AI Max,None,Deck Repair - Loudoun County,Deck Restoration - Refinishing,USD,0.00,0,1,0.00%,0,0.00,Search,0.00%,0.00,0.00
emery construction,AI Max,None,Deck Repair - Loudoun County,Deck Repair - Loudoun County,USD,0.00,0,1,0.00%,0,0.00,Search,0.00%,0.00,0.00
building a deck,AI Max,None,Deck Repair - Loudoun County,Composite - Trex Repair,USD,0.00,0,1,0.00%,0,0.00,Search,0.00%,0.00,0.00
timbertech near me,AI Max,None,Deck Repair - Loudoun County,Composite - Trex Repair,USD,0.00,0,1,0.00%,0,0.00,Search,0.00%,0.00,0.00
repairing deck boards,AI Max,None,Premium Composite Decks,Ad group 1,USD,0.00,0,1,0.00%,0,0.00,Search,0.00%,0.00,0.00
flush beam deck,AI Max,None,Premium Composite Decks,Ad group 1,USD,0.00,0,2,0.00%,0,0.00,Search,0.00%,0.00,0.00
lumberyard near me,AI Max,None,Premium Composite Decks,Ad group 1,USD,0.00,0,2,0.00%,0,0.00,Search,0.00%,0.00,0.00
how much to resurface a deck,AI Max,None,Premium Composite Decks,Ad group 1,USD,0.00,0,1,0.00%,0,0.00,Search,0.00%,0.00,0.00
big ideas construction,AI Max,None,Premium Composite Decks,Ad group 1,USD,1560.00,1,2,50.00%,3.12,3.12,Search,0.00%,0.00,0.00
deck de madera fotos,AI Max,None,Premium Composite Decks,Ad group 1,USD,0.00,0,1,0.00%,0,0.00,Search,0.00%,0.00,0.00
deck builder near me,Exact match (close variant),None,Premium Composite Decks,Ad group 1,USD,0.00,0,5,0.00%,0,0.00,Search,0.00%,0.00,0.00
zuri decking,AI Max,None,Premium Composite Decks,Ad group 1,USD,0.00,0,2,0.00%,0,0.00,Search,0.00%,0.00,0.00
local lumber yard,AI Max,None,Premium Composite Decks,Ad group 1,USD,0.00,0,1,0.00%,0,0.00,Search,0.00%,0.00,0.00
screened in back porch ideas,AI Max,None,Premium Composite Decks,Ad group 1,USD,0.00,0,1,0.00%,0,0.00,Search,0.00%,0.00,0.00
timbertech porch flooring,AI Max,None,Premium Composite Decks,Ad group 1,USD,0.00,0,2,0.00%,0,0.00,Search,0.00%,0.00,0.00
northern virginia deck builders,AI Max,None,Premium Composite Decks,Ad group 1,USD,0.00,0,1,0.00%,0,0.00,Search,0.00%,0.00,0.00
porch screens,AI Max,None,Premium Composite Decks,Ad group 1,USD,0.00,0,1,0.00%,0,0.00,Search,0.00%,0.00,0.00
deck construction companies near me,AI Max,None,Premium Composite Decks,Ad group 1,USD,1005.10,1,2,50.00%,2.01,2.01,Search,0.00%,0.00,0.00
landscaping timbers,AI Max,None,Premium Composite Decks,Ad group 1,USD,0.00,0,1,0.00%,0,0.00,Search,0.00%,0.00,0.00
premier deck builders,AI Max,None,Premium Composite Decks,Ad group 1,USD,0.00,0,2,0.00%,0,0.00,Search,0.00%,0.00,0.00
black trex decking,Phrase match (close variant),None,SRCH | Composite | 3 Counties | Calls,Composite Deck Cost,USD,0.00,0,1,0.00%,0,0.00,Search,0.00%,0.00,0.00
atlantic decking,AI Max,None,Fairfax-Search-Search - Deck Leads - VA - May 2025,Deck Repair & Refinishing,USD,0.00,0,1,0.00%,0,0.00,Search,0.00%,0.00,0.00
retractable screens for patio,AI Max,None,Fairfax-Search-Search - Deck Leads - VA - May 2025,Deck + Patio / Outdoor Living,USD,0.00,0,1,0.00%,0,0.00,Search,0.00%,0.00,0.00
top rated deck stains,AI Max,None,Fairfax-Search-Search - Deck Leads - VA - May 2025,Deck Repair & Refinishing,USD,0.00,0,1,0.00%,0,0.00,Search,0.00%,0.00,0.00
screened porch ideas,Performance Max,None,PMAX cu remarketing, --,USD,0.00,0,1,0.00%,0,0.00,Performance Max,0.00%,0.00,0.00
decking company near me,Performance Max,None,PMAX cu remarketing, --,USD,0.00,0,1,0.00%,0,0.00,Performance Max,0.00%,0.00,0.00
composite vs wood deck pros and cons,Performance Max,None,PMAX cu remarketing, --,USD,0.00,0,1,0.00%,0,0.00,Performance Max,0.00%,0.00,0.00
build a sunroom on a deck,Performance Max,None,PMAX cu remarketing, --,USD,0.00,0,1,0.00%,0,0.00,Performance Max,0.00%,0.00,0.00
composite wood,Performance Max,None,PMAX cu remarketing, --,USD,0.00,0,1,0.00%,0,0.00,Performance Max,0.00%,0.00,0.00
motorized patio cover,Performance Max,None,PMAX cu remarketing, --,USD,0.00,0,1,0.00%,0,0.00,Performance Max,0.00%,0.00,0.00
fence installers in my area,Performance Max,None,PMAX cu remarketing, --,USD,0.00,0,1,0.00%,0,0.00,Performance Max,0.00%,0.00,0.00
neds deck,Performance Max,None,PMAX cu remarketing, --,USD,0.00,0,2,0.00%,0,0.00,Performance Max,0.00%,0.00,0.00
waterproofing under deck,Performance Max,None,PMAX cu remarketing, --,USD,0.00,0,1,0.00%,0,0.00,Performance Max,0.00%,0.00,0.00
exterior carpentry repair near me,Performance Max,None,PMAX cu remarketing, --,USD,0.00,0,1,0.00%,0,0.00,Performance Max,0.00%,0.00,0.00
resurfacing existing deck with composite,Performance Max,None,PMAX cu remarketing, --,USD,0.00,0,1,0.00%,0,0.00,Performance Max,0.00%,0.00,0.00
fence builder,Performance Max,None,PMAX cu remarketing, --,USD,0.00,0,1,0.00%,0,0.00,Performance Max,0.00%,0.00,0.00
powerwash near me,Performance Max,None,PMAX cu remarketing, --,USD,0.00,0,1,0.00%,0,0.00,Performance Max,0.00%,0.00,0.00
how to make patio,Performance Max,None,PMAX cu remarketing, --,USD,0.00,0,1,0.00%,0,0.00,Performance Max,0.00%,0.00,0.00
cheap floating deck,Performance Max,None,PMAX cu remarketing, --,USD,0.00,0,2,0.00%,0,0.00,Performance Max,0.00%,0.00,0.00
how to put a fence up,Performance Max,None,PMAX cu remarketing, --,USD,0.00,0,1,0.00%,0,0.00,Performance Max,0.00%,0.00,0.00
awnings for patios near me,Performance Max,None,PMAX cu remarketing, --,USD,0.00,0,1,0.00%,0,0.00,Performance Max,0.00%,0.00,0.00
rotted porch post repair,Performance Max,None,PMAX cu remarketing, --,USD,0.00,0,1,0.00%,0,0.00,Performance Max,0.00%,0.00,0.00
power wash near me,Performance Max,None,PMAX cu remarketing, --,USD,0.00,0,2,0.00%,0,0.00,Performance Max,0.00%,0.00,0.00
decks,AI Max,None,loudoun decks,Loudoun Decks,USD,0.00,0,3,0.00%,0,0.00,Search,0.00%,0.00,0.00
loft patio,Broad match,None,loudoun decks,Deck Builder - Brambleton,USD,0.00,0,2,0.00%,0,0.00,Search,0.00%,0.00,0.00
building near me,AI Max,None,loudoun decks,Deck Builder - Leesburg,USD,0.00,0,1,0.00%,0,0.00,Search,0.00%,0.00,0.00
can you put a deck over concrete,AI Max,None,loudoun decks,Deck Builder - Leesburg,USD,0.00,0,1,0.00%,0,0.00,Search,0.00%,0.00,0.00
pro deck,Performance Max,None,Pmax - Dec4, --,USD,0.00,0,1,0.00%,0,0.00,Performance Max,0.00%,0.00,0.00
fence store,Performance Max,None,Pmax - Dec4, --,USD,0.00,0,1,0.00%,0,0.00,Performance Max,0.00%,0.00,0.00
fencer near me,Performance Max,None,Pmax - Dec4, --,USD,0.00,0,1,0.00%,0,0.00,Performance Max,0.00%,0.00,0.00
best covering for decking,Broad match,None,Deck Repair - Loudoun County,Deck Renovation,USD,0.00,0,1,0.00%,0,0.00,Search,0.00%,0.00,0.00
mcfenceanddeck,AI Max,None,Deck Repair - Loudoun County,Deck Repair - Loudoun County,USD,0.00,0,1,0.00%,0,0.00,Search,0.00%,0.00,0.00
deck painters near me,AI Max,None,Deck Repair - Loudoun County,Deck Repair - Loudoun County,USD,0.00,0,2,0.00%,0,0.00,Search,0.00%,0.00,0.00
multi level deck,AI Max,None,Deck Repair - Loudoun County,Deck Replacement,USD,0.00,0,4,0.00%,0,0.00,Search,0.00%,0.00,0.00
atlantic decking,AI Max,None,Deck Repair - Loudoun County,Deck Replacement,USD,0.00,0,1,0.00%,0,0.00,Search,0.00%,0.00,0.00
deck sanding,AI Max,None,Deck Repair - Loudoun County,Deck Repair - Loudoun County,USD,0.00,0,3,0.00%,0,0.00,Search,0.00%,0.00,0.00
ecodecks,AI Max,None,Deck Repair - Loudoun County,Deck Repair - Loudoun County,USD,0.00,0,1,0.00%,0,0.00,Search,0.00%,0.00,0.00
how to fix composite decking,AI Max,None,Premium Composite Decks,Ad group 1,USD,0.00,0,1,0.00%,0,0.00,Search,0.00%,0.00,0.00
composite railings for decks,AI Max,None,Premium Composite Decks,Ad group 1,USD,0.00,0,1,0.00%,0,0.00,Search,0.00%,0.00,0.00
cecco construction,AI Max,None,Premium Composite Decks,Ad group 1,USD,0.00,0,1,0.00%,0,0.00,Search,0.00%,0.00,0.00
porch replacement cost,AI Max,None,Premium Composite Decks,Ad group 1,USD,0.00,0,1,0.00%,0,0.00,Search,0.00%,0.00,0.00
lower level deck,AI Max,None,Premium Composite Decks,Ad group 1,USD,0.00,0,1,0.00%,0,0.00,Search,0.00%,0.00,0.00
deck is rotting,AI Max,None,Premium Composite Decks,Ad group 1,USD,0.00,0,1,0.00%,0,0.00,Search,0.00%,0.00,0.00
local deck builders near me,Exact match (close variant),None,Premium Composite Decks,Ad group 1,USD,0.00,0,2,0.00%,0,0.00,Search,0.00%,0.00,0.00
building supply of manassas,AI Max,None,Premium Composite Decks,Ad group 1,USD,0.00,0,2,0.00%,0,0.00,Search,0.00%,0.00,0.00
walker construction,AI Max,None,Premium Composite Decks,Ad group 1,USD,0.00,0,1,0.00%,0,0.00,Search,0.00%,0.00,0.00
building a screened in deck,AI Max,None,Premium Composite Decks,Ad group 1,USD,0.00,0,1,0.00%,0,0.00,Search,0.00%,0.00,0.00
10x16 deck,AI Max,None,Premium Composite Decks,Ad group 1,USD,0.00,0,1,0.00%,0,0.00,Search,0.00%,0.00,0.00
local contractors in my area,AI Max,None,Premium Composite Decks,Ad group 1,USD,3880.00,2,5,40.00%,9.70,19.40,Search,50.00%,1.00,19.40
westbury aluminum railing installation,AI Max,None,Premium Composite Decks,Ad group 1,USD,0.00,0,1,0.00%,0,0.00,Search,0.00%,0.00,0.00
redeck,AI Max,None,Premium Composite Decks,Ad group 1,USD,0.00,0,2,0.00%,0,0.00,Search,0.00%,0.00,0.00
luxury builders near me,AI Max,None,Fairfax-Search-Search - Deck Leads - VA - May 2025,Deck + Patio / Outdoor Living,USD,0.00,0,1,0.00%,0,0.00,Search,0.00%,0.00,0.00
wood deck boards,AI Max,None,Fairfax-Search-Search - Deck Leads - VA - May 2025,Deck Builders Near Me,USD,0.00,0,1,0.00%,0,0.00,Search,0.00%,0.00,0.00
deck post installation,AI Max,None,Fairfax-Search-Search - Deck Leads - VA - May 2025,Deck Builders Near Me,USD,0.00,0,1,0.00%,0,0.00,Search,0.00%,0.00,0.00
golden select composite deck tiles,AI Max,None,Fairfax-Search-Search - Deck Leads - VA - May 2025,Deck Builders Near Me,USD,0.00,0,1,0.00%,0,0.00,Search,0.00%,0.00,0.00
back patio,AI Max,None,Fairfax-Search-Search - Deck Leads - VA - May 2025,Deck + Patio / Outdoor Living,USD,0.00,0,1,0.00%,0,0.00,Search,0.00%,0.00,0.00
camaru decking,AI Max,None,Fairfax-Search-Search - Deck Leads - VA - May 2025,Deck Repair & Refinishing,USD,0.00,0,1,0.00%,0,0.00,Search,0.00%,0.00,0.00
cassella design and build,AI Max,None,Fairfax-Search-Search - Deck Leads - VA - May 2025,Deck + Patio / Outdoor Living,USD,0.00,0,1,0.00%,0,0.00,Search,0.00%,0.00,0.00
fence company northern virginia,Performance Max,None,PMAX cu remarketing, --,USD,0.00,0,1,0.00%,0,0.00,Performance Max,0.00%,0.00,0.00
best composite decking for the money,Performance Max,None,PMAX cu remarketing, --,USD,0.00,0,1,0.00%,0,0.00,Performance Max,0.00%,0.00,0.00
cheap deck repair,Performance Max,None,PMAX cu remarketing, --,USD,1652.22,2,4,50.00%,3.30,6.61,Performance Max,0.00%,0.00,0.00
solid stain deck,Performance Max,None,PMAX cu remarketing, --,USD,0.00,0,1,0.00%,0,0.00,Performance Max,0.00%,0.00,0.00
owens corning 6x6 composite post,Performance Max,None,PMAX cu remarketing, --,USD,0.00,0,1,0.00%,0,0.00,Performance Max,0.00%,0.00,0.00
transform deck,Performance Max,None,PMAX cu remarketing, --,USD,0.00,0,1,0.00%,0,0.00,Performance Max,0.00%,0.00,0.00
painting a porch,Performance Max,None,PMAX cu remarketing, --,USD,0.00,0,1,0.00%,0,0.00,Performance Max,0.00%,0.00,0.00
ideas de patios de casa,Performance Max,None,PMAX cu remarketing, --,USD,0.00,0,2,0.00%,0,0.00,Performance Max,0.00%,0.00,0.00
fairfax county deck building code,Performance Max,None,PMAX cu remarketing, --,USD,0.00,0,1,0.00%,0,0.00,Performance Max,0.00%,0.00,0.00
trex deck,Performance Max,None,PMAX cu remarketing, --,USD,0.00,0,3,0.00%,0,0.00,Performance Max,0.00%,0.00,0.00
power washing warrenton va,Performance Max,None,PMAX cu remarketing, --,USD,0.00,0,1,0.00%,0,0.00,Performance Max,0.00%,0.00,0.00
deck maintenance services near me,Performance Max,None,PMAX cu remarketing, --,USD,0.00,0,1,0.00%,0,0.00,Performance Max,0.00%,0.00,0.00
loudon county fence,Performance Max,None,PMAX cu remarketing, --,USD,0.00,0,1,0.00%,0,0.00,Performance Max,0.00%,0.00,0.00
trex com,Performance Max,None,PMAX cu remarketing, --,USD,0.00,0,1,0.00%,0,0.00,Performance Max,0.00%,0.00,0.00
deck builders in washington dc,Performance Max,None,PMAX cu remarketing, --,USD,0.00,0,5,0.00%,0,0.00,Performance Max,0.00%,0.00,0.00
clinton fence,Performance Max,None,PMAX cu remarketing, --,USD,0.00,0,1,0.00%,0,0.00,Performance Max,0.00%,0.00,0.00
deck and restoration dmv llc,Performance Max,None,PMAX cu remarketing, --,USD,0.00,0,6,0.00%,0,0.00,Performance Max,0.00%,0.00,0.00
decksgo,Performance Max,None,PMAX cu remarketing, --,USD,0.00,0,1,0.00%,0,0.00,Performance Max,0.00%,0.00,0.00
fence contractor,Performance Max,None,PMAX cu remarketing, --,USD,0.00,0,3,0.00%,0,0.00,Performance Max,0.00%,0.00,0.00
backyard pavement,Broad match,None,loudoun decks,Deck Builder - Brambleton,USD,0.00,0,1,0.00%,0,0.00,Search,0.00%,0.00,0.00
flat deck installation,Phrase match (close variant),None,loudoun decks,Deck Builder - Brambleton,USD,0.00,0,1,0.00%,0,0.00,Search,0.00%,0.00,0.00
deck restaining,AI Max,None,loudoun decks,Deck Builder - Round Hill,USD,0.00,0,1,0.00%,0,0.00,Search,0.00%,0.00,0.00
redo deck with composite,AI Max,None,loudoun decks,Deck Builder - Broadlands,USD,0.00,0,1,0.00%,0,0.00,Search,0.00%,0.00,0.00
enclosed deck,AI Max,None,loudoun decks,Loudoun Decks,USD,0.00,0,1,0.00%,0,0.00,Search,0.00%,0.00,0.00
outlast design and build,Broad match,None,loudoun decks,Deck Builder - Brambleton,USD,0.00,0,2,0.00%,0,0.00,Search,0.00%,0.00,0.00
potros construction,Broad match,None,loudoun decks,Deck Builder - Brambleton,USD,0.00,0,1,0.00%,0,0.00,Search,0.00%,0.00,0.00
mc fence,Performance Max,None,Pmax - Dec4, --,USD,0.00,0,4,0.00%,0,0.00,Performance Max,0.00%,0.00,0.00
porch railing installation near me,Performance Max,None,Pmax - Dec4, --,USD,0.00,0,1,0.00%,0,0.00,Performance Max,0.00%,0.00,0.00
flatspot decking,Performance Max,None,Pmax - Dec4, --,USD,0.00,0,1,0.00%,0,0.00,Performance Max,0.00%,0.00,0.00
building your own gazebo,Performance Max,None,Pmax - Dec4, --,USD,0.00,0,1,0.00%,0,0.00,Performance Max,0.00%,0.00,0.00
decks and docks manassas,Performance Max,None,Pmax - Dec4, --,USD,0.00,0,2,0.00%,0,0.00,Performance Max,0.00%,0.00,0.00
premier outdoor living,Performance Max,None,Pmax - Dec4, --,USD,0.00,0,5,0.00%,0,0.00,Performance Max,0.00%,0.00,0.00
power washing,Performance Max,None,Pmax - Dec4, --,USD,0.00,0,1,0.00%,0,0.00,Performance Max,0.00%,0.00,0.00
deck resurfacing cost,Performance Max,None,Pmax - Dec4, --,USD,0.00,0,1,0.00%,0,0.00,Performance Max,0.00%,0.00,0.00
trex deck,AI Max,None,Premium Composite Decks,Ad group 1,USD,492.50,1,8,12.50%,3.94,3.94,Search,0.00%,0.00,0.00
paver patios,AI Max,None,Premium Composite Decks,Ad group 1,USD,0.00,0,1,0.00%,0,0.00,Search,0.00%,0.00,0.00
porch patio,AI Max,None,Premium Composite Decks,Ad group 1,USD,0.00,0,1,0.00%,0,0.00,Search,0.00%,0.00,0.00
trex platinum pro,AI Max,None,Premium Composite Decks,Ad group 1,USD,0.00,0,1,0.00%,0,0.00,Search,0.00%,0.00,0.00
deck restoration near me,AI Max,None,Premium Composite Decks,Ad group 1,USD,0.00,0,2,0.00%,0,0.00,Search,0.00%,0.00,0.00
screened in front porch,AI Max,None,Premium Composite Decks,Ad group 1,USD,0.00,0,1,0.00%,0,0.00,Search,0.00%,0.00,0.00
gazebos near me,AI Max,None,Premium Composite Decks,Ad group 1,USD,0.00,0,1,0.00%,0,0.00,Search,0.00%,0.00,0.00
deck construction,AI Max,None,Deck Repair - Loudoun County,Deck Repair - Loudoun County,USD,0.00,0,1,0.00%,0,0.00,Search,0.00%,0.00,0.00
install trex decking,AI Max,None,Deck Repair - Loudoun County,Deck Repair - Loudoun County,USD,0.00,0,1,0.00%,0,0.00,Search,0.00%,0.00,0.00
building decks,Exact match (close variant),None,Deck Repair - Loudoun County,Deck Replacement,USD,0.00,0,1,0.00%,0,0.00,Search,0.00%,0.00,0.00
techo bloc suppliers near me,AI Max,None,Fairfax-Search-Search - Deck Leads - VA - May 2025,Deck + Patio / Outdoor Living,USD,0.00,0,1,0.00%,0,0.00,Search,0.00%,0.00,0.00
trex transcend rainier,AI Max,None,Fairfax-Search-Search - Deck Leads - VA - May 2025,Composite Decks,USD,0.00,0,1,0.00%,0,0.00,Search,0.00%,0.00,0.00
hardscaping,AI Max,None,Fairfax-Search-Search - Deck Leads - VA - May 2025,Deck + Patio / Outdoor Living,USD,0.00,0,5,0.00%,0,0.00,Search,0.00%,0.00,0.00
patio covering options,AI Max,None,Fairfax-Search-Search - Deck Leads - VA - May 2025,Deck + Patio / Outdoor Living,USD,0.00,0,1,0.00%,0,0.00,Search,0.00%,0.00,0.00
deck wood replacement,AI Max,None,Fairfax-Search-Search - Deck Leads - VA - May 2025,Deck + Patio / Outdoor Living,USD,0.00,0,1,0.00%,0,0.00,Search,0.00%,0.00,0.00
twp deck,AI Max,None,Fairfax-Search-Search - Deck Leads - VA - May 2025,Deck Repair & Refinishing,USD,0.00,0,1,0.00%,0,0.00,Search,0.00%,0.00,0.00
pavement backyard,AI Max,None,Fairfax-Search-Search - Deck Leads - VA - May 2025,Deck + Patio / Outdoor Living,USD,0.00,0,1,0.00%,0,0.00,Search,0.00%,0.00,0.00
deckworks,AI Max,None,Fairfax-Search-Search - Deck Leads - VA - May 2025,Deck Builders Near Me,USD,0.00,0,1,0.00%,0,0.00,Search,0.00%,0.00,0.00
deckman llc,AI Max,None,Premium Composite Decks,Ad group 1,USD,0.00,0,1,0.00%,0,0.00,Search,0.00%,0.00,0.00
deck house,AI Max,None,Premium Composite Decks,Ad group 1,USD,0.00,0,2,0.00%,0,0.00,Search,0.00%,0.00,0.00
montgomery county deck details,AI Max,None,Premium Composite Decks,Ad group 1,USD,0.00,0,1,0.00%,0,0.00,Search,0.00%,0.00,0.00
deck installers near me,AI Max,None,Premium Composite Decks,Ad group 1,USD,0.00,0,1,0.00%,0,0.00,Search,0.00%,0.00,0.00
timber tech,AI Max,None,Premium Composite Decks,Ad group 1,USD,0.00,0,5,0.00%,0,0.00,Search,0.00%,0.00,0.00
trex decking material calculator,AI Max,None,Premium Composite Decks,Ad group 1,USD,0.00,0,2,0.00%,0,0.00,Search,0.00%,0.00,0.00
sheets vienna va,AI Max,None,Premium Composite Decks,Ad group 1,USD,0.00,0,1,0.00%,0,0.00,Search,0.00%,0.00,0.00
decks companies near me,Exact match (close variant),None,Premium Composite Decks,Ad group 1,USD,0.00,0,2,0.00%,0,0.00,Search,0.00%,0.00,0.00
cost of building a front porch with roof,AI Max,None,Premium Composite Decks,Ad group 1,USD,0.00,0,1,0.00%,0,0.00,Search,0.00%,0.00,0.00
coconut husk decking,AI Max,None,Premium Composite Decks,Ad group 1,USD,0.00,0,1,0.00%,0,0.00,Search,0.00%,0.00,0.00
aluminum railing,AI Max,None,Premium Composite Decks,Ad group 1,USD,0.00,0,1,0.00%,0,0.00,Search,0.00%,0.00,0.00
patio stone near me,AI Max,None,Premium Composite Decks,Ad group 1,USD,0.00,0,1,0.00%,0,0.00,Search,0.00%,0.00,0.00
accoya decking,AI Max,None,Premium Composite Decks,Ad group 1,USD,0.00,0,1,0.00%,0,0.00,Search,0.00%,0.00,0.00
zip up underdeck installation,AI Max,None,Premium Composite Decks,Ad group 1,USD,0.00,0,1,0.00%,0,0.00,Search,0.00%,0.00,0.00
trex hidden fastener 500 sq ft bucket,AI Max,None,Premium Composite Decks,Ad group 1,USD,0.00,0,1,0.00%,0,0.00,Search,0.00%,0.00,0.00
fence connection,Performance Max,None,PMAX cu remarketing, --,USD,0.00,0,1,0.00%,0,0.00,Performance Max,0.00%,0.00,0.00
landscaping companies in loudoun county va,Performance Max,None,PMAX cu remarketing, --,USD,0.00,0,1,0.00%,0,0.00,Performance Max,0.00%,0.00,0.00
deck resurfacing options,Performance Max,None,PMAX cu remarketing, --,USD,0.00,0,2,0.00%,0,0.00,Performance Max,0.00%,0.00,0.00
tim fencing washington dc,Performance Max,None,PMAX cu remarketing, --,USD,0.00,0,1,0.00%,0,0.00,Performance Max,0.00%,0.00,0.00
outdoor patio,Performance Max,None,PMAX cu remarketing, --,USD,0.00,0,1,0.00%,0,0.00,Performance Max,0.00%,0.00,0.00
trex decking saddle,Performance Max,None,PMAX cu remarketing, --,USD,0.00,0,1,0.00%,0,0.00,Performance Max,0.00%,0.00,0.00
pool deck,Performance Max,None,PMAX cu remarketing, --,USD,830.00,1,4,25.00%,3.32,3.32,Performance Max,0.00%,0.00,0.00
how to raise a sinking deck,Performance Max,None,PMAX cu remarketing, --,USD,0.00,0,1,0.00%,0,0.00,Performance Max,0.00%,0.00,0.00
building a deck diy,Performance Max,None,PMAX cu remarketing, --,USD,0.00,0,2,0.00%,0,0.00,Performance Max,0.00%,0.00,0.00
decks usa,Performance Max,None,PMAX cu remarketing, --,USD,0.00,0,1,0.00%,0,0.00,Performance Max,0.00%,0.00,0.00
fence and deck company near me,Performance Max,None,PMAX cu remarketing, --,USD,0.00,0,1,0.00%,0,0.00,Performance Max,0.00%,0.00,0.00
how much to replace deck with trex,Performance Max,None,PMAX cu remarketing, --,USD,0.00,0,1,0.00%,0,0.00,Performance Max,0.00%,0.00,0.00
build deck over patio,Performance Max,None,PMAX cu remarketing, --,USD,0.00,0,1,0.00%,0,0.00,Performance Max,0.00%,0.00,0.00
flagstone porch and steps,Performance Max,None,PMAX cu remarketing, --,USD,0.00,0,1,0.00%,0,0.00,Performance Max,0.00%,0.00,0.00
fence company manassas va,Performance Max,None,PMAX cu remarketing, --,USD,0.00,0,4,0.00%,0,0.00,Performance Max,0.00%,0.00,0.00
blinn consulting & design inc,Performance Max,None,PMAX cu remarketing, --,USD,0.00,0,1,0.00%,0,0.00,Performance Max,0.00%,0.00,0.00
paver near me,Performance Max,None,PMAX cu remarketing, --,USD,0.00,0,1,0.00%,0,0.00,Performance Max,0.00%,0.00,0.00
fortress deck framing,AI Max,None,loudoun decks,Deck Builder - Broadlands,USD,0.00,0,1,0.00%,0,0.00,Search,0.00%,0.00,0.00
exterior,Broad match,None,loudoun decks,Deck Builder - Brambleton,USD,0.00,0,2,0.00%,0,0.00,Search,0.00%,0.00,0.00
paver quotes,Broad match,None,loudoun decks,Deck Builder - Brambleton,USD,0.00,0,2,0.00%,0,0.00,Search,0.00%,0.00,0.00
rocky harbor trex,Phrase match (close variant),None,loudoun decks,Deck Builder - Brambleton,USD,0.00,0,1,0.00%,0,0.00,Search,0.00%,0.00,0.00
black star home improvement,Performance Max,None,Pmax - Dec4, --,USD,0.00,0,1,0.00%,0,0.00,Performance Max,0.00%,0.00,0.00
loudoun basements,Performance Max,None,Pmax - Dec4, --,USD,0.00,0,2,0.00%,0,0.00,Performance Max,0.00%,0.00,0.00
deck repair and restoration,Exact match,Added,Deck Repair - Loudoun County,Deck Renovation,USD,0.00,0,2,0.00%,0,0.00,Search,0.00%,0.00,0.00
aluminum deck framing cost,Broad match,None,Deck Repair - Loudoun County,Deck Renovation,USD,0.00,0,1,0.00%,0,0.00,Search,0.00%,0.00,0.00
deck building,Broad match,None,Deck Repair - Loudoun County,Deck Renovation,USD,0.00,0,1,0.00%,0,0.00,Search,0.00%,0.00,0.00
deck enclosures,AI Max,None,Deck Repair - Loudoun County,Deck Restoration - Refinishing,USD,0.00,0,1,0.00%,0,0.00,Search,0.00%,0.00,0.00
trex transcend lava rock composite decking,Broad match,None,Deck Repair - Loudoun County,Deck Replacement,USD,0.00,0,1,0.00%,0,0.00,Search,0.00%,0.00,0.00
belgard dimensions linen,AI Max,None,Fairfax-Search-Search - Deck Leads - VA - May 2025,Deck + Patio / Outdoor Living,USD,0.00,0,1,0.00%,0,0.00,Search,0.00%,0.00,0.00
wear deck composite decking,AI Max,None,Fairfax-Search-Search - Deck Leads - VA - May 2025,Deck Builders Near Me,USD,0.00,0,1,0.00%,0,0.00,Search,0.00%,0.00,0.00
pergola connection,Performance Max,None,PMAX cu remarketing, --,USD,0.00,0,1,0.00%,0,0.00,Performance Max,0.00%,0.00,0.00
quick install fence,Performance Max,None,PMAX cu remarketing, --,USD,0.00,0,1,0.00%,0,0.00,Performance Max,0.00%,0.00,0.00
install a pergola,Performance Max,None,PMAX cu remarketing, --,USD,0.00,0,1,0.00%,0,0.00,Performance Max,0.00%,0.00,0.00
deck stair framing,Performance Max,None,PMAX cu remarketing, --,USD,0.00,0,1,0.00%,0,0.00,Performance Max,0.00%,0.00,0.00
composite deck flooring,Performance Max,None,PMAX cu remarketing, --,USD,0.00,0,1,0.00%,0,0.00,Performance Max,0.00%,0.00,0.00
shed builder near me,Performance Max,None,PMAX cu remarketing, --,USD,0.00,0,2,0.00%,0,0.00,Performance Max,0.00%,0.00,0.00
zipup underdeck system,Performance Max,None,PMAX cu remarketing, --,USD,0.00,0,1,0.00%,0,0.00,Performance Max,0.00%,0.00,0.00
installing deck boards,Performance Max,None,PMAX cu remarketing, --,USD,0.00,0,1,0.00%,0,0.00,Performance Max,0.00%,0.00,0.00
stamped concrete patio companies,Performance Max,None,PMAX cu remarketing, --,USD,0.00,0,1,0.00%,0,0.00,Performance Max,0.00%,0.00,0.00
how much to rebuild deck,Performance Max,None,PMAX cu remarketing, --,USD,0.00,0,1,0.00%,0,0.00,Performance Max,0.00%,0.00,0.00
nova fencing,Performance Max,None,PMAX cu remarketing, --,USD,0.00,0,1,0.00%,0,0.00,Performance Max,0.00%,0.00,0.00
fencing installation,Performance Max,None,PMAX cu remarketing, --,USD,0.00,0,1,0.00%,0,0.00,Performance Max,0.00%,0.00,0.00
jp construction cerca de mi,Performance Max,None,PMAX cu remarketing, --,USD,0.00,0,1,0.00%,0,0.00,Performance Max,0.00%,0.00,0.00
hd exteriors reviews,Performance Max,None,PMAX cu remarketing, --,USD,0.00,0,2,0.00%,0,0.00,Performance Max,0.00%,0.00,0.00
home additions contractors near me,Performance Max,None,PMAX cu remarketing, --,USD,0.00,0,1,0.00%,0,0.00,Performance Max,0.00%,0.00,0.00
fence cost,Performance Max,None,PMAX cu remarketing, --,USD,0.00,0,1,0.00%,0,0.00,Performance Max,0.00%,0.00,0.00
deck resurfacing,Exact match,Added,SRCH | Replacement + Resurfacing | 3 Counties | Calls,Deck Resurfacing,USD,3420.00,1,3,33.33%,10.26,10.26,Search,0.00%,0.00,0.00
albaugh and sons,AI Max,None,loudoun decks,Deck Builder - Brambleton,USD,0.00,0,1,0.00%,0,0.00,Search,0.00%,0.00,0.00
timbertech,AI Max,None,loudoun decks,Deck Builder - Hamilton,USD,0.00,0,2,0.00%,0,0.00,Search,0.00%,0.00,0.00
installing deck,AI Max,None,loudoun decks,Deck Builder - Round Hill,USD,0.00,0,1,0.00%,0,0.00,Search,0.00%,0.00,0.00
double deck patio,Broad match,None,loudoun decks,Deck Builder - Brambleton,USD,0.00,0,1,0.00%,0,0.00,Search,0.00%,0.00,0.00
screen in deck,Phrase match (close variant),None,loudoun decks,Deck Builder - Brambleton,USD,0.00,0,2,0.00%,0,0.00,Search,0.00%,0.00,0.00
deck building company,Exact match (close variant),None,loudoun decks,Deck Builder - Leesburg,USD,0.00,0,1,0.00%,0,0.00,Search,0.00%,0.00,0.00
awesome covered decks,Phrase match (close variant),None,loudoun decks,Deck Builder - Brambleton,USD,0.00,0,1,0.00%,0,0.00,Search,0.00%,0.00,0.00
wear deck,AI Max,None,loudoun decks,Deck Builder - Hamilton,USD,0.00,0,1,0.00%,0,0.00,Search,0.00%,0.00,0.00
builders firstsource cerca de mi,AI Max,None,loudoun decks,Deck Builder - Middleburg,USD,0.00,0,1,0.00%,0,0.00,Search,0.00%,0.00,0.00
1st impressions,Broad match,None,loudoun decks,Deck Builder - Brambleton,USD,0.00,0,1,0.00%,0,0.00,Search,0.00%,0.00,0.00
patio,AI Max,None,loudoun decks,Loudoun Decks,USD,0.00,0,2,0.00%,0,0.00,Search,0.00%,0.00,0.00
siding cleaner,Performance Max,None,Pmax - Dec4, --,USD,0.00,0,1,0.00%,0,0.00,Performance Max,0.00%,0.00,0.00
deck store,Performance Max,None,Pmax - Dec4, --,USD,0.00,0,2,0.00%,0,0.00,Performance Max,0.00%,0.00,0.00
tart lumber sterling,Performance Max,None,Pmax - Dec4, --,USD,0.00,0,1,0.00%,0,0.00,Performance Max,0.00%,0.00,0.00
timbertech stair lights,AI Max,None,Premium Composite Decks,Ad group 1,USD,0.00,0,2,0.00%,0,0.00,Search,0.00%,0.00,0.00
abs building services llc,AI Max,None,Premium Composite Decks,Ad group 1,USD,0.00,0,1,0.00%,0,0.00,Search,0.00%,0.00,0.00
screened in porch cost,AI Max,None,Premium Composite Decks,Ad group 1,USD,0.00,0,2,0.00%,0,0.00,Search,0.00%,0.00,0.00
porch near me,AI Max,None,Premium Composite Decks,Ad group 1,USD,0.00,0,1,0.00%,0,0.00,Search,0.00%,0.00,0.00
general contractors near me,AI Max,None,Premium Composite Decks,Ad group 1,USD,0.00,0,3,0.00%,0,0.00,Search,0.00%,0.00,0.00
ipedepot,AI Max,None,Premium Composite Decks,Ad group 1,USD,0.00,0,1,0.00%,0,0.00,Search,0.00%,0.00,0.00
deck panels,AI Max,None,Premium Composite Decks,Ad group 1,USD,0.00,0,1,0.00%,0,0.00,Search,0.00%,0.00,0.00
compañias de construction cerca de mi,AI Max,None,Premium Composite Decks,Ad group 1,USD,0.00,0,1,0.00%,0,0.00,Search,0.00%,0.00,0.00
deck contractor,Exact match (close variant),None,Premium Composite Decks,Ad group 1,USD,0.00,0,4,0.00%,0,0.00,Search,0.00%,0.00,0.00
trek flooring,AI Max,None,Premium Composite Decks,Ad group 1,USD,0.00,0,3,0.00%,0,0.00,Search,0.00%,0.00,0.00
compañías de construcción cerca de mi ubicación,AI Max,None,Premium Composite Decks,Ad group 1,USD,0.00,0,1,0.00%,0,0.00,Search,0.00%,0.00,0.00
how do you support a deck,AI Max,None,Premium Composite Decks,Ad group 1,USD,0.00,0,1,0.00%,0,0.00,Search,0.00%,0.00,0.00
smoot lumber manassas va,AI Max,None,Premium Composite Decks,Ad group 1,USD,0.00,0,1,0.00%,0,0.00,Search,0.00%,0.00,0.00
painting and carpentry services,AI Max,None,Premium Composite Decks,Ad group 1,USD,0.00,0,1,0.00%,0,0.00,Search,0.00%,0.00,0.00
how to rebuild an existing deck,AI Max,None,Premium Composite Decks,Ad group 1,USD,0.00,0,1,0.00%,0,0.00,Search,0.00%,0.00,0.00
outlast deck,AI Max,None,Premium Composite Decks,Ad group 1,USD,0.00,0,1,0.00%,0,0.00,Search,0.00%,0.00,0.00
thumbtack,AI Max,None,Fairfax-Search-Search - Deck Leads - VA - May 2025,Deck Builders Near Me,USD,0.00,0,2,0.00%,0,0.00,Search,0.00%,0.00,0.00
trex toasted sand decking,AI Max,None,Fairfax-Search-Search - Deck Leads - VA - May 2025,Composite Decking,USD,0.00,0,1,0.00%,0,0.00,Search,0.00%,0.00,0.00
building supply near me,AI Max,None,Fairfax-Search-Search - Deck Leads - VA - May 2025,Deck Builders Near Me,USD,0.00,0,1,0.00%,0,0.00,Search,0.00%,0.00,0.00
deck inspections,AI Max,None,Fairfax-Search-Search - Deck Leads - VA - May 2025,Deck Repair & Refinishing,USD,0.00,0,1,0.00%,0,0.00,Search,0.00%,0.00,0.00
redo my deck,Exact match (close variant),None,Fairfax-Search-Search - Deck Leads - VA - May 2025,Deck Builders Near Me,USD,0.00,0,1,0.00%,0,0.00,Search,0.00%,0.00,0.00
outdoor spaces,AI Max,None,Fairfax-Search-Search - Deck Leads - VA - May 2025,Deck + Patio / Outdoor Living,USD,0.00,0,1,0.00%,0,0.00,Search,0.00%,0.00,0.00
insulating under a deck,AI Max,None,Fairfax-Search-Search - Deck Leads - VA - May 2025,Deck Repair & Refinishing,USD,0.00,0,1,0.00%,0,0.00,Search,0.00%,0.00,0.00
deck contractor washington dc,AI Max,None,Premium Composite Decks,Ad group 1,USD,0.00,0,1,0.00%,0,0.00,Search,0.00%,0.00,0.00
american deck and patio,AI Max,None,Premium Composite Decks,Ad group 1,USD,0.00,0,3,0.00%,0,0.00,Search,0.00%,0.00,0.00
composite installation,AI Max,None,Premium Composite Decks,Ad group 1,USD,0.00,0,2,0.00%,0,0.00,Search,0.00%,0.00,0.00
deck building guide pdf,AI Max,None,Premium Composite Decks,Ad group 1,USD,0.00,0,1,0.00%,0,0.00,Search,0.00%,0.00,0.00
woodworker near me,AI Max,None,Premium Composite Decks,Ad group 1,USD,0.00,0,2,0.00%,0,0.00,Search,0.00%,0.00,0.00
how to weatherproof a deck,AI Max,None,Premium Composite Decks,Ad group 1,USD,0.00,0,1,0.00%,0,0.00,Search,0.00%,0.00,0.00
construction companies,AI Max,None,Premium Composite Decks,Ad group 1,USD,0.00,0,1,0.00%,0,0.00,Search,0.00%,0.00,0.00
design pro remodeling photos,AI Max,None,Premium Composite Decks,Ad group 1,USD,0.00,0,1,0.00%,0,0.00,Search,0.00%,0.00,0.00
american deck,AI Max,None,Premium Composite Decks,Ad group 1,USD,0.00,0,1,0.00%,0,0.00,Search,0.00%,0.00,0.00
lift a deck,AI Max,None,Premium Composite Decks,Ad group 1,USD,0.00,0,1,0.00%,0,0.00,Search,0.00%,0.00,0.00
wood decking boards,AI Max,None,Premium Composite Decks,Ad group 1,USD,0.00,0,1,0.00%,0,0.00,Search,0.00%,0.00,0.00
lowe's home improvement photos,Performance Max,None,PMAX cu remarketing, --,USD,0.00,0,1,0.00%,0,0.00,Performance Max,0.00%,0.00,0.00
how to replace deck posts,Performance Max,None,PMAX cu remarketing, --,USD,0.00,0,1,0.00%,0,0.00,Performance Max,0.00%,0.00,0.00
gazebo assembly service,Performance Max,None,PMAX cu remarketing, --,USD,0.00,0,1,0.00%,0,0.00,Performance Max,0.00%,0.00,0.00
fixing a sagging deck,Performance Max,None,PMAX cu remarketing, --,USD,0.00,0,1,0.00%,0,0.00,Performance Max,0.00%,0.00,0.00
fencing near me,Performance Max,None,PMAX cu remarketing, --,USD,0.00,0,22,0.00%,0,0.00,Performance Max,0.00%,0.00,0.00
deck stairs,Performance Max,None,PMAX cu remarketing, --,USD,0.00,0,2,0.00%,0,0.00,Performance Max,0.00%,0.00,0.00
blue collar scholars,Performance Max,None,PMAX cu remarketing, --,USD,0.00,0,1,0.00%,0,0.00,Performance Max,0.00%,0.00,0.00
how to make deck,Performance Max,None,PMAX cu remarketing, --,USD,0.00,0,1,0.00%,0,0.00,Performance Max,0.00%,0.00,0.00
how much does it cost to get a deck stained,Performance Max,None,PMAX cu remarketing, --,USD,0.00,0,1,0.00%,0,0.00,Performance Max,0.00%,0.00,0.00
deck builders centreville va,Performance Max,None,PMAX cu remarketing, --,USD,0.00,0,2,0.00%,0,0.00,Performance Max,0.00%,0.00,0.00
how to rebuild a deck,Performance Max,None,PMAX cu remarketing, --,USD,0.00,0,2,0.00%,0,0.00,Performance Max,0.00%,0.00,0.00
outdoor living designs,Performance Max,None,PMAX cu remarketing, --,USD,0.00,0,1,0.00%,0,0.00,Performance Max,0.00%,0.00,0.00
outdoor projects,Broad match,None,loudoun decks,Deck Builder - Brambleton,USD,0.00,0,1,0.00%,0,0.00,Search,0.00%,0.00,0.00
how expensive is timbertech,Phrase match (close variant),None,loudoun decks,Deck Builder - Brambleton,USD,0.00,0,1,0.00%,0,0.00,Search,0.00%,0.00,0.00
hardscaping near me,AI Max,None,loudoun decks,Deck Builder - Middleburg,USD,0.00,0,1,0.00%,0,0.00,Search,0.00%,0.00,0.00
ecodeck,AI Max,None,loudoun decks,Loudoun Decks,USD,0.00,0,1,0.00%,0,0.00,Search,0.00%,0.00,0.00
contracting,AI Max,None,loudoun decks,Deck Builder - Hamilton,USD,0.00,0,1,0.00%,0,0.00,Search,0.00%,0.00,0.00
fence company,Performance Max,None,Pmax - Dec4, --,USD,0.00,0,4,0.00%,0,0.00,Performance Max,0.00%,0.00,0.00
replacing a deck joist,Broad match,None,Deck Repair - Loudoun County,Deck Renovation,USD,0.00,0,1,0.00%,0,0.00,Search,0.00%,0.00,0.00
concrete patio stamping,AI Max,None,Deck Repair - Loudoun County,Deck Restoration - Refinishing,USD,0.00,0,2,0.00%,0,0.00,Search,0.00%,0.00,0.00
deck restoration near me,Exact match,Added,Deck Repair - Loudoun County,Deck Restoration - Refinishing,USD,0.00,0,1,0.00%,0,0.00,Search,0.00%,0.00,0.00
trex decking near me,AI Max,None,Fairfax-Search-Search - Deck Leads - VA - May 2025,Deck Builders Near Me,USD,0.00,0,1,0.00%,0,0.00,Search,0.00%,0.00,0.00
waterproofing decking,AI Max,None,Fairfax-Search-Search - Deck Leads - VA - May 2025,Deck Builders Near Me,USD,0.00,0,1,0.00%,0,0.00,Search,0.00%,0.00,0.00
twperry springfield va,AI Max,None,Fairfax-Search-Search - Deck Leads - VA - May 2025,Deck Builders Near Me,USD,0.00,0,3,0.00%,0,0.00,Search,0.00%,0.00,0.00
mid atlantic construction of va,AI Max,None,Fairfax-Search-Search - Deck Leads - VA - May 2025,Deck Builders Near Me,USD,0.00,0,2,0.00%,0,0.00,Search,0.00%,0.00,0.00
power wash contractors near me,Performance Max,None,PMAX cu remarketing, --,USD,0.00,0,1,0.00%,0,0.00,Performance Max,0.00%,0.00,0.00
pergola rentals,Performance Max,None,PMAX cu remarketing, --,USD,0.00,0,3,0.00%,0,0.00,Performance Max,0.00%,0.00,0.00
how much does it cost to replace a deck,Performance Max,None,PMAX cu remarketing, --,USD,0.00,0,1,0.00%,0,0.00,Performance Max,0.00%,0.00,0.00
duradek vinyl decking,Performance Max,None,PMAX cu remarketing, --,USD,0.00,0,1,0.00%,0,0.00,Performance Max,0.00%,0.00,0.00
pergola installation,Performance Max,None,PMAX cu remarketing, --,USD,0.00,0,2,0.00%,0,0.00,Performance Max,0.00%,0.00,0.00
home remodeling in washington dc,Performance Max,None,PMAX cu remarketing, --,USD,0.00,0,1,0.00%,0,0.00,Performance Max,0.00%,0.00,0.00
awnings near me,Performance Max,None,PMAX cu remarketing, --,USD,0.00,0,1,0.00%,0,0.00,Performance Max,0.00%,0.00,0.00
core outdoor living,Performance Max,None,PMAX cu remarketing, --,USD,2554.25,3,26,11.54%,22.14,66.41,Performance Max,0.00%,0.00,0.00
deckbuilder com,Performance Max,None,PMAX cu remarketing, --,USD,5299.83,1,1,100.00%,5.30,5.30,Performance Max,0.00%,0.00,0.00
trex deck lighting,Broad match,None,loudoun decks,Deck Builder - Brambleton,USD,0.00,0,1,0.00%,0,0.00,Search,0.00%,0.00,0.00
loudoun deck,AI Max,None,loudoun decks,Deck Builder - South Riding,USD,3605.00,1,2,50.00%,7.21,7.21,Search,0.00%,0.00,0.00
floating deck,Phrase match (close variant),None,loudoun decks,Deck Builder - Brambleton,USD,0.00,0,1,0.00%,0,0.00,Search,0.00%,0.00,0.00
contractors open now,AI Max,None,loudoun decks,Deck Builder - Lovettsville,USD,0.00,0,1,0.00%,0,0.00,Search,0.00%,0.00,0.00
premier fences and decks,AI Max,None,loudoun decks,Deck Builder - Leesburg,USD,0.00,0,1,0.00%,0,0.00,Search,0.00%,0.00,0.00
american deck and patio,AI Max,None,loudoun decks,Deck Builder - South Riding,USD,0.00,0,2,0.00%,0,0.00,Search,0.00%,0.00,0.00
deck quotes near me,Exact match (close variant),None,loudoun decks,Deck Builder - Round Hill,USD,0.00,0,1,0.00%,0,0.00,Search,0.00%,0.00,0.00
enclosed decks,Phrase match (close variant),None,loudoun decks,Deck Builder - Brambleton,USD,0.00,0,1,0.00%,0,0.00,Search,0.00%,0.00,0.00
fence line,Performance Max,None,Pmax - Dec4, --,USD,0.00,0,1,0.00%,0,0.00,Performance Max,0.00%,0.00,0.00
porch railing near me,AI Max,None,Premium Composite Decks,Ad group 1,USD,0.00,0,3,0.00%,0,0.00,Search,0.00%,0.00,0.00
construction company near me,AI Max,None,Premium Composite Decks,Ad group 1,USD,0.00,0,4,0.00%,0,0.00,Search,0.00%,0.00,0.00
buy trex decking near me,AI Max,None,Premium Composite Decks,Ad group 1,USD,12470.00,1,1,100.00%,12.47,12.47,Search,0.00%,0.00,0.00
patio combo deck to patio transition,AI Max,None,Premium Composite Decks,Ad group 1,USD,0.00,0,1,0.00%,0,0.00,Search,0.00%,0.00,0.00
porch railing,AI Max,None,Premium Composite Decks,Ad group 1,USD,0.00,0,1,0.00%,0,0.00,Search,0.00%,0.00,0.00
deck contractors near me,AI Max,None,Premium Composite Decks,Ad group 1,USD,0.00,0,1,0.00%,0,0.00,Search,0.00%,0.00,0.00
deck builders,Exact match (close variant),None,Premium Composite Decks,Ad group 1,USD,1550.00,1,3,33.33%,4.65,4.65,Search,0.00%,0.00,0.00
deck builders fairfax va,AI Max,None,Premium Composite Decks,Ad group 1,USD,0.00,0,1,0.00%,0,0.00,Search,0.00%,0.00,0.00
residential building contractors near me,AI Max,None,Premium Composite Decks,Ad group 1,USD,0.00,0,1,0.00%,0,0.00,Search,0.00%,0.00,0.00
trex enhance deck boards,AI Max,None,Premium Composite Decks,Ad group 1,USD,0.00,0,1,0.00%,0,0.00,Search,0.00%,0.00,0.00
core decking,AI Max,None,Premium Composite Decks,Ad group 1,USD,0.00,0,1,0.00%,0,0.00,Search,0.00%,0.00,0.00
battlefield deck and patio,AI Max,None,Premium Composite Decks,Ad group 1,USD,0.00,0,1,0.00%,0,0.00,Search,0.00%,0.00,0.00
wood patio,AI Max,None,Premium Composite Decks,Ad group 1,USD,0.00,0,1,0.00%,0,0.00,Search,0.00%,0.00,0.00
trex deck,AI Max,None,Deck Repair - Loudoun County,Deck Replacement,USD,0.00,0,5,0.00%,0,0.00,Search,0.00%,0.00,0.00
decking,AI Max,None,Deck Repair - Loudoun County,Composite - Trex Repair,USD,0.00,0,1,0.00%,0,0.00,Search,0.00%,0.00,0.00
deck skirting near me,AI Max,None,Deck Repair - Loudoun County,Deck Repair - Loudoun County,USD,0.00,0,1,0.00%,0,0.00,Search,0.00%,0.00,0.00
deck repair northern va,AI Max,None,Deck Repair - Loudoun County,Composite - Trex Repair,USD,0.00,0,1,0.00%,0,0.00,Search,0.00%,0.00,0.00
masonry companies near me,AI Max,None,Fairfax-Search-Search - Deck Leads - VA - May 2025,Deck + Patio / Outdoor Living,USD,0.00,0,1,0.00%,0,0.00,Search,0.00%,0.00,0.00
dream deck,AI Max,None,Fairfax-Search-Search - Deck Leads - VA - May 2025,Deck Builders Near Me,USD,0.00,0,1,0.00%,0,0.00,Search,0.00%,0.00,0.00
construction company,AI Max,None,Fairfax-Search-Search - Deck Leads - VA - May 2025,Deck Builders Near Me,USD,0.00,0,2,0.00%,0,0.00,Search,0.00%,0.00,0.00
small screened in porch ideas,AI Max,None,Premium Composite Decks,Ad group 1,USD,0.00,0,2,0.00%,0,0.00,Search,0.00%,0.00,0.00
replacing a deck joist,AI Max,None,Premium Composite Decks,Ad group 1,USD,0.00,0,2,0.00%,0,0.00,Search,0.00%,0.00,0.00
cheapest composite decking,AI Max,None,Premium Composite Decks,Ad group 1,USD,0.00,0,1,0.00%,0,0.00,Search,0.00%,0.00,0.00
premier fencing and decking solutions,AI Max,None,Premium Composite Decks,Ad group 1,USD,0.00,0,1,0.00%,0,0.00,Search,0.00%,0.00,0.00
how much to put a deck on my house,AI Max,None,Premium Composite Decks,Ad group 1,USD,0.00,0,1,0.00%,0,0.00,Search,0.00%,0.00,0.00
pro design company,AI Max,None,Premium Composite Decks,Ad group 1,USD,0.00,0,1,0.00%,0,0.00,Search,0.00%,0.00,0.00
decking near me,AI Max,None,Premium Composite Decks,Ad group 1,USD,0.00,0,1,0.00%,0,0.00,Search,0.00%,0.00,0.00
deck contractors in my area,Exact match (close variant),None,Premium Composite Decks,Ad group 1,USD,4844.08,2,5,40.00%,12.11,24.22,Search,0.00%,0.00,0.00
hardscape near me,AI Max,None,Premium Composite Decks,Ad group 1,USD,0.00,0,1,0.00%,0,0.00,Search,0.00%,0.00,0.00
trex transcend rope swing,AI Max,None,Premium Composite Decks,Ad group 1,USD,0.00,0,1,0.00%,0,0.00,Search,0.00%,0.00,0.00
cuanto se cobra por hacer un deck de madera,AI Max,None,Premium Composite Decks,Ad group 1,USD,0.00,0,1,0.00%,0,0.00,Search,0.00%,0.00,0.00
lowes woodbridge va,Performance Max,None,PMAX cu remarketing, --,USD,0.00,0,1,0.00%,0,0.00,Performance Max,0.00%,0.00,0.00
deck power wash and stain,Performance Max,None,PMAX cu remarketing, --,USD,0.00,0,4,0.00%,0,0.00,Performance Max,0.00%,0.00,0.00
deck plans,Performance Max,None,PMAX cu remarketing, --,USD,0.00,0,3,0.00%,0,0.00,Performance Max,0.00%,0.00,0.00
power washing decks near me,Performance Max,None,PMAX cu remarketing, --,USD,0.00,0,2,0.00%,0,0.00,Performance Max,0.00%,0.00,0.00
deck builder near me,Performance Max,None,PMAX cu remarketing, --,USD,0.00,0,21,0.00%,0,0.00,Performance Max,0.00%,0.00,0.00
fence staining near me,Performance Max,None,PMAX cu remarketing, --,USD,0.00,0,1,0.00%,0,0.00,Performance Max,0.00%,0.00,0.00
front porch floor,Performance Max,None,PMAX cu remarketing, --,USD,0.00,0,1,0.00%,0,0.00,Performance Max,0.00%,0.00,0.00
deck beam repair,Performance Max,None,PMAX cu remarketing, --,USD,0.00,0,1,0.00%,0,0.00,Performance Max,0.00%,0.00,0.00
premier fences and decks,Performance Max,None,PMAX cu remarketing, --,USD,0.00,0,10,0.00%,0,0.00,Performance Max,0.00%,0.00,0.00
trex railing install,Performance Max,None,PMAX cu remarketing, --,USD,0.00,0,1,0.00%,0,0.00,Performance Max,0.00%,0.00,0.00
stain deck,Performance Max,None,PMAX cu remarketing, --,USD,0.00,0,1,0.00%,0,0.00,Performance Max,0.00%,0.00,0.00
bluestone patio near me,Performance Max,None,PMAX cu remarketing, --,USD,664.00,2,5,40.00%,1.66,3.32,Performance Max,0.00%,0.00,0.00
potomac fence company,Performance Max,None,PMAX cu remarketing, --,USD,0.00,0,1,0.00%,0,0.00,Performance Max,0.00%,0.00,0.00
wash vinyl siding,Performance Max,None,PMAX cu remarketing, --,USD,0.00,0,2,0.00%,0,0.00,Performance Max,0.00%,0.00,0.00
new deck ideas,Performance Max,None,PMAX cu remarketing, --,USD,0.00,0,1,0.00%,0,0.00,Performance Max,0.00%,0.00,0.00
contractor,Performance Max,None,PMAX cu remarketing, --,USD,0.00,0,1,0.00%,0,0.00,Performance Max,0.00%,0.00,0.00
prodeck,Performance Max,None,PMAX cu remarketing, --,USD,0.00,0,2,0.00%,0,0.00,Performance Max,0.00%,0.00,0.00
elite decks and patios,Performance Max,None,PMAX cu remarketing, --,USD,768.00,1,5,20.00%,3.84,3.84,Performance Max,0.00%,0.00,0.00
backyard porch ideas,Performance Max,None,PMAX cu remarketing, --,USD,0.00,0,1,0.00%,0,0.00,Performance Max,0.00%,0.00,0.00
fairfax county deck permit,Performance Max,None,PMAX cu remarketing, --,USD,12065.61,1,2,50.00%,24.13,24.13,Performance Max,100.00%,1.00,24.13
caps deck,AI Max,None,loudoun decks,Deck Builder - South Riding,USD,0.00,0,1,0.00%,0,0.00,Search,0.00%,0.00,0.00
pressure washing deck,Performance Max,None,Pmax - Dec4, --,USD,0.00,0,3,0.00%,0,0.00,Performance Max,0.00%,0.00,0.00
deck builders,Performance Max,None,Pmax - Dec4, --,USD,0.00,0,1,0.00%,0,0.00,Performance Max,0.00%,0.00,0.00
craig sundecks and porches,Performance Max,None,Pmax - Dec4, --,USD,0.00,0,1,0.00%,0,0.00,Performance Max,0.00%,0.00,0.00
deck near me,AI Max,None,Deck Repair - Loudoun County,Deck Replacement,USD,0.00,0,1,0.00%,0,0.00,Search,0.00%,0.00,0.00
deck and patio,AI Max,None,Deck Repair - Loudoun County,Deck Replacement,USD,0.00,0,1,0.00%,0,0.00,Search,0.00%,0.00,0.00
16 foot composite deck boards,AI Max,None,Deck Repair - Loudoun County,Deck Repair - Loudoun County,USD,0.00,0,1,0.00%,0,0.00,Search,0.00%,0.00,0.00
patio covers near me,AI Max,None,Deck Repair - Loudoun County,Composite - Trex Repair,USD,0.00,0,4,0.00%,0,0.00,Search,0.00%,0.00,0.00
restoring deck,Exact match (close variant),None,Deck Repair - Loudoun County,Deck Renovation,USD,0.00,0,1,0.00%,0,0.00,Search,0.00%,0.00,0.00
toasted sand trex decking,Phrase match (close variant),None,SRCH | Composite | 3 Counties | Calls,Composite Deck Cost,USD,0.00,0,1,0.00%,0,0.00,Search,0.00%,0.00,0.00
deck posts installation,AI Max,None,Fairfax-Search-Search - Deck Leads - VA - May 2025,Deck Repair & Refinishing,USD,0.00,0,1,0.00%,0,0.00,Search,0.00%,0.00,0.00
leaf stains on deck,AI Max,None,Fairfax-Search-Search - Deck Leads - VA - May 2025,Deck Repair & Refinishing,USD,0.00,0,2,0.00%,0,0.00,Search,0.00%,0.00,0.00
middleburg millwork,AI Max,Excluded,Premium Composite Decks,Ad group 1,USD,17634.51,1,1,100.00%,17.63,17.63,Search,0.00%,0.00,0.00
deck building services,Exact match (close variant),None,Premium Composite Decks,Ad group 1,USD,0.00,0,1,0.00%,0,0.00,Search,0.00%,0.00,0.00
trex pro platinum vs gold,AI Max,None,Premium Composite Decks,Ad group 1,USD,0.00,0,1,0.00%,0,0.00,Search,0.00%,0.00,0.00
repair patio door frame,AI Max,None,Premium Composite Decks,Ad group 1,USD,0.00,0,1,0.00%,0,0.00,Search,0.00%,0.00,0.00
deck privacy lattice,AI Max,None,Premium Composite Decks,Ad group 1,USD,0.00,0,1,0.00%,0,0.00,Search,0.00%,0.00,0.00
composite lumber near me,AI Max,None,Premium Composite Decks,Ad group 1,USD,0.00,0,1,0.00%,0,0.00,Search,0.00%,0.00,0.00
10x12 deck cost,AI Max,None,Premium Composite Decks,Ad group 1,USD,1078.75,3,4,75.00%,1.44,4.31,Search,0.00%,0.00,0.00
roof on deck,AI Max,None,Premium Composite Decks,Ad group 1,USD,0.00,0,1,0.00%,0,0.00,Search,0.00%,0.00,0.00
backyard contractors near me,AI Max,None,Premium Composite Decks,Ad group 1,USD,0.00,0,2,0.00%,0,0.00,Search,0.00%,0.00,0.00
replace porch columns,AI Max,None,Premium Composite Decks,Ad group 1,USD,0.00,0,1,0.00%,0,0.00,Search,0.00%,0.00,0.00
10x12 gazebo installation cost,AI Max,None,Premium Composite Decks,Ad group 1,USD,1040.00,1,1,100.00%,1.04,1.04,Search,0.00%,0.00,0.00
how strong is trex decking,AI Max,None,Premium Composite Decks,Ad group 1,USD,0.00,0,1,0.00%,0,0.00,Search,0.00%,0.00,0.00
trex aluminum railing,AI Max,None,Premium Composite Decks,Ad group 1,USD,0.00,0,1,0.00%,0,0.00,Search,0.00%,0.00,0.00
patios leesburg va,AI Max,None,Premium Composite Decks,Ad group 1,USD,5900.00,1,1,100.00%,5.90,5.90,Search,0.00%,0.00,0.00
accokeek fence company,Performance Max,None,PMAX cu remarketing, --,USD,0.00,0,1,0.00%,0,0.00,Performance Max,0.00%,0.00,0.00
outdoor patio cleaning service,Performance Max,None,PMAX cu remarketing, --,USD,2770.00,1,2,50.00%,5.54,5.54,Performance Max,0.00%,0.00,0.00
how to clean a deck,Performance Max,None,PMAX cu remarketing, --,USD,0.00,0,1,0.00%,0,0.00,Performance Max,0.00%,0.00,0.00
front porch near me,Performance Max,None,PMAX cu remarketing, --,USD,0.00,0,3,0.00%,0,0.00,Performance Max,0.00%,0.00,0.00
patio slabs,Performance Max,None,PMAX cu remarketing, --,USD,0.00,0,1,0.00%,0,0.00,Performance Max,0.00%,0.00,0.00
how much does it cost to build a fence,Performance Max,None,PMAX cu remarketing, --,USD,0.00,0,1,0.00%,0,0.00,Performance Max,0.00%,0.00,0.00
refinish deck,Performance Max,None,PMAX cu remarketing, --,USD,0.00,0,3,0.00%,0,0.00,Performance Max,0.00%,0.00,0.00
patio diy,Performance Max,None,PMAX cu remarketing, --,USD,0.00,0,3,0.00%,0,0.00,Performance Max,0.00%,0.00,0.00
how to repair rotting deck stair stringer,Performance Max,None,PMAX cu remarketing, --,USD,0.00,0,1,0.00%,0,0.00,Performance Max,0.00%,0.00,0.00
pergola ideas,Performance Max,None,PMAX cu remarketing, --,USD,0.00,0,2,0.00%,0,0.00,Performance Max,0.00%,0.00,0.00
afk fence llc,Performance Max,None,PMAX cu remarketing, --,USD,0.00,0,1,0.00%,0,0.00,Performance Max,0.00%,0.00,0.00
deck man reviews,Performance Max,None,PMAX cu remarketing, --,USD,0.00,0,5,0.00%,0,0.00,Performance Max,0.00%,0.00,0.00
how much to install trex decking,Performance Max,None,PMAX cu remarketing, --,USD,0.00,0,1,0.00%,0,0.00,Performance Max,0.00%,0.00,0.00
deck de casa,Performance Max,None,PMAX cu remarketing, --,USD,0.00,0,1,0.00%,0,0.00,Performance Max,0.00%,0.00,0.00
how to screen in an existing deck,Performance Max,None,PMAX cu remarketing, --,USD,0.00,0,4,0.00%,0,0.00,Performance Max,0.00%,0.00,0.00
waterproofing plywood deck,Performance Max,None,PMAX cu remarketing, --,USD,0.00,0,3,0.00%,0,0.00,Performance Max,0.00%,0.00,0.00
dmv construction,Performance Max,None,PMAX cu remarketing, --,USD,0.00,0,3,0.00%,0,0.00,Performance Max,0.00%,0.00,0.00
wood deck,AI Max,None,loudoun decks,Deck Builder - Hamilton,USD,0.00,0,1,0.00%,0,0.00,Search,0.00%,0.00,0.00
trex composite fascia board,AI Max,None,loudoun decks,Deck Builder - Hamilton,USD,0.00,0,1,0.00%,0,0.00,Search,0.00%,0.00,0.00
american deck and patio,AI Max,None,loudoun decks,Deck Builder - Aldie,USD,0.00,0,1,0.00%,0,0.00,Search,0.00%,0.00,0.00
glass decks,Phrase match (close variant),None,loudoun decks,Deck Builder - Brambleton,USD,0.00,0,1,0.00%,0,0.00,Search,0.00%,0.00,0.00
struxure,Broad match,None,loudoun decks,Deck Builder - Brambleton,USD,0.00,0,3,0.00%,0,0.00,Search,0.00%,0.00,0.00
luxury custom home builders northern virginia,AI Max,None,loudoun decks,Deck Builder - Middleburg,USD,0.00,0,1,0.00%,0,0.00,Search,0.00%,0.00,0.00
g&d design,Broad match,None,loudoun decks,Deck Builder - Brambleton,USD,0.00,0,1,0.00%,0,0.00,Search,0.00%,0.00,0.00
viewrail,Broad match,None,loudoun decks,Deck Builder - Brambleton,USD,0.00,0,1,0.00%,0,0.00,Search,0.00%,0.00,0.00
md custom construction,AI Max,None,loudoun decks,Deck Builder - Leesburg,USD,0.00,0,1,0.00%,0,0.00,Search,0.00%,0.00,0.00
comcruz construction,AI Max,None,loudoun decks,Deck Builder - Broadlands,USD,0.00,0,1,0.00%,0,0.00,Search,0.00%,0.00,0.00
loudoun exteriors,AI Max,None,loudoun decks,Deck Builder - Aldie,USD,0.00,0,1,0.00%,0,0.00,Search,0.00%,0.00,0.00
backyard,Broad match,None,loudoun decks,Deck Builder - Brambleton,USD,0.00,0,5,0.00%,0,0.00,Search,0.00%,0.00,0.00
pergola,Performance Max,None,Pmax - Dec4, --,USD,0.00,0,1,0.00%,0,0.00,Performance Max,0.00%,0.00,0.00
framing a deck,AI Max,None,Deck Repair - Loudoun County,Deck Restoration - Refinishing,USD,0.00,0,1,0.00%,0,0.00,Search,0.00%,0.00,0.00
deck repair near me,Exact match,Added,Deck Repair - Loudoun County,Deck Repair - Loudoun County,USD,1833.83,7,58,12.07%,15.19,106.36,Search,0.00%,0.00,0.00
repairing deck joists,AI Max,None,Deck Repair - Loudoun County,Deck Repair - Loudoun County,USD,0.00,0,1,0.00%,0,0.00,Search,0.00%,0.00,0.00
covered patio builders near me,Broad match,None,Deck Repair - Loudoun County,Deck Replacement,USD,1780.00,1,1,100.00%,1.78,1.78,Search,0.00%,0.00,0.00
deck refinishing,Exact match (close variant),None,Deck Repair - Loudoun County,Deck Repair - Loudoun County,USD,0.00,0,2,0.00%,0,0.00,Search,0.00%,0.00,0.00
yard transformations before and after,AI Max,None,Fairfax-Search-Search - Deck Leads - VA - May 2025,Deck + Patio / Outdoor Living,USD,0.00,0,1,0.00%,0,0.00,Search,0.00%,0.00,0.00
modern garden retaining wall,AI Max,None,Fairfax-Search-Search - Deck Leads - VA - May 2025,Deck + Patio / Outdoor Living,USD,0.00,0,1,0.00%,0,0.00,Search,0.00%,0.00,0.00
dream outdoor solutions,AI Max,None,Fairfax-Search-Search - Deck Leads - VA - May 2025,Deck + Patio / Outdoor Living,USD,0.00,0,1,0.00%,0,0.00,Search,0.00%,0.00,0.00
timber decks,AI Max,None,Fairfax-Search-Search - Deck Leads - VA - May 2025,Deck Repair & Refinishing,USD,0.00,0,1,0.00%,0,0.00,Search,0.00%,0.00,0.00
paving,AI Max,None,Fairfax-Search-Search - Deck Leads - VA - May 2025,Deck + Patio / Outdoor Living,USD,0.00,0,1,0.00%,0,0.00,Search,0.00%,0.00,0.00
can i replace wood decking with composite,Exact match (close variant),None,SRCH | Replacement + Resurfacing | 3 Counties | Calls,Replace Wood With Composite,USD,0.00,0,1,0.00%,0,0.00,Search,0.00%,0.00,0.00
deck floor replacement cost,AI Max,None,Premium Composite Decks,Ad group 1,USD,0.00,0,1,0.00%,0,0.00,Search,0.00%,0.00,0.00
screened in porch,AI Max,None,Premium Composite Decks,Ad group 1,USD,0.00,0,12,0.00%,0,0.00,Search,0.00%,0.00,0.00
prime decks,AI Max,None,Premium Composite Decks,Ad group 1,USD,0.00,0,2,0.00%,0,0.00,Search,0.00%,0.00,0.00
decks and docks near me,AI Max,None,Premium Composite Decks,Ad group 1,USD,0.00,0,1,0.00%,0,0.00,Search,0.00%,0.00,0.00
patio vs porch,AI Max,None,Premium Composite Decks,Ad group 1,USD,0.00,0,1,0.00%,0,0.00,Search,0.00%,0.00,0.00
foggy wharf trex,AI Max,None,Premium Composite Decks,Ad group 1,USD,0.00,0,5,0.00%,0,0.00,Search,0.00%,0.00,0.00
best deck building companies near me,Exact match (close variant),None,Premium Composite Decks,Ad group 1,USD,0.00,0,1,0.00%,0,0.00,Search,0.00%,0.00,0.00
prince william home improvement,AI Max,Excluded,Premium Composite Decks,Ad group 1,USD,3172.50,1,4,25.00%,12.69,12.69,Search,0.00%,0.00,0.00
how to do decking,AI Max,None,Premium Composite Decks,Ad group 1,USD,0.00,0,1,0.00%,0,0.00,Search,0.00%,0.00,0.00
evergreen decking,AI Max,None,Premium Composite Decks,Ad group 1,USD,0.00,0,2,0.00%,0,0.00,Search,0.00%,0.00,0.00
deck supplies,AI Max,None,Premium Composite Decks,Ad group 1,USD,0.00,0,1,0.00%,0,0.00,Search,0.00%,0.00,0.00
trex signature aluminum railing installation,AI Max,None,Premium Composite Decks,Ad group 1,USD,0.00,0,1,0.00%,0,0.00,Search,0.00%,0.00,0.00
cover deck,AI Max,None,Premium Composite Decks,Ad group 1,USD,0.00,0,1,0.00%,0,0.00,Search,0.00%,0.00,0.00
stoneridge decks & outdoor living,AI Max,None,Premium Composite Decks,Ad group 1,USD,0.00,0,4,0.00%,0,0.00,Search,0.00%,0.00,0.00
creative patios,AI Max,None,Premium Composite Decks,Ad group 1,USD,0.00,0,1,0.00%,0,0.00,Search,0.00%,0.00,0.00
aluminum railings for decks,AI Max,None,Premium Composite Decks,Ad group 1,USD,0.00,0,1,0.00%,0,0.00,Search,0.00%,0.00,0.00
local lumber yards near me,AI Max,None,Premium Composite Decks,Ad group 1,USD,0.00,0,1,0.00%,0,0.00,Search,0.00%,0.00,0.00
lumber yard near me,AI Max,None,Premium Composite Decks,Ad group 1,USD,0.00,0,20,0.00%,0,0.00,Search,0.00%,0.00,0.00
step stone patio,AI Max,None,Premium Composite Decks,Ad group 1,USD,0.00,0,1,0.00%,0,0.00,Search,0.00%,0.00,0.00
trex enhance stair railing,AI Max,None,Premium Composite Decks,Ad group 1,USD,0.00,0,1,0.00%,0,0.00,Search,0.00%,0.00,0.00
home builders in northern virginia,AI Max,None,Premium Composite Decks,Ad group 1,USD,0.00,0,1,0.00%,0,0.00,Search,0.00%,0.00,0.00
best wood for deck,Performance Max,None,PMAX cu remarketing, --,USD,0.00,0,1,0.00%,0,0.00,Performance Max,0.00%,0.00,0.00
outdoor handrail installation near me,Performance Max,None,PMAX cu remarketing, --,USD,0.00,0,1,0.00%,0,0.00,Performance Max,0.00%,0.00,0.00
two tone deck stain ideas,Performance Max,None,PMAX cu remarketing, --,USD,0.00,0,1,0.00%,0,0.00,Performance Max,0.00%,0.00,0.00
clean deck,Performance Max,None,PMAX cu remarketing, --,USD,0.00,0,1,0.00%,0,0.00,Performance Max,0.00%,0.00,0.00
woodland outdoor living,Performance Max,None,PMAX cu remarketing, --,USD,0.00,0,1,0.00%,0,0.00,Performance Max,0.00%,0.00,0.00
whitmer decks,Performance Max,None,PMAX cu remarketing, --,USD,116.07,1,28,3.57%,3.25,3.25,Performance Max,0.00%,0.00,0.00
how to build a porch,Performance Max,None,PMAX cu remarketing, --,USD,0.00,0,2,0.00%,0,0.00,Performance Max,0.00%,0.00,0.00
how much to replace deck,Performance Max,None,PMAX cu remarketing, --,USD,0.00,0,1,0.00%,0,0.00,Performance Max,0.00%,0.00,0.00
small townhouse deck ideas,Performance Max,None,PMAX cu remarketing, --,USD,0.00,0,2,0.00%,0,0.00,Performance Max,0.00%,0.00,0.00
loudoun lumber,Performance Max,None,PMAX cu remarketing, --,USD,0.00,0,7,0.00%,0,0.00,Performance Max,0.00%,0.00,0.00
how to replace a deck post,Performance Max,None,PMAX cu remarketing, --,USD,0.00,0,1,0.00%,0,0.00,Performance Max,0.00%,0.00,0.00
outdoor covered patio near me,Performance Max,None,PMAX cu remarketing, --,USD,0.00,0,1,0.00%,0,0.00,Performance Max,0.00%,0.00,0.00
anchor pergola,Performance Max,None,PMAX cu remarketing, --,USD,0.00,0,1,0.00%,0,0.00,Performance Max,0.00%,0.00,0.00
fixing composite decking boards,Performance Max,None,PMAX cu remarketing, --,USD,0.00,0,1,0.00%,0,0.00,Performance Max,0.00%,0.00,0.00
northern virginia fence,Performance Max,None,PMAX cu remarketing, --,USD,0.00,0,2,0.00%,0,0.00,Performance Max,0.00%,0.00,0.00
small screened in porch ideas,Performance Max,None,PMAX cu remarketing, --,USD,0.00,0,1,0.00%,0,0.00,Performance Max,0.00%,0.00,0.00
composite deck tiles over concrete,Performance Max,None,PMAX cu remarketing, --,USD,0.00,0,1,0.00%,0,0.00,Performance Max,0.00%,0.00,0.00
hnh deck and porch,Performance Max,None,PMAX cu remarketing, --,USD,0.00,0,1,0.00%,0,0.00,Performance Max,0.00%,0.00,0.00
flagstone patio,Performance Max,None,PMAX cu remarketing, --,USD,0.00,0,4,0.00%,0,0.00,Performance Max,0.00%,0.00,0.00
install steps on deck,Performance Max,None,PMAX cu remarketing, --,USD,0.00,0,1,0.00%,0,0.00,Performance Max,0.00%,0.00,0.00
timbertech universal railing hardware kit,Performance Max,None,PMAX cu remarketing, --,USD,0.00,0,1,0.00%,0,0.00,Performance Max,0.00%,0.00,0.00
baluster installation,AI Max,None,loudoun decks,Deck Builder - Middleburg,USD,0.00,0,1,0.00%,0,0.00,Search,0.00%,0.00,0.00
handrails for outdoor steps,Broad match,None,loudoun decks,Deck Builder - Brambleton,USD,0.00,0,1,0.00%,0,0.00,Search,0.00%,0.00,0.00
deck remodel near me,AI Max,None,loudoun decks,Deck Builder - Middleburg,USD,7720.00,1,1,100.00%,7.72,7.72,Search,0.00%,0.00,0.00
trex com,AI Max,None,loudoun decks,Deck Builder - Aldie,USD,0.00,0,1,0.00%,0,0.00,Search,0.00%,0.00,0.00
craig sundecks,AI Max,None,Deck Repair - Loudoun County,Deck Repair - Loudoun County,USD,0.00,0,4,0.00%,0,0.00,Search,0.00%,0.00,0.00
select deck,AI Max,None,Deck Repair - Loudoun County,Deck Repair - Loudoun County,USD,0.00,0,1,0.00%,0,0.00,Search,0.00%,0.00,0.00
deck flooring,AI Max,None,Deck Repair - Loudoun County,Deck Repair - Loudoun County,USD,0.00,0,1,0.00%,0,0.00,Search,0.00%,0.00,0.00
use floor sander on deck,AI Max,None,Deck Repair - Loudoun County,Deck Repair - Loudoun County,USD,0.00,0,3,0.00%,0,0.00,Search,0.00%,0.00,0.00
loudon construction,Performance Max,None,Pmax - Dec4, --,USD,0.00,0,1,0.00%,0,0.00,Performance Max,0.00%,0.00,0.00
dmv deck and fence,Performance Max,None,Pmax - Dec4, --,USD,0.00,0,2,0.00%,0,0.00,Performance Max,0.00%,0.00,0.00
loudoun county zoning department,Performance Max,None,Pmax - Dec4, --,USD,0.00,0,1,0.00%,0,0.00,Performance Max,0.00%,0.00,0.00
bluestone walkways,AI Max,None,Fairfax-Search-Search - Deck Leads - VA - May 2025,Deck + Patio / Outdoor Living,USD,0.00,0,3,0.00%,0,0.00,Search,0.00%,0.00,0.00
fa outdoor spaces,AI Max,None,Fairfax-Search-Search - Deck Leads - VA - May 2025,Deck Builders Near Me,USD,0.00,0,2,0.00%,0,0.00,Search,0.00%,0.00,0.00
handymen in my area,AI Max,None,Fairfax-Search-Search - Deck Leads - VA - May 2025,Deck Builders Near Me,USD,0.00,0,1,0.00%,0,0.00,Search,0.00%,0.00,0.00
deck resurfacing near me,Exact match,Added,SRCH | Replacement + Resurfacing | 3 Counties | Calls,Deck Resurfacing,USD,0.00,0,1,0.00%,0,0.00,Search,0.00%,0.00,0.00
patios de pavers,Performance Max,None,PMAX cu remarketing, --,USD,0.00,0,4,0.00%,0,0.00,Performance Max,0.00%,0.00,0.00
es deck construction,Performance Max,None,PMAX cu remarketing, --,USD,0.00,0,3,0.00%,0,0.00,Performance Max,0.00%,0.00,0.00
decking specialists near me,Performance Max,None,PMAX cu remarketing, --,USD,0.00,0,1,0.00%,0,0.00,Performance Max,0.00%,0.00,0.00
pre assembled aluminum railing,Performance Max,None,PMAX cu remarketing, --,USD,0.00,0,1,0.00%,0,0.00,Performance Max,0.00%,0.00,0.00
how much for a backyard deck,Performance Max,None,PMAX cu remarketing, --,USD,0.00,0,1,0.00%,0,0.00,Performance Max,0.00%,0.00,0.00
ned's new england deck,Performance Max,None,PMAX cu remarketing, --,USD,0.00,0,6,0.00%,0,0.00,Performance Max,0.00%,0.00,0.00
hardscaping near me,Performance Max,None,PMAX cu remarketing, --,USD,0.00,0,2,0.00%,0,0.00,Performance Max,0.00%,0.00,0.00
deck supply store,Performance Max,None,PMAX cu remarketing, --,USD,0.00,0,1,0.00%,0,0.00,Performance Max,0.00%,0.00,0.00
how to install screen porch door,Performance Max,None,PMAX cu remarketing, --,USD,0.00,0,1,0.00%,0,0.00,Performance Max,0.00%,0.00,0.00
fence and deck supply,Performance Max,None,PMAX cu remarketing, --,USD,0.00,0,1,0.00%,0,0.00,Performance Max,0.00%,0.00,0.00
how to build deck on ground,Performance Max,None,PMAX cu remarketing, --,USD,0.00,0,1,0.00%,0,0.00,Performance Max,0.00%,0.00,0.00
trex deck railing,Performance Max,None,PMAX cu remarketing, --,USD,0.00,0,3,0.00%,0,0.00,Performance Max,0.00%,0.00,0.00
gazebo installers,Performance Max,None,PMAX cu remarketing, --,USD,0.00,0,1,0.00%,0,0.00,Performance Max,0.00%,0.00,0.00
lumber manassas va,Performance Max,None,PMAX cu remarketing, --,USD,0.00,0,3,0.00%,0,0.00,Performance Max,0.00%,0.00,0.00
deck repair sterling va,Performance Max,None,PMAX cu remarketing, --,USD,0.00,0,1,0.00%,0,0.00,Performance Max,0.00%,0.00,0.00
small deck ideas,Performance Max,None,PMAX cu remarketing, --,USD,0.00,0,1,0.00%,0,0.00,Performance Max,0.00%,0.00,0.00
brick patio,Performance Max,None,PMAX cu remarketing, --,USD,0.00,0,1,0.00%,0,0.00,Performance Max,0.00%,0.00,0.00
deck washing,Performance Max,None,PMAX cu remarketing, --,USD,0.00,0,1,0.00%,0,0.00,Performance Max,0.00%,0.00,0.00
outdoor living way,Performance Max,None,PMAX cu remarketing, --,USD,1340.00,1,2,50.00%,2.68,2.68,Performance Max,0.00%,0.00,0.00
deck restoration,Performance Max,None,PMAX cu remarketing, --,USD,0.00,0,5,0.00%,0,0.00,Performance Max,0.00%,0.00,0.00
deck remodeling,Performance Max,None,PMAX cu remarketing, --,USD,0.00,0,1,0.00%,0,0.00,Performance Max,0.00%,0.00,0.00
screened in porch designer,Performance Max,None,PMAX cu remarketing, --,USD,0.00,0,1,0.00%,0,0.00,Performance Max,0.00%,0.00,0.00
deck business,Performance Max,None,PMAX cu remarketing, --,USD,0.00,0,1,0.00%,0,0.00,Performance Max,0.00%,0.00,0.00
roof deck construction,Performance Max,None,PMAX cu remarketing, --,USD,0.00,0,1,0.00%,0,0.00,Performance Max,0.00%,0.00,0.00
deck support post replacement,Performance Max,None,PMAX cu remarketing, --,USD,0.00,0,1,0.00%,0,0.00,Performance Max,0.00%,0.00,0.00
cost to repair deck,Performance Max,None,PMAX cu remarketing, --,USD,0.00,0,1,0.00%,0,0.00,Performance Max,0.00%,0.00,0.00
trex for deck,Phrase match (close variant),None,loudoun decks,Deck Builder - Brambleton,USD,0.00,0,1,0.00%,0,0.00,Search,0.00%,0.00,0.00
archadeck outdoor living,Broad match,None,loudoun decks,Deck Builder - Brambleton,USD,0.00,0,2,0.00%,0,0.00,Search,0.00%,0.00,0.00
who sells redwood near me,Broad match,None,loudoun decks,Deck Builder - Brambleton,USD,0.00,0,2,0.00%,0,0.00,Search,0.00%,0.00,0.00
mca construction,AI Max,None,loudoun decks,Deck Builder - Lovettsville,USD,0.00,0,3,0.00%,0,0.00,Search,0.00%,0.00,0.00
put together decks,Broad match,None,loudoun decks,Deck Builder - Brambleton,USD,0.00,0,1,0.00%,0,0.00,Search,0.00%,0.00,0.00
signature deck,Broad match,None,loudoun decks,Deck Builder - Brambleton,USD,0.00,0,1,0.00%,0,0.00,Search,0.00%,0.00,0.00
deck direct,AI Max,None,loudoun decks,Deck Builder - Broadlands,USD,0.00,0,1,0.00%,0,0.00,Search,0.00%,0.00,0.00
serrano master deck,AI Max,None,loudoun decks,Deck Builder - Aldie,USD,0.00,0,1,0.00%,0,0.00,Search,0.00%,0.00,0.00
custom wood works near me,AI Max,None,loudoun decks,Deck Builder - Middleburg,USD,0.00,0,1,0.00%,0,0.00,Search,0.00%,0.00,0.00
deck and porch builders near me,Performance Max,None,Pmax - Dec4, --,USD,0.00,0,1,0.00%,0,0.00,Performance Max,0.00%,0.00,0.00
whitmer decks,Performance Max,None,Pmax - Dec4, --,USD,1300.00,1,5,20.00%,6.50,6.50,Performance Max,0.00%,0.00,0.00
deck removal cost,Performance Max,None,Pmax - Dec4, --,USD,0.00,0,1,0.00%,0,0.00,Performance Max,0.00%,0.00,0.00
long fence decks,Performance Max,None,Pmax - Dec4, --,USD,0.00,0,1,0.00%,0,0.00,Performance Max,0.00%,0.00,0.00
deck builders near me,AI Max,None,Deck Repair - Loudoun County,Deck Repair - Loudoun County,USD,0.00,0,1,0.00%,0,0.00,Search,0.00%,0.00,0.00
deck repair,AI Max,None,Deck Repair - Loudoun County,Deck Repair - Loudoun County,USD,0.00,0,2,0.00%,0,0.00,Search,0.00%,0.00,0.00
patio construction contractors near me,AI Max,None,Deck Repair - Loudoun County,Deck Repair - Loudoun County,USD,0.00,0,1,0.00%,0,0.00,Search,0.00%,0.00,0.00
repair rotted wood,AI Max,None,Deck Repair - Loudoun County,Deck Repair - Loudoun County,USD,0.00,0,1,0.00%,0,0.00,Search,0.00%,0.00,0.00
awoodrailing com,AI Max,None,Deck Repair - Loudoun County,Deck Repair - Loudoun County,USD,0.00,0,1,0.00%,0,0.00,Search,0.00%,0.00,0.00
zip up under deck,AI Max,None,Deck Repair - Loudoun County,Deck Repair - Loudoun County,USD,0.00,0,1,0.00%,0,0.00,Search,0.00%,0.00,0.00
decks docks,AI Max,None,Deck Repair - Loudoun County,Deck Repair - Loudoun County,USD,0.00,0,2,0.00%,0,0.00,Search,0.00%,0.00,0.00
trex decking,AI Max,None,Deck Repair - Loudoun County,Deck Renovation,USD,0.00,0,1,0.00%,0,0.00,Search,0.00%,0.00,0.00
maryland decks and hardscape llc,AI Max,None,Premium Composite Decks,Ad group 1,USD,0.00,0,1,0.00%,0,0.00,Search,0.00%,0.00,0.00
wpc deck,AI Max,None,Premium Composite Decks,Ad group 1,USD,0.00,0,1,0.00%,0,0.00,Search,0.00%,0.00,0.00
porch,AI Max,None,Premium Composite Decks,Ad group 1,USD,0.00,0,11,0.00%,0,0.00,Search,0.00%,0.00,0.00
deck replacement,AI Max,None,Premium Composite Decks,Ad group 1,USD,0.00,0,3,0.00%,0,0.00,Search,0.00%,0.00,0.00
valer builders reviews,AI Max,None,Premium Composite Decks,Ad group 1,USD,0.00,0,1,0.00%,0,0.00,Search,0.00%,0.00,0.00
deck tiles,AI Max,None,Premium Composite Decks,Ad group 1,USD,0.00,0,1,0.00%,0,0.00,Search,0.00%,0.00,0.00
montgomery decks reviews,AI Max,None,Premium Composite Decks,Ad group 1,USD,0.00,0,1,0.00%,0,0.00,Search,0.00%,0.00,0.00
azek timbertech decking,AI Max,None,Premium Composite Decks,Ad group 1,USD,0.00,0,1,0.00%,0,0.00,Search,0.00%,0.00,0.00
jenkins construction llc,AI Max,None,Premium Composite Decks,Ad group 1,USD,0.00,0,1,0.00%,0,0.00,Search,0.00%,0.00,0.00
order trex,AI Max,None,Premium Composite Decks,Ad group 1,USD,4350.00,1,1,100.00%,4.35,4.35,Search,0.00%,0.00,0.00
builders near me,AI Max,None,Premium Composite Decks,Ad group 1,USD,0.00,0,1,0.00%,0,0.00,Search,0.00%,0.00,0.00
replace rotted deck joist,AI Max,None,Premium Composite Decks,Ad group 1,USD,0.00,0,1,0.00%,0,0.00,Search,0.00%,0.00,0.00
refinish painted deck,AI Max,None,Fairfax-Search-Search - Deck Leads - VA - May 2025,Deck Repair & Refinishing,USD,0.00,0,2,0.00%,0,0.00,Search,0.00%,0.00,0.00
pebbles patio,AI Max,None,Fairfax-Search-Search - Deck Leads - VA - May 2025,Deck + Patio / Outdoor Living,USD,0.00,0,2,0.00%,0,0.00,Search,0.00%,0.00,0.00
hd decks,Performance Max,None,PMAX cu remarketing, --,USD,0.00,0,1,0.00%,0,0.00,Performance Max,0.00%,0.00,0.00
garden studio,Performance Max,None,PMAX cu remarketing, --,USD,0.00,0,1,0.00%,0,0.00,Performance Max,0.00%,0.00,0.00
interior design deck,Performance Max,None,PMAX cu remarketing, --,USD,0.00,0,1,0.00%,0,0.00,Performance Max,0.00%,0.00,0.00
hartley homebuilding and exteriors,Performance Max,None,PMAX cu remarketing, --,USD,0.00,0,1,0.00%,0,0.00,Performance Max,0.00%,0.00,0.00
fence repair near me,Performance Max,None,PMAX cu remarketing, --,USD,0.00,0,7,0.00%,0,0.00,Performance Max,0.00%,0.00,0.00
home builders in washington dc,Performance Max,None,PMAX cu remarketing, --,USD,0.00,0,1,0.00%,0,0.00,Performance Max,0.00%,0.00,0.00
stone work near me,Performance Max,None,PMAX cu remarketing, --,USD,0.00,0,2,0.00%,0,0.00,Performance Max,0.00%,0.00,0.00
patio screen cleaning,Performance Max,None,PMAX cu remarketing, --,USD,0.00,0,1,0.00%,0,0.00,Performance Max,0.00%,0.00,0.00
deck decor,Performance Max,None,PMAX cu remarketing, --,USD,0.00,0,1,0.00%,0,0.00,Performance Max,0.00%,0.00,0.00
10 x 10 floating deck,Performance Max,None,PMAX cu remarketing, --,USD,0.00,0,2,0.00%,0,0.00,Performance Max,0.00%,0.00,0.00
weatherables fence installation,Performance Max,None,PMAX cu remarketing, --,USD,0.00,0,1,0.00%,0,0.00,Performance Max,0.00%,0.00,0.00
deck builders woodbridge va,Performance Max,None,PMAX cu remarketing, --,USD,0.00,0,1,0.00%,0,0.00,Performance Max,0.00%,0.00,0.00
how long does it take to replace a deck,Performance Max,None,PMAX cu remarketing, --,USD,0.00,0,1,0.00%,0,0.00,Performance Max,0.00%,0.00,0.00
alger deck and fence,Performance Max,None,PMAX cu remarketing, --,USD,0.00,0,4,0.00%,0,0.00,Performance Max,0.00%,0.00,0.00
tart lumber sterling va,Performance Max,None,PMAX cu remarketing, --,USD,0.00,0,6,0.00%,0,0.00,Performance Max,0.00%,0.00,0.00
deck maker,Exact match (close variant),None,loudoun decks,Deck Builder - Brambleton,USD,0.00,0,1,0.00%,0,0.00,Search,0.00%,0.00,0.00
vessel construction,AI Max,None,loudoun decks,Deck Builder - Aldie,USD,0.00,0,1,0.00%,0,0.00,Search,0.00%,0.00,0.00
nations choice exteriors,AI Max,None,loudoun decks,Deck Builder - Purcellville,USD,0.00,0,1,0.00%,0,0.00,Search,0.00%,0.00,0.00
trex dealers,Phrase match (close variant),None,loudoun decks,Deck Builder - Brambleton,USD,0.00,0,1,0.00%,0,0.00,Search,0.00%,0.00,0.00
small decks,Phrase match (close variant),None,loudoun decks,Deck Builder - Brambleton,USD,0.00,0,1,0.00%,0,0.00,Search,0.00%,0.00,0.00
patio enclosures,AI Max,None,loudoun decks,Deck Builder - Brambleton,USD,0.00,0,1,0.00%,0,0.00,Search,0.00%,0.00,0.00
trex deck builders near me,AI Max,None,loudoun decks,Deck Builder - Aldie,USD,0.00,0,1,0.00%,0,0.00,Search,0.00%,0.00,0.00
deck,AI Max,None,loudoun decks,Deck Builder - Broadlands,USD,0.00,0,6,0.00%,0,0.00,Search,0.00%,0.00,0.00
carpenter near me,AI Max,None,loudoun decks,Deck Builder - Middleburg,USD,0.00,0,1,0.00%,0,0.00,Search,0.00%,0.00,0.00
deckmandc,AI Max,None,loudoun decks,Deck Builder - Middleburg,USD,0.00,0,1,0.00%,0,0.00,Search,0.00%,0.00,0.00
framing contractors near me,AI Max,None,loudoun decks,Deck Builder - South Riding,USD,0.00,0,1,0.00%,0,0.00,Search,0.00%,0.00,0.00
power washing leesburg va,Performance Max,None,Pmax - Dec4, --,USD,0.00,0,2,0.00%,0,0.00,Performance Max,0.00%,0.00,0.00
contractors to build screened in porch,Performance Max,None,Pmax - Dec4, --,USD,0.00,0,1,0.00%,0,0.00,Performance Max,0.00%,0.00,0.00
acrylic deck coating,Performance Max,None,Pmax - Dec4, --,USD,0.00,0,1,0.00%,0,0.00,Performance Max,0.00%,0.00,0.00
trex board width,AI Max,None,Premium Composite Decks,Ad group 1,USD,0.00,0,1,0.00%,0,0.00,Search,0.00%,0.00,0.00
deck refinishing,AI Max,Excluded,Premium Composite Decks,Ad group 1,USD,0.00,0,1,0.00%,0,0.00,Search,0.00%,0.00,0.00
deck escapes,AI Max,None,Premium Composite Decks,Ad group 1,USD,0.00,0,1,0.00%,0,0.00,Search,0.00%,0.00,0.00
general construction contractors near me,AI Max,None,Premium Composite Decks,Ad group 1,USD,0.00,0,2,0.00%,0,0.00,Search,0.00%,0.00,0.00
elevated stone patio,AI Max,None,Premium Composite Decks,Ad group 1,USD,0.00,0,1,0.00%,0,0.00,Search,0.00%,0.00,0.00
trex composite railings,AI Max,None,Premium Composite Decks,Ad group 1,USD,0.00,0,1,0.00%,0,0.00,Search,0.00%,0.00,0.00
trex tide pool,AI Max,None,Premium Composite Decks,Ad group 1,USD,0.00,0,1,0.00%,0,0.00,Search,0.00%,0.00,0.00
nl vs exteriors,AI Max,None,Premium Composite Decks,Ad group 1,USD,0.00,0,1,0.00%,0,0.00,Search,0.00%,0.00,0.00
masterworks painting & remodeling,AI Max,None,Premium Composite Decks,Ad group 1,USD,0.00,0,1,0.00%,0,0.00,Search,0.00%,0.00,0.00
how to secure trex decking,AI Max,None,Premium Composite Decks,Ad group 1,USD,0.00,0,1,0.00%,0,0.00,Search,0.00%,0.00,0.00
building supplies near me,AI Max,None,Premium Composite Decks,Ad group 1,USD,0.00,0,3,0.00%,0,0.00,Search,0.00%,0.00,0.00
deck architect,AI Max,None,Deck Repair - Loudoun County,Deck Replacement,USD,0.00,0,1,0.00%,0,0.00,Search,0.00%,0.00,0.00
deck decor,AI Max,None,Deck Repair - Loudoun County,Deck Repair - Loudoun County,USD,0.00,0,2,0.00%,0,0.00,Search,0.00%,0.00,0.00
rotten wood restoration,AI Max,None,Deck Repair - Loudoun County,Deck Repair - Loudoun County,USD,0.00,0,2,0.00%,0,0.00,Search,0.00%,0.00,0.00
home repair contractor near me,AI Max,None,Deck Repair - Loudoun County,Deck Renovation,USD,0.00,0,1,0.00%,0,0.00,Search,0.00%,0.00,0.00
deck installer,Exact match (close variant),None,Deck Repair - Loudoun County,Deck Replacement,USD,0.00,0,1,0.00%,0,0.00,Search,0.00%,0.00,0.00
trex select decking,AI Max,None,Fairfax-Search-Search - Deck Leads - VA - May 2025,Composite Decking,USD,0.00,0,1,0.00%,0,0.00,Search,0.00%,0.00,0.00
patio deck makeover,AI Max,None,Fairfax-Search-Search - Deck Leads - VA - May 2025,Deck Repair & Refinishing,USD,0.00,0,1,0.00%,0,0.00,Search,0.00%,0.00,0.00
outdoor patio designs,AI Max,None,Fairfax-Search-Search - Deck Leads - VA - May 2025,Deck + Patio / Outdoor Living,USD,336.69,1,1,100.00%,0.34,0.34,Search,0.00%,0.00,0.00
ac hardscape and design,AI Max,None,Fairfax-Search-Search - Deck Leads - VA - May 2025,Deck + Patio / Outdoor Living,USD,0.00,0,2,0.00%,0,0.00,Search,0.00%,0.00,0.00
concrete patio work near me,AI Max,None,Fairfax-Search-Search - Deck Leads - VA - May 2025,Deck + Patio / Outdoor Living,USD,0.00,0,1,0.00%,0,0.00,Search,0.00%,0.00,0.00
cost of new trex deck,Phrase match (close variant),None,SRCH | Replacement + Resurfacing | 3 Counties | Calls,Deck Replacement,USD,0.00,0,1,0.00%,0,0.00,Search,0.00%,0.00,0.00
siding company,AI Max,None,Premium Composite Decks,Ad group 1,USD,0.00,0,1,0.00%,0,0.00,Search,0.00%,0.00,0.00
backyard contractors,AI Max,None,Premium Composite Decks,Ad group 1,USD,0.00,0,3,0.00%,0,0.00,Search,0.00%,0.00,0.00
trex deck installers near me,Exact match (close variant),None,Premium Composite Decks,Ad group 1,USD,0.00,0,1,0.00%,0,0.00,Search,0.00%,0.00,0.00
yella wood,AI Max,None,Premium Composite Decks,Ad group 1,USD,0.00,0,1,0.00%,0,0.00,Search,0.00%,0.00,0.00
timbertech decking,AI Max,None,Premium Composite Decks,Ad group 1,USD,204.80,1,25,4.00%,5.12,5.12,Search,0.00%,0.00,0.00
decking supply companies near me,AI Max,None,Premium Composite Decks,Ad group 1,USD,0.00,0,1,0.00%,0,0.00,Search,0.00%,0.00,0.00
deck armor reviews,AI Max,None,Premium Composite Decks,Ad group 1,USD,0.00,0,1,0.00%,0,0.00,Search,0.00%,0.00,0.00
best composite decking material,AI Max,None,Premium Composite Decks,Ad group 1,USD,0.00,0,1,0.00%,0,0.00,Search,0.00%,0.00,0.00
deck extension,AI Max,None,Premium Composite Decks,Ad group 1,USD,0.00,0,1,0.00%,0,0.00,Search,0.00%,0.00,0.00
trex deck cost,AI Max,None,Premium Composite Decks,Ad group 1,USD,0.00,0,2,0.00%,0,0.00,Search,0.00%,0.00,0.00
fiberon armorguard railing installation,AI Max,None,Premium Composite Decks,Ad group 1,USD,0.00,0,1,0.00%,0,0.00,Search,0.00%,0.00,0.00
cost of timber tech deck,AI Max,None,Premium Composite Decks,Ad group 1,USD,0.00,0,1,0.00%,0,0.00,Search,0.00%,0.00,0.00
deck boss,Performance Max,None,PMAX cu remarketing, --,USD,0.00,0,1,0.00%,0,0.00,Performance Max,0.00%,0.00,0.00
home power washing,Performance Max,None,PMAX cu remarketing, --,USD,0.00,0,1,0.00%,0,0.00,Performance Max,0.00%,0.00,0.00
building new fence,Performance Max,None,PMAX cu remarketing, --,USD,0.00,0,3,0.00%,0,0.00,Performance Max,0.00%,0.00,0.00
fa outdoor spaces,Performance Max,None,PMAX cu remarketing, --,USD,72.54,2,126,1.59%,4.57,9.14,Performance Max,0.00%,0.00,0.00
fence and deck repair,Performance Max,None,PMAX cu remarketing, --,USD,0.00,0,1,0.00%,0,0.00,Performance Max,0.00%,0.00,0.00
deck repair springfield va,Performance Max,None,PMAX cu remarketing, --,USD,0.00,0,2,0.00%,0,0.00,Performance Max,0.00%,0.00,0.00
fencing for yard,Performance Max,None,PMAX cu remarketing, --,USD,0.00,0,1,0.00%,0,0.00,Performance Max,0.00%,0.00,0.00
porch,Performance Max,None,PMAX cu remarketing, --,USD,0.00,0,13,0.00%,0,0.00,Performance Max,0.00%,0.00,0.00
porch screen repair,Performance Max,None,PMAX cu remarketing, --,USD,0.00,0,3,0.00%,0,0.00,Performance Max,0.00%,0.00,0.00
waterproof plywood deck,Performance Max,None,PMAX cu remarketing, --,USD,48.92,1,2,50.00%,0.10,0.10,Performance Max,0.00%,0.00,0.00
pergola on deck,Performance Max,None,PMAX cu remarketing, --,USD,0.00,0,1,0.00%,0,0.00,Performance Max,0.00%,0.00,0.00
armor fence company,Performance Max,None,PMAX cu remarketing, --,USD,0.00,0,2,0.00%,0,0.00,Performance Max,0.00%,0.00,0.00
84 lumber,Performance Max,None,PMAX cu remarketing, --,USD,54.62,1,13,7.69%,0.71,0.71,Performance Max,0.00%,0.00,0.00
deck builder woodbridge va,Performance Max,None,PMAX cu remarketing, --,USD,0.00,0,2,0.00%,0,0.00,Performance Max,0.00%,0.00,0.00
landscaping pavers,Performance Max,None,PMAX cu remarketing, --,USD,0.00,0,1,0.00%,0,0.00,Performance Max,0.00%,0.00,0.00
construction contractors,AI Max,None,loudoun decks,Deck Builder - Leesburg,USD,0.00,0,1,0.00%,0,0.00,Search,0.00%,0.00,0.00
structureworks,Broad match,None,loudoun decks,Deck Builder - Brambleton,USD,0.00,0,1,0.00%,0,0.00,Search,0.00%,0.00,0.00
mcgee construction,AI Max,None,loudoun decks,Deck Builder - Leesburg,USD,0.00,0,1,0.00%,0,0.00,Search,0.00%,0.00,0.00
duradek barnwood,Phrase match (close variant),None,loudoun decks,Deck Builder - Brambleton,USD,0.00,0,1,0.00%,0,0.00,Search,0.00%,0.00,0.00
best deck builders near me,Exact match (close variant),None,loudoun decks,Deck Builder - Middleburg,USD,0.00,0,1,0.00%,0,0.00,Search,0.00%,0.00,0.00
black star outdoors,Phrase match (close variant),None,loudoun decks,Deck Builder - Brambleton,USD,0.00,0,1,0.00%,0,0.00,Search,0.00%,0.00,0.00
new deck material,Phrase match (close variant),None,loudoun decks,Deck Builder - Brambleton,USD,0.00,0,1,0.00%,0,0.00,Search,0.00%,0.00,0.00
armor fence,Performance Max,None,Pmax - Dec4, --,USD,0.00,0,10,0.00%,0,0.00,Performance Max,0.00%,0.00,0.00
wood deck maintenance,Performance Max,None,Pmax - Dec4, --,USD,0.00,0,2,0.00%,0,0.00,Performance Max,0.00%,0.00,0.00
under deck ceiling,Performance Max,None,Pmax - Dec4, --,USD,0.00,0,1,0.00%,0,0.00,Performance Max,0.00%,0.00,0.00
connecting deck to house,Broad match,None,Deck Repair - Loudoun County,Deck Replacement,USD,0.00,0,3,0.00%,0,0.00,Search,0.00%,0.00,0.00
woodscape construction,AI Max,None,Deck Repair - Loudoun County,Deck Replacement,USD,0.00,0,1,0.00%,0,0.00,Search,0.00%,0.00,0.00
deck doctors,AI Max,None,Deck Repair - Loudoun County,Deck Repair - Loudoun County,USD,0.00,0,4,0.00%,0,0.00,Search,0.00%,0.00,0.00
gazebos for sale,AI Max,None,Deck Repair - Loudoun County,Deck Repair - Loudoun County,USD,0.00,0,1,0.00%,0,0.00,Search,0.00%,0.00,0.00
deck,AI Max,None,Deck Repair - Loudoun County,Deck Repair - Loudoun County,USD,0.00,0,17,0.00%,0,0.00,Search,0.00%,0.00,0.00
decking construction,Broad match,None,Deck Repair - Loudoun County,Deck Replacement,USD,0.00,0,1,0.00%,0,0.00,Search,0.00%,0.00,0.00
trex material near me,AI Max,None,Deck Repair - Loudoun County,Deck Repair - Loudoun County,USD,0.00,0,1,0.00%,0,0.00,Search,0.00%,0.00,0.00
treating wood for outdoors,Broad match,None,Deck Repair - Loudoun County,Deck Renovation,USD,0.00,0,1,0.00%,0,0.00,Search,0.00%,0.00,0.00
outdoor living builder near me,Phrase match (close variant),None,Fairfax-Search-Search - Deck Leads - VA - May 2025,Deck + Patio / Outdoor Living,USD,0.00,0,2,0.00%,0,0.00,Search,0.00%,0.00,0.00
balcony deck,AI Max,None,Fairfax-Search-Search - Deck Leads - VA - May 2025,Deck Builders Near Me,USD,0.00,0,1,0.00%,0,0.00,Search,0.00%,0.00,0.00
deck removal near me,AI Max,None,Fairfax-Search-Search - Deck Leads - VA - May 2025,Deck + Patio / Outdoor Living,USD,0.00,0,1,0.00%,0,0.00,Search,0.00%,0.00,0.00
deck on the ground,AI Max,None,Fairfax-Search-Search - Deck Leads - VA - May 2025,Deck Builders Near Me,USD,0.00,0,1,0.00%,0,0.00,Search,0.00%,0.00,0.00
decks and docks,AI Max,None,Fairfax-Search-Search - Deck Leads - VA - May 2025,Deck + Patio / Outdoor Living,USD,0.00,0,1,0.00%,0,0.00,Search,0.00%,0.00,0.00
where to buy timber tech,Performance Max,None,PMAX cu remarketing, --,USD,0.00,0,1,0.00%,0,0.00,Performance Max,0.00%,0.00,0.00
retractable awning for deck,Performance Max,None,PMAX cu remarketing, --,USD,0.00,0,1,0.00%,0,0.00,Performance Max,0.00%,0.00,0.00
how much is trex per sq ft,Performance Max,None,PMAX cu remarketing, --,USD,0.00,0,1,0.00%,0,0.00,Performance Max,0.00%,0.00,0.00
fence installation near me,Performance Max,None,PMAX cu remarketing, --,USD,0.00,0,3,0.00%,0,0.00,Performance Max,0.00%,0.00,0.00
powerwashing,Performance Max,None,PMAX cu remarketing, --,USD,0.00,0,1,0.00%,0,0.00,Performance Max,0.00%,0.00,0.00
atlantic deck,Performance Max,None,PMAX cu remarketing, --,USD,0.00,0,2,0.00%,0,0.00,Performance Max,0.00%,0.00,0.00
trex malted barley deck,Performance Max,None,PMAX cu remarketing, --,USD,0.00,0,2,0.00%,0,0.00,Performance Max,0.00%,0.00,0.00
phoenix fence,Performance Max,None,PMAX cu remarketing, --,USD,0.00,0,6,0.00%,0,0.00,Performance Max,0.00%,0.00,0.00
how to do deck railing,Performance Max,None,PMAX cu remarketing, --,USD,0.00,0,1,0.00%,0,0.00,Performance Max,0.00%,0.00,0.00
duradek,Performance Max,None,PMAX cu remarketing, --,USD,0.00,0,1,0.00%,0,0.00,Performance Max,0.00%,0.00,0.00
cleaning house siding,Performance Max,None,PMAX cu remarketing, --,USD,0.00,0,1,0.00%,0,0.00,Performance Max,0.00%,0.00,0.00
patio pavers,Performance Max,None,PMAX cu remarketing, --,USD,0.00,0,1,0.00%,0,0.00,Performance Max,0.00%,0.00,0.00
fence mate,Performance Max,None,PMAX cu remarketing, --,USD,0.00,0,1,0.00%,0,0.00,Performance Max,0.00%,0.00,0.00
backyard painter,Performance Max,None,PMAX cu remarketing, --,USD,0.00,0,1,0.00%,0,0.00,Performance Max,0.00%,0.00,0.00
ipe decking,Performance Max,None,PMAX cu remarketing, --,USD,0.00,0,1,0.00%,0,0.00,Performance Max,0.00%,0.00,0.00
virginia power washing,Performance Max,None,PMAX cu remarketing, --,USD,0.00,0,1,0.00%,0,0.00,Performance Max,0.00%,0.00,0.00
deck builder,Exact match (close variant),None,loudoun decks,Deck Builder - Round Hill,USD,0.00,0,2,0.00%,0,0.00,Search,0.00%,0.00,0.00
best deck contractors near me,Exact match,Added,loudoun decks,Loudoun Decks,USD,0.00,0,1,0.00%,0,0.00,Search,0.00%,0.00,0.00
patio gardens,Broad match,None,loudoun decks,Deck Builder - Brambleton,USD,0.00,0,1,0.00%,0,0.00,Search,0.00%,0.00,0.00
premier outdoor living,Broad match,None,loudoun decks,Deck Builder - Brambleton,USD,0.00,0,3,0.00%,0,0.00,Search,0.00%,0.00,0.00
patio and deck,Broad match,None,loudoun decks,Deck Builder - Brambleton,USD,0.00,0,1,0.00%,0,0.00,Search,0.00%,0.00,0.00
old deck solutions,AI Max,None,loudoun decks,Loudoun Decks,USD,0.00,0,1,0.00%,0,0.00,Search,0.00%,0.00,0.00
duradek,AI Max,None,loudoun decks,Deck Builder - Brambleton,USD,0.00,0,1,0.00%,0,0.00,Search,0.00%,0.00,0.00
loudoun deck,AI Max,None,loudoun decks,Deck Builder - Middleburg,USD,0.00,0,1,0.00%,0,0.00,Search,0.00%,0.00,0.00
cabot deck correct,Broad match,None,loudoun decks,Deck Builder - Brambleton,USD,0.00,0,1,0.00%,0,0.00,Search,0.00%,0.00,0.00
contractors near me,AI Max,None,loudoun decks,Deck Builder - Leesburg,USD,0.00,0,1,0.00%,0,0.00,Search,0.00%,0.00,0.00
deck framing diagram,AI Max,None,loudoun decks,Deck Builder - Lovettsville,USD,0.00,0,1,0.00%,0,0.00,Search,0.00%,0.00,0.00
steps down to patio,Broad match,None,loudoun decks,Deck Builder - Brambleton,USD,0.00,0,1,0.00%,0,0.00,Search,0.00%,0.00,0.00
loudoun decks,AI Max,None,loudoun decks,Deck Builder - Round Hill,USD,0.00,0,2,0.00%,0,0.00,Search,0.00%,0.00,0.00
lewis aquatech,AI Max,None,loudoun decks,Deck Builder - Arcola,USD,0.00,0,1,0.00%,0,0.00,Search,0.00%,0.00,0.00
timbertech french white oak,AI Max,None,loudoun decks,Deck Builder - Broadlands,USD,0.00,0,1,0.00%,0,0.00,Search,0.00%,0.00,0.00
backyard patio,Broad match,None,loudoun decks,Deck Builder - Brambleton,USD,0.00,0,1,0.00%,0,0.00,Search,0.00%,0.00,0.00
deck board replacement near me,AI Max,None,loudoun decks,Deck Builder - Round Hill,USD,0.00,0,1,0.00%,0,0.00,Search,0.00%,0.00,0.00
porch installation near me,Performance Max,None,Pmax - Dec4, --,USD,0.00,0,1,0.00%,0,0.00,Performance Max,0.00%,0.00,0.00
stoneridge decks & outdoor living,Performance Max,None,Pmax - Dec4, --,USD,0.00,0,1,0.00%,0,0.00,Performance Max,0.00%,0.00,0.00
new wood deck protection,AI Max,None,Deck Repair - Loudoun County,Deck Repair - Loudoun County,USD,4650.00,1,1,100.00%,4.65,4.65,Search,0.00%,0.00,0.00
trex deck refinishing,AI Max,None,Deck Repair - Loudoun County,Deck Repair - Loudoun County,USD,0.00,0,1,0.00%,0,0.00,Search,0.00%,0.00,0.00
concrete deck coatings,AI Max,None,Premium Composite Decks,Ad group 1,USD,0.00,0,1,0.00%,0,0.00,Search,0.00%,0.00,0.00
s&k design group sterling va,AI Max,None,Premium Composite Decks,Ad group 1,USD,0.00,0,1,0.00%,0,0.00,Search,0.00%,0.00,0.00
trex installers,Exact match (close variant),None,Premium Composite Decks,Ad group 1,USD,0.00,0,1,0.00%,0,0.00,Search,0.00%,0.00,0.00
exterior architecture,AI Max,None,Premium Composite Decks,Ad group 1,USD,0.00,0,1,0.00%,0,0.00,Search,0.00%,0.00,0.00
back porch,AI Max,None,Premium Composite Decks,Ad group 1,USD,0.00,0,1,0.00%,0,0.00,Search,0.00%,0.00,0.00
lumber sterling,AI Max,None,Premium Composite Decks,Ad group 1,USD,0.00,0,1,0.00%,0,0.00,Search,0.00%,0.00,0.00
deck companies,Exact match (close variant),None,Premium Composite Decks,Ad group 1,USD,0.00,0,3,0.00%,0,0.00,Search,0.00%,0.00,0.00
crown on deck boards,AI Max,None,Premium Composite Decks,Ad group 1,USD,0.00,0,1,0.00%,0,0.00,Search,0.00%,0.00,0.00
deck de madera exterior,AI Max,None,Premium Composite Decks,Ad group 1,USD,0.00,0,4,0.00%,0,0.00,Search,0.00%,0.00,0.00
trex hideaway butt joint clip,AI Max,None,Premium Composite Decks,Ad group 1,USD,0.00,0,1,0.00%,0,0.00,Search,0.00%,0.00,0.00
how to replace deck boards on an existing deck,AI Max,None,Premium Composite Decks,Ad group 1,USD,0.00,0,2,0.00%,0,0.00,Search,0.00%,0.00,0.00
trex jasper,AI Max,None,Premium Composite Decks,Ad group 1,USD,0.00,0,1,0.00%,0,0.00,Search,0.00%,0.00,0.00
composite decking installation,AI Max,None,Premium Composite Decks,Ad group 1,USD,0.00,0,1,0.00%,0,0.00,Search,0.00%,0.00,0.00
pergola on deck,AI Max,None,Premium Composite Decks,Ad group 1,USD,0.00,0,2,0.00%,0,0.00,Search,0.00%,0.00,0.00
william painting and remodeling,AI Max,None,Premium Composite Decks,Ad group 1,USD,0.00,0,1,0.00%,0,0.00,Search,0.00%,0.00,0.00
buy trex decking,Phrase match (close variant),None,SRCH | Composite | 3 Counties | Calls,Composite Deck Cost,USD,0.00,0,3,0.00%,0,0.00,Search,0.00%,0.00,0.00
custom outdoor handrails,AI Max,None,Fairfax-Search-Search - Deck Leads - VA - May 2025,Deck Builders Near Me,USD,0.00,0,1,0.00%,0,0.00,Search,0.00%,0.00,0.00
manassas va decking,AI Max,None,Fairfax-Search-Search - Deck Leads - VA - May 2025,Deck Builders Near Me,USD,0.00,0,1,0.00%,0,0.00,Search,0.00%,0.00,0.00
small backyard design,AI Max,None,Fairfax-Search-Search - Deck Leads - VA - May 2025,Deck + Patio / Outdoor Living,USD,0.00,0,1,0.00%,0,0.00,Search,0.00%,0.00,0.00
deck,AI Max,None,Fairfax-Search-Search - Deck Leads - VA - May 2025,Deck Repair & Refinishing,USD,0.00,0,5,0.00%,0,0.00,Search,0.00%,0.00,0.00
refinish a deck,AI Max,None,Fairfax-Search-Search - Deck Leads - VA - May 2025,Composite Decking,USD,0.00,0,1,0.00%,0,0.00,Search,0.00%,0.00,0.00
patio platform,AI Max,None,Fairfax-Search-Search - Deck Leads - VA - May 2025,Deck Builders Near Me,USD,0.00,0,1,0.00%,0,0.00,Search,0.00%,0.00,0.00
pool coping suppliers,AI Max,None,Fairfax-Search-Search - Deck Leads - VA - May 2025,Deck + Patio / Outdoor Living,USD,0.00,0,1,0.00%,0,0.00,Search,0.00%,0.00,0.00
eva last infinity decking,AI Max,None,Fairfax-Search-Search - Deck Leads - VA - May 2025,Deck + Patio / Outdoor Living,USD,0.00,0,1,0.00%,0,0.00,Search,0.00%,0.00,0.00
decks and sheds,AI Max,None,Fairfax-Search-Search - Deck Leads - VA - May 2025,Deck + Patio / Outdoor Living,USD,0.00,0,1,0.00%,0,0.00,Search,0.00%,0.00,0.00
decking material,AI Max,None,Fairfax-Search-Search - Deck Leads - VA - May 2025,Deck Builders Near Me,USD,0.00,0,1,0.00%,0,0.00,Search,0.00%,0.00,0.00
landscape patio near me,Performance Max,None,PMAX cu remarketing, --,USD,0.00,0,1,0.00%,0,0.00,Performance Max,0.00%,0.00,0.00
installing deck lattice,Performance Max,None,PMAX cu remarketing, --,USD,0.00,0,1,0.00%,0,0.00,Performance Max,0.00%,0.00,0.00
costco deck tile,Performance Max,None,PMAX cu remarketing, --,USD,0.00,0,1,0.00%,0,0.00,Performance Max,0.00%,0.00,0.00
wood deck railing for stairs,Performance Max,None,PMAX cu remarketing, --,USD,0.00,0,1,0.00%,0,0.00,Performance Max,0.00%,0.00,0.00
door installation near me,Performance Max,None,PMAX cu remarketing, --,USD,0.00,0,2,0.00%,0,0.00,Performance Max,0.00%,0.00,0.00
constructeur de deck,Performance Max,None,PMAX cu remarketing, --,USD,0.00,0,1,0.00%,0,0.00,Performance Max,0.00%,0.00,0.00
timbertech composite,Performance Max,None,PMAX cu remarketing, --,USD,0.00,0,1,0.00%,0,0.00,Performance Max,0.00%,0.00,0.00
landscape companies in my area,Performance Max,None,PMAX cu remarketing, --,USD,1103.33,3,6,50.00%,2.21,6.62,Performance Max,0.00%,0.00,0.00
cleaning hardie board siding,Performance Max,None,PMAX cu remarketing, --,USD,0.00,0,1,0.00%,0,0.00,Performance Max,0.00%,0.00,0.00
average cost to build a patio cover,Performance Max,None,PMAX cu remarketing, --,USD,0.00,0,1,0.00%,0,0.00,Performance Max,0.00%,0.00,0.00
homeowner association,Performance Max,None,PMAX cu remarketing, --,USD,0.00,0,1,0.00%,0,0.00,Performance Max,0.00%,0.00,0.00
nova pressure washing,Performance Max,None,PMAX cu remarketing, --,USD,0.00,0,1,0.00%,0,0.00,Performance Max,0.00%,0.00,0.00
deck boards reviews,Performance Max,None,PMAX cu remarketing, --,USD,0.00,0,1,0.00%,0,0.00,Performance Max,0.00%,0.00,0.00
backyard contractors near me,Performance Max,None,PMAX cu remarketing, --,USD,0.00,0,1,0.00%,0,0.00,Performance Max,0.00%,0.00,0.00
buy composite boards,Performance Max,None,PMAX cu remarketing, --,USD,0.00,0,1,0.00%,0,0.00,Performance Max,0.00%,0.00,0.00
deck staining and sealing,Performance Max,None,PMAX cu remarketing, --,USD,0.00,0,4,0.00%,0,0.00,Performance Max,0.00%,0.00,0.00
american home contractors,Performance Max,None,PMAX cu remarketing, --,USD,0.00,0,1,0.00%,0,0.00,Performance Max,0.00%,0.00,0.00
composite deck cleaning near me,Performance Max,None,PMAX cu remarketing, --,USD,0.00,0,2,0.00%,0,0.00,Performance Max,0.00%,0.00,0.00
motorized screens for patio,Broad match,None,loudoun decks,Deck Builder - Brambleton,USD,0.00,0,1,0.00%,0,0.00,Search,0.00%,0.00,0.00
trex deck alternative,Phrase match (close variant),None,loudoun decks,Deck Builder - Brambleton,USD,0.00,0,1,0.00%,0,0.00,Search,0.00%,0.00,0.00
building and development,AI Max,None,loudoun decks,Deck Builder - Arcola,USD,0.00,0,1,0.00%,0,0.00,Search,0.00%,0.00,0.00
rolling suds,AI Max,None,loudoun decks,Loudoun Decks,USD,0.00,0,2,0.00%,0,0.00,Search,0.00%,0.00,0.00
backyard builders,Broad match,None,loudoun decks,Deck Builder - Brambleton,USD,0.00,0,1,0.00%,0,0.00,Search,0.00%,0.00,0.00
colonial hardwoods,AI Max,None,loudoun decks,Deck Builder - Leesburg,USD,0.00,0,1,0.00%,0,0.00,Search,0.00%,0.00,0.00
grey indian sandstone near me,Broad match,None,loudoun decks,Deck Builder - Brambleton,USD,0.00,0,1,0.00%,0,0.00,Search,0.00%,0.00,0.00
patios modernos,AI Max,None,loudoun decks,Deck Builder - Brambleton,USD,0.00,0,1,0.00%,0,0.00,Search,0.00%,0.00,0.00
trex deck,Phrase match (close variant),None,loudoun decks,Deck Builder - Brambleton,USD,0.00,0,2,0.00%,0,0.00,Search,0.00%,0.00,0.00
wood deck,Phrase match (close variant),None,loudoun decks,Deck Builder - Brambleton,USD,0.00,0,3,0.00%,0,0.00,Search,0.00%,0.00,0.00
timbertech,AI Max,None,loudoun decks,Deck Builder - Middleburg,USD,0.00,0,1,0.00%,0,0.00,Search,0.00%,0.00,0.00
trex dealers,AI Max,None,loudoun decks,Deck Builder - Aldie,USD,0.00,0,1,0.00%,0,0.00,Search,0.00%,0.00,0.00
wood landing and steps,Broad match,None,loudoun decks,Deck Builder - Brambleton,USD,1620.00,1,1,100.00%,1.62,1.62,Search,0.00%,0.00,0.00
trex honey grove decking,AI Max,None,Premium Composite Decks,Ad group 1,USD,522.00,1,5,20.00%,2.61,2.61,Search,0.00%,0.00,0.00
washington dc deck contractors,AI Max,None,Premium Composite Decks,Ad group 1,USD,0.00,0,5,0.00%,0,0.00,Search,0.00%,0.00,0.00
aluminum deck railing installation,AI Max,None,Premium Composite Decks,Ad group 1,USD,0.00,0,1,0.00%,0,0.00,Search,0.00%,0.00,0.00
pebble gray trex decking,AI Max,None,Premium Composite Decks,Ad group 1,USD,0.00,0,1,0.00%,0,0.00,Search,0.00%,0.00,0.00
construction company dc,AI Max,None,Premium Composite Decks,Ad group 1,USD,0.00,0,1,0.00%,0,0.00,Search,0.00%,0.00,0.00
buy deck,AI Max,None,Premium Composite Decks,Ad group 1,USD,0.00,0,2,0.00%,0,0.00,Search,0.00%,0.00,0.00
triple r construction,AI Max,None,Premium Composite Decks,Ad group 1,USD,0.00,0,2,0.00%,0,0.00,Search,0.00%,0.00,0.00
fiberon vs trex,AI Max,None,Premium Composite Decks,Ad group 1,USD,0.00,0,1,0.00%,0,0.00,Search,0.00%,0.00,0.00
nav construction,AI Max,None,Premium Composite Decks,Ad group 1,USD,0.00,0,1,0.00%,0,0.00,Search,0.00%,0.00,0.00
patio pavers,AI Max,None,Premium Composite Decks,Ad group 1,USD,0.00,0,5,0.00%,0,0.00,Search,0.00%,0.00,0.00
deck installer,Exact match (close variant),None,Premium Composite Decks,Ad group 1,USD,0.00,0,1,0.00%,0,0.00,Search,0.00%,0.00,0.00
azek decking,AI Max,None,Premium Composite Decks,Ad group 1,USD,0.00,0,7,0.00%,0,0.00,Search,0.00%,0.00,0.00
powerhouse remodeling,AI Max,None,Premium Composite Decks,Ad group 1,USD,0.00,0,1,0.00%,0,0.00,Search,0.00%,0.00,0.00
suntastic decks,AI Max,None,Deck Repair - Loudoun County,Deck Repair - Loudoun County,USD,0.00,0,3,0.00%,0,0.00,Search,0.00%,0.00,0.00
patio deck repair near me,Exact match,Added,Deck Repair - Loudoun County,Deck Repair - Loudoun County,USD,0.00,0,1,0.00%,0,0.00,Search,0.00%,0.00,0.00
replace deck boards,Exact match,Added,Deck Repair - Loudoun County,Deck Repair - Loudoun County,USD,0.00,0,1,0.00%,0,0.00,Search,0.00%,0.00,0.00
refurbish deck,Exact match (close variant),None,Deck Repair - Loudoun County,Deck Repair - Loudoun County,USD,0.00,0,1,0.00%,0,0.00,Search,0.00%,0.00,0.00
deck inspection and repair,AI Max,None,Deck Repair - Loudoun County,Deck Contractors Northern VA,USD,0.00,0,1,0.00%,0,0.00,Search,0.00%,0.00,0.00
building a composite deck,AI Max,None,Deck Repair - Loudoun County,Composite - Trex Repair,USD,0.00,0,2,0.00%,0,0.00,Search,0.00%,0.00,0.00
pw home improvement,AI Max,None,Deck Repair - Loudoun County,Deck Repair - Loudoun County,USD,0.00,0,2,0.00%,0,0.00,Search,0.00%,0.00,0.00
landed landscapes,AI Max,None,Fairfax-Search-Search - Deck Leads - VA - May 2025,Deck + Patio / Outdoor Living,USD,0.00,0,1,0.00%,0,0.00,Search,0.00%,0.00,0.00
stoneridge decks & outdoor living,AI Max,None,Fairfax-Search-Search - Deck Leads - VA - May 2025,Deck Builders Near Me,USD,0.00,0,1,0.00%,0,0.00,Search,0.00%,0.00,0.00
elevated contracting,Performance Max,None,PMAX cu remarketing, --,USD,0.00,0,1,0.00%,0,0.00,Performance Max,0.00%,0.00,0.00
docks,Performance Max,None,PMAX cu remarketing, --,USD,0.00,0,1,0.00%,0,0.00,Performance Max,0.00%,0.00,0.00
restain wood deck,Performance Max,None,PMAX cu remarketing, --,USD,0.00,0,1,0.00%,0,0.00,Performance Max,0.00%,0.00,0.00
prince william county permits and inspections,Performance Max,None,PMAX cu remarketing, --,USD,0.00,0,4,0.00%,0,0.00,Performance Max,0.00%,0.00,0.00
landscapers manassas virginia,Performance Max,None,PMAX cu remarketing, --,USD,0.00,0,1,0.00%,0,0.00,Performance Max,0.00%,0.00,0.00
mill to you,Performance Max,None,PMAX cu remarketing, --,USD,0.00,0,2,0.00%,0,0.00,Performance Max,0.00%,0.00,0.00
building patio deck,Performance Max,None,PMAX cu remarketing, --,USD,0.00,0,1,0.00%,0,0.00,Performance Max,0.00%,0.00,0.00
general contractors manassas va,Performance Max,None,PMAX cu remarketing, --,USD,0.00,0,1,0.00%,0,0.00,Performance Max,0.00%,0.00,0.00
replacing porch columns,Performance Max,None,PMAX cu remarketing, --,USD,0.00,0,1,0.00%,0,0.00,Performance Max,0.00%,0.00,0.00
stone tower pergola,Performance Max,None,PMAX cu remarketing, --,USD,0.00,0,1,0.00%,0,0.00,Performance Max,0.00%,0.00,0.00
2 level deck ideas,Performance Max,None,PMAX cu remarketing, --,USD,0.00,0,1,0.00%,0,0.00,Performance Max,0.00%,0.00,0.00
grey decks,Performance Max,None,PMAX cu remarketing, --,USD,0.00,0,1,0.00%,0,0.00,Performance Max,0.00%,0.00,0.00
wholesale composite decking near me,Performance Max,None,PMAX cu remarketing, --,USD,0.00,0,1,0.00%,0,0.00,Performance Max,0.00%,0.00,0.00
smoot lumber company,Performance Max,None,PMAX cu remarketing, --,USD,0.00,0,1,0.00%,0,0.00,Performance Max,0.00%,0.00,0.00
how much is a new deck,Phrase match (close variant),None,SRCH | Replacement + Resurfacing | 3 Counties | Calls,Deck Replacement,USD,0.00,0,2,0.00%,0,0.00,Search,0.00%,0.00,0.00
deck wrap,AI Max,None,loudoun decks,Deck Builder - Aldie,USD,0.00,0,1,0.00%,0,0.00,Search,0.00%,0.00,0.00
covered patio attached to house,AI Max,None,loudoun decks,Deck Builder - Sterling,USD,0.00,0,1,0.00%,0,0.00,Search,0.00%,0.00,0.00
outdoor living,AI Max,None,loudoun decks,Deck Builder - Hamilton,USD,0.00,0,2,0.00%,0,0.00,Search,0.00%,0.00,0.00
patio near me,Broad match,None,loudoun decks,Deck Builder - Brambleton,USD,0.00,0,2,0.00%,0,0.00,Search,0.00%,0.00,0.00
deck and dock,Phrase match (close variant),None,loudoun decks,Deck Builder - Brambleton,USD,0.00,0,2,0.00%,0,0.00,Search,0.00%,0.00,0.00
home builders near me,AI Max,None,loudoun decks,Deck Builder - Round Hill,USD,0.00,0,1,0.00%,0,0.00,Search,0.00%,0.00,0.00
cassella design and build,AI Max,None,loudoun decks,Deck Builder - Lovettsville,USD,0.00,0,1,0.00%,0,0.00,Search,0.00%,0.00,0.00
decked out landscapes,AI Max,None,loudoun decks,Deck Builder - South Riding,USD,0.00,0,1,0.00%,0,0.00,Search,0.00%,0.00,0.00
deck inspector,Broad match,None,loudoun decks,Deck Builder - Brambleton,USD,0.00,0,1,0.00%,0,0.00,Search,0.00%,0.00,0.00
enclosed outdoor deck,AI Max,None,loudoun decks,Deck Builder - South Riding,USD,0.00,0,1,0.00%,0,0.00,Search,0.00%,0.00,0.00
backyard gazebo,Performance Max,None,Pmax - Dec4, --,USD,0.00,0,2,0.00%,0,0.00,Performance Max,0.00%,0.00,0.00
power washing services,Performance Max,None,Pmax - Dec4, --,USD,0.00,0,1,0.00%,0,0.00,Performance Max,0.00%,0.00,0.00
deck inspection,Performance Max,None,Pmax - Dec4, --,USD,0.00,0,5,0.00%,0,0.00,Performance Max,0.00%,0.00,0.00
spiced rum trex,AI Max,None,Premium Composite Decks,Ad group 1,USD,0.00,0,1,0.00%,0,0.00,Search,0.00%,0.00,0.00
decks and patios near me,AI Max,None,Premium Composite Decks,Ad group 1,USD,0.00,0,1,0.00%,0,0.00,Search,0.00%,0.00,0.00
any construction company near me,AI Max,None,Premium Composite Decks,Ad group 1,USD,0.00,0,1,0.00%,0,0.00,Search,0.00%,0.00,0.00
decking floor,AI Max,None,Premium Composite Decks,Ad group 1,USD,0.00,0,1,0.00%,0,0.00,Search,0.00%,0.00,0.00
signature deck & pergola co,AI Max,None,Premium Composite Decks,Ad group 1,USD,0.00,0,1,0.00%,0,0.00,Search,0.00%,0.00,0.00
amish deck builders near me,AI Max,None,Premium Composite Decks,Ad group 1,USD,0.00,0,2,0.00%,0,0.00,Search,0.00%,0.00,0.00
local lumber yards,AI Max,None,Premium Composite Decks,Ad group 1,USD,0.00,0,3,0.00%,0,0.00,Search,0.00%,0.00,0.00
deck maintenance,AI Max,None,Premium Composite Decks,Ad group 1,USD,0.00,0,6,0.00%,0,0.00,Search,0.00%,0.00,0.00
building a deck off your house,AI Max,None,Premium Composite Decks,Ad group 1,USD,0.00,0,2,0.00%,0,0.00,Search,0.00%,0.00,0.00
porch builder,AI Max,None,Premium Composite Decks,Ad group 1,USD,0.00,0,1,0.00%,0,0.00,Search,0.00%,0.00,0.00
cost of trex deck per sq ft,AI Max,None,Premium Composite Decks,Ad group 1,USD,0.00,0,1,0.00%,0,0.00,Search,0.00%,0.00,0.00
renu hand deck pond builders,AI Max,None,Premium Composite Decks,Ad group 1,USD,0.00,0,1,0.00%,0,0.00,Search,0.00%,0.00,0.00
decks design ideas,AI Max,None,Premium Composite Decks,Ad group 1,USD,0.00,0,1,0.00%,0,0.00,Search,0.00%,0.00,0.00
cost of replacing deck boards,AI Max,None,Deck Repair - Loudoun County,Deck Repair - Loudoun County,USD,0.00,0,3,0.00%,0,0.00,Search,0.00%,0.00,0.00
resurfacing decks,Exact match (close variant),None,Deck Repair - Loudoun County,Deck Repair - Loudoun County,USD,0.00,0,1,0.00%,0,0.00,Search,0.00%,0.00,0.00
decking,AI Max,None,Fairfax-Search-Search - Deck Leads - VA - May 2025,Deck + Patio / Outdoor Living,USD,0.00,0,3,0.00%,0,0.00,Search,0.00%,0.00,0.00
oldcastle pavers,AI Max,None,Fairfax-Search-Search - Deck Leads - VA - May 2025,Deck + Patio / Outdoor Living,USD,0.00,0,1,0.00%,0,0.00,Search,0.00%,0.00,0.00
low profile deck build,AI Max,None,Fairfax-Search-Search - Deck Leads - VA - May 2025,Composite Decking,USD,0.00,0,1,0.00%,0,0.00,Search,0.00%,0.00,0.00
side way garden,AI Max,None,Fairfax-Search-Search - Deck Leads - VA - May 2025,Deck + Patio / Outdoor Living,USD,0.00,0,3,0.00%,0,0.00,Search,0.00%,0.00,0.00
backyard patio,AI Max,None,Fairfax-Search-Search - Deck Leads - VA - May 2025,Deck + Patio / Outdoor Living,USD,0.00,0,1,0.00%,0,0.00,Search,0.00%,0.00,0.00
best deck builders northern virginia,Phrase match (close variant),None,Fairfax-Search-Search - Deck Leads - VA - May 2025,Deck + Patio / Outdoor Living,USD,0.00,0,1,0.00%,0,0.00,Search,0.00%,0.00,0.00
cm hardscapes llc,AI Max,None,Fairfax-Search-Search - Deck Leads - VA - May 2025,Deck + Patio / Outdoor Living,USD,0.00,0,2,0.00%,0,0.00,Search,0.00%,0.00,0.00
cornerstone deck company,AI Max,None,Fairfax-Search-Search - Deck Leads - VA - May 2025,Deck + Patio / Outdoor Living,USD,0.00,0,1,0.00%,0,0.00,Search,0.00%,0.00,0.00
patio pavers near me,AI Max,None,Fairfax-Search-Search - Deck Leads - VA - May 2025,Deck + Patio / Outdoor Living,USD,0.00,0,1,0.00%,0,0.00,Search,0.00%,0.00,0.00
hardscaping near me,AI Max,None,Fairfax-Search-Search - Deck Leads - VA - May 2025,Deck + Patio / Outdoor Living,USD,0.00,0,1,0.00%,0,0.00,Search,0.00%,0.00,0.00
contractors winchester va,Performance Max,None,PMAX cu remarketing, --,USD,0.00,0,1,0.00%,0,0.00,Performance Max,0.00%,0.00,0.00
laying a patio,Performance Max,None,PMAX cu remarketing, --,USD,0.00,0,1,0.00%,0,0.00,Performance Max,0.00%,0.00,0.00
best decking companies near me,Performance Max,None,PMAX cu remarketing, --,USD,0.00,0,1,0.00%,0,0.00,Performance Max,0.00%,0.00,0.00
decking companies near me,Performance Max,None,PMAX cu remarketing, --,USD,0.00,0,2,0.00%,0,0.00,Performance Max,0.00%,0.00,0.00
everything you need to know about power washing,Performance Max,None,PMAX cu remarketing, --,USD,0.00,0,1,0.00%,0,0.00,Performance Max,0.00%,0.00,0.00
tw perry gaithersburg md,Performance Max,None,PMAX cu remarketing, --,USD,0.00,0,1,0.00%,0,0.00,Performance Max,0.00%,0.00,0.00
composite decking stairs installation,Performance Max,None,PMAX cu remarketing, --,USD,0.00,0,1,0.00%,0,0.00,Performance Max,0.00%,0.00,0.00
from porch,Performance Max,None,PMAX cu remarketing, --,USD,0.00,0,1,0.00%,0,0.00,Performance Max,0.00%,0.00,0.00
deck board replacement labor cost,Performance Max,None,PMAX cu remarketing, --,USD,0.00,0,1,0.00%,0,0.00,Performance Max,0.00%,0.00,0.00
dura deck,Performance Max,None,PMAX cu remarketing, --,USD,0.00,0,1,0.00%,0,0.00,Performance Max,0.00%,0.00,0.00
patio makeover,Performance Max,None,PMAX cu remarketing, --,USD,0.00,0,2,0.00%,0,0.00,Performance Max,0.00%,0.00,0.00
building a pergola,Performance Max,None,PMAX cu remarketing, --,USD,0.00,0,1,0.00%,0,0.00,Performance Max,0.00%,0.00,0.00
how to build outside deck stairs,Performance Max,None,PMAX cu remarketing, --,USD,0.00,0,1,0.00%,0,0.00,Performance Max,0.00%,0.00,0.00
deck builder fairfax va,Performance Max,None,PMAX cu remarketing, --,USD,0.00,0,2,0.00%,0,0.00,Performance Max,0.00%,0.00,0.00
hardscape company,Performance Max,None,PMAX cu remarketing, --,USD,0.00,0,1,0.00%,0,0.00,Performance Max,0.00%,0.00,0.00
how to build patio deck,Performance Max,None,PMAX cu remarketing, --,USD,0.00,0,1,0.00%,0,0.00,Performance Max,0.00%,0.00,0.00
keystone kool deck,Phrase match (close variant),None,loudoun decks,Deck Builder - Brambleton,USD,0.00,0,1,0.00%,0,0.00,Search,0.00%,0.00,0.00
dmv contracting llc,Broad match,None,loudoun decks,Deck Builder - Brambleton,USD,0.00,0,1,0.00%,0,0.00,Search,0.00%,0.00,0.00
deck flooring options,AI Max,None,loudoun decks,Deck Builder - Round Hill,USD,0.00,0,1,0.00%,0,0.00,Search,0.00%,0.00,0.00
temporary outdoor deck,AI Max,None,loudoun decks,Deck Builder - Broadlands,USD,0.00,0,1,0.00%,0,0.00,Search,0.00%,0.00,0.00
harris construction,Broad match,None,loudoun decks,Deck Builder - Brambleton,USD,0.00,0,1,0.00%,0,0.00,Search,0.00%,0.00,0.00
stair contractor near me,Broad match,None,loudoun decks,Deck Builder - Brambleton,USD,0.00,0,1,0.00%,0,0.00,Search,0.00%,0.00,0.00
deckguru,AI Max,None,loudoun decks,Deck Builder - Brambleton,USD,0.00,0,1,0.00%,0,0.00,Search,0.00%,0.00,0.00
patio near me,AI Max,None,loudoun decks,Deck Builder - Leesburg,USD,0.00,0,1,0.00%,0,0.00,Search,0.00%,0.00,0.00
contractors,AI Max,None,loudoun decks,Deck Builder - Middleburg,USD,0.00,0,1,0.00%,0,0.00,Search,0.00%,0.00,0.00
perfect landscapes llc,Broad match,None,loudoun decks,Deck Builder - Brambleton,USD,0.00,0,1,0.00%,0,0.00,Search,0.00%,0.00,0.00
decks & plus,AI Max,None,loudoun decks,Deck Builder - Round Hill,USD,0.00,0,2,0.00%,0,0.00,Search,0.00%,0.00,0.00
trex decks,Phrase match (close variant),None,loudoun decks,Deck Builder - Brambleton,USD,0.00,0,2,0.00%,0,0.00,Search,0.00%,0.00,0.00
patio design,Performance Max,None,Pmax - Dec4, --,USD,0.00,0,1,0.00%,0,0.00,Performance Max,0.00%,0.00,0.00
deck removal,Performance Max,None,Pmax - Dec4, --,USD,0.00,0,1,0.00%,0,0.00,Performance Max,0.00%,0.00,0.00
backyard,AI Max,None,Premium Composite Decks,Ad group 1,USD,0.00,0,2,0.00%,0,0.00,Search,0.00%,0.00,0.00
build a boardwalk,AI Max,None,Premium Composite Decks,Ad group 1,USD,0.00,0,1,0.00%,0,0.00,Search,0.00%,0.00,0.00
fairfax landscaping,AI Max,None,Premium Composite Decks,Ad group 1,USD,0.00,0,1,0.00%,0,0.00,Search,0.00%,0.00,0.00
deck frame,AI Max,None,Premium Composite Decks,Ad group 1,USD,0.00,0,1,0.00%,0,0.00,Search,0.00%,0.00,0.00
garcias landscaping & remodeling inc,AI Max,None,Premium Composite Decks,Ad group 1,USD,4870.00,1,1,100.00%,4.87,4.87,Search,0.00%,0.00,0.00
trex enhance basics,AI Max,None,Premium Composite Decks,Ad group 1,USD,0.00,0,1,0.00%,0,0.00,Search,0.00%,0.00,0.00
atlantic deck,AI Max,None,Premium Composite Decks,Ad group 1,USD,0.00,0,2,0.00%,0,0.00,Search,0.00%,0.00,0.00
railing,AI Max,None,Premium Composite Decks,Ad group 1,USD,0.00,0,1,0.00%,0,0.00,Search,0.00%,0.00,0.00
silicone deck coating,AI Max,None,Deck Repair - Loudoun County,Deck Repair - Loudoun County,USD,0.00,0,1,0.00%,0,0.00,Search,0.00%,0.00,0.00
deck builders leesburg va,AI Max,None,Deck Repair - Loudoun County,Deck Repair - Loudoun County,USD,14450.00,1,1,100.00%,14.45,14.45,Search,0.00%,0.00,0.00
how much does a deck cover cost,AI Max,None,Deck Repair - Loudoun County,Deck Repair - Loudoun County,USD,0.00,0,1,0.00%,0,0.00,Search,0.00%,0.00,0.00
indoor outdoor deck,Broad match,None,Deck Repair - Loudoun County,Deck Renovation,USD,0.00,0,1,0.00%,0,0.00,Search,0.00%,0.00,0.00
cracks in deck posts,AI Max,None,Deck Repair - Loudoun County,Deck Repair - Loudoun County,USD,0.00,0,1,0.00%,0,0.00,Search,0.00%,0.00,0.00
composite decking installation cost,Phrase match (close variant),None,SRCH | Composite | 3 Counties | Calls,Composite Deck Builder,USD,0.00,0,1,0.00%,0,0.00,Search,0.00%,0.00,0.00
ipe hardwood decking,AI Max,None,Fairfax-Search-Search - Deck Leads - VA - May 2025,Deck Builders Near Me,USD,0.00,0,1,0.00%,0,0.00,Search,0.00%,0.00,0.00
paving near me,AI Max,None,Fairfax-Search-Search - Deck Leads - VA - May 2025,Deck + Patio / Outdoor Living,USD,0.00,0,1,0.00%,0,0.00,Search,0.00%,0.00,0.00
overhangs for patios,AI Max,None,Fairfax-Search-Search - Deck Leads - VA - May 2025,Deck + Patio / Outdoor Living,USD,480.00,1,1,100.00%,0.48,0.48,Search,0.00%,0.00,0.00
legend contracting llc,AI Max,None,Fairfax-Search-Search - Deck Leads - VA - May 2025,Deck Builders Near Me,USD,0.00,0,1,0.00%,0,0.00,Search,0.00%,0.00,0.00
w e landscaping,Performance Max,None,PMAX cu remarketing, --,USD,0.00,0,1,0.00%,0,0.00,Performance Max,0.00%,0.00,0.00
landscaper alexandria va,Performance Max,None,PMAX cu remarketing, --,USD,0.00,0,1,0.00%,0,0.00,Performance Max,0.00%,0.00,0.00
stone center manassas va,Performance Max,None,PMAX cu remarketing, --,USD,0.00,0,1,0.00%,0,0.00,Performance Max,0.00%,0.00,0.00
best way to stain a deck,Performance Max,None,PMAX cu remarketing, --,USD,0.00,0,1,0.00%,0,0.00,Performance Max,0.00%,0.00,0.00
stairs near me,Performance Max,None,PMAX cu remarketing, --,USD,0.00,0,1,0.00%,0,0.00,Performance Max,0.00%,0.00,0.00
how much to build a deck,Performance Max,None,PMAX cu remarketing, --,USD,0.00,0,3,0.00%,0,0.00,Performance Max,0.00%,0.00,0.00
deck refinishing contractors,Performance Max,None,PMAX cu remarketing, --,USD,0.00,0,1,0.00%,0,0.00,Performance Max,0.00%,0.00,0.00
how to fix a porch,Performance Max,None,PMAX cu remarketing, --,USD,0.00,0,1,0.00%,0,0.00,Performance Max,0.00%,0.00,0.00
outdoor near me,Performance Max,None,PMAX cu remarketing, --,USD,0.00,0,1,0.00%,0,0.00,Performance Max,0.00%,0.00,0.00
deckman dc reviews,Performance Max,None,PMAX cu remarketing, --,USD,0.00,0,1,0.00%,0,0.00,Performance Max,0.00%,0.00,0.00
wood restoration services near me,Performance Max,None,PMAX cu remarketing, --,USD,0.00,0,2,0.00%,0,0.00,Performance Max,0.00%,0.00,0.00
covered deck,Performance Max,None,PMAX cu remarketing, --,USD,0.00,0,1,0.00%,0,0.00,Performance Max,0.00%,0.00,0.00
deck builder northern virginia,Performance Max,None,PMAX cu remarketing, --,USD,0.00,0,2,0.00%,0,0.00,Performance Max,0.00%,0.00,0.00
trex deck,AI Max,None,loudoun decks,Deck Builder - Aldie,USD,0.00,0,1,0.00%,0,0.00,Search,0.00%,0.00,0.00
deck companies near me,Exact match (close variant),None,loudoun decks,Deck Builder - Leesburg,USD,0.00,0,3,0.00%,0,0.00,Search,0.00%,0.00,0.00
deck companies near me,Exact match (close variant),None,loudoun decks,Deck Builder - Middleburg,USD,0.00,0,1,0.00%,0,0.00,Search,0.00%,0.00,0.00
loudoun property solutions,AI Max,None,loudoun decks,Deck Builder - Brambleton,USD,0.00,0,1,0.00%,0,0.00,Search,0.00%,0.00,0.00
patio enclosure,Broad match,None,loudoun decks,Deck Builder - Brambleton,USD,0.00,0,1,0.00%,0,0.00,Search,0.00%,0.00,0.00
maryland deck builders llc,AI Max,None,loudoun decks,Deck Builder - Broadlands,USD,0.00,0,1,0.00%,0,0.00,Search,0.00%,0.00,0.00
deck contractors near me,Exact match (close variant),None,loudoun decks,Deck Builder - Middleburg,USD,0.00,0,3,0.00%,0,0.00,Search,0.00%,0.00,0.00
black locust posts near me,Broad match,None,loudoun decks,Deck Builder - Brambleton,USD,0.00,0,1,0.00%,0,0.00,Search,0.00%,0.00,0.00
carpenters near me,AI Max,None,loudoun decks,Deck Builder - Round Hill,USD,0.00,0,1,0.00%,0,0.00,Search,0.00%,0.00,0.00
deck builder near me,Exact match,Added,loudoun decks,Deck Builder - Potomac Falls,USD,0.00,0,7,0.00%,0,0.00,Search,0.00%,0.00,0.00
patios trasero,AI Max,None,loudoun decks,Deck Builder - Brambleton,USD,0.00,0,1,0.00%,0,0.00,Search,0.00%,0.00,0.00
low deck,Phrase match (close variant),None,loudoun decks,Deck Builder - Brambleton,USD,0.00,0,1,0.00%,0,0.00,Search,0.00%,0.00,0.00
alumashade,Broad match,None,loudoun decks,Deck Builder - Brambleton,USD,0.00,0,2,0.00%,0,0.00,Search,0.00%,0.00,0.00
deck replacement near me,AI Max,None,loudoun decks,Deck Builder - Potomac Falls,USD,0.00,0,1,0.00%,0,0.00,Search,0.00%,0.00,0.00
outdoor railings for steps installation,Broad match,None,loudoun decks,Deck Builder - Brambleton,USD,0.00,0,1,0.00%,0,0.00,Search,0.00%,0.00,0.00
deck building near me,Exact match (close variant),None,loudoun decks,Deck Builder - South Riding,USD,0.00,0,1,0.00%,0,0.00,Search,0.00%,0.00,0.00
middleburg millwork,AI Max,None,loudoun decks,Deck Builder - Round Hill,USD,0.00,0,1,0.00%,0,0.00,Search,0.00%,0.00,0.00
cost to build deck stairs,Performance Max,None,Pmax - Dec4, --,USD,0.00,0,1,0.00%,0,0.00,Performance Max,0.00%,0.00,0.00
outdoor spaces,Performance Max,None,Pmax - Dec4, --,USD,0.00,0,1,0.00%,0,0.00,Performance Max,0.00%,0.00,0.00
fiberon composite,AI Max,None,Premium Composite Decks,Ad group 1,USD,0.00,0,1,0.00%,0,0.00,Search,0.00%,0.00,0.00
cost of wrap around deck,AI Max,None,Premium Composite Decks,Ad group 1,USD,0.00,0,1,0.00%,0,0.00,Search,0.00%,0.00,0.00
turning deck into screened in porch,AI Max,None,Premium Composite Decks,Ad group 1,USD,0.00,0,1,0.00%,0,0.00,Search,0.00%,0.00,0.00
under deck waterproofing system,AI Max,None,Premium Composite Decks,Ad group 1,USD,0.00,0,1,0.00%,0,0.00,Search,0.00%,0.00,0.00
need a patio built,AI Max,None,Premium Composite Decks,Ad group 1,USD,0.00,0,1,0.00%,0,0.00,Search,0.00%,0.00,0.00
winchester gray trex,AI Max,None,Premium Composite Decks,Ad group 1,USD,0.00,0,1,0.00%,0,0.00,Search,0.00%,0.00,0.00
screened in porch build,AI Max,None,Premium Composite Decks,Ad group 1,USD,0.00,0,1,0.00%,0,0.00,Search,0.00%,0.00,0.00
loudoun construction,AI Max,None,Deck Repair - Loudoun County,Deck Replacement,USD,0.00,0,1,0.00%,0,0.00,Search,0.00%,0.00,0.00
deck construction,Exact match (close variant),None,Deck Repair - Loudoun County,Deck Replacement,USD,0.00,0,6,0.00%,0,0.00,Search,0.00%,0.00,0.00
how much does deck refinishing cost,AI Max,None,Deck Repair - Loudoun County,Deck Repair - Loudoun County,USD,2060.22,1,2,50.00%,4.12,4.12,Search,200.00%,2.00,2.06
deck repair northern virginia,AI Max,None,Deck Repair - Loudoun County,Deck Repair - Loudoun County,USD,0.00,0,6,0.00%,0,0.00,Search,0.00%,0.00,0.00
steadfast builders,AI Max,None,Deck Repair - Loudoun County,Deck Renovation,USD,0.00,0,1,0.00%,0,0.00,Search,0.00%,0.00,0.00
timbertech brown oak,Phrase match (close variant),None,SRCH | Composite | 3 Counties | Calls,Composite Deck Cost,USD,0.00,0,1,0.00%,0,0.00,Search,0.00%,0.00,0.00
deck design,AI Max,None,Fairfax-Search-Search - Deck Leads - VA - May 2025,Deck Builders Near Me,USD,0.00,0,1,0.00%,0,0.00,Search,0.00%,0.00,0.00
deck problems,AI Max,None,Fairfax-Search-Search - Deck Leads - VA - May 2025,Deck Builders Near Me,USD,0.00,0,1,0.00%,0,0.00,Search,0.00%,0.00,0.00
concrete patio stamped,AI Max,None,Fairfax-Search-Search - Deck Leads - VA - May 2025,Deck + Patio / Outdoor Living,USD,0.00,0,2,0.00%,0,0.00,Search,0.00%,0.00,0.00
install trex decking,AI Max,None,Fairfax-Search-Search - Deck Leads - VA - May 2025,Deck + Patio / Outdoor Living,USD,0.00,0,1,0.00%,0,0.00,Search,0.00%,0.00,0.00
concrete companies in my area,AI Max,None,Fairfax-Search-Search - Deck Leads - VA - May 2025,Deck + Patio / Outdoor Living,USD,0.00,0,2,0.00%,0,0.00,Search,0.00%,0.00,0.00
deck fascia installation,AI Max,None,Fairfax-Search-Search - Deck Leads - VA - May 2025,Deck Builders Near Me,USD,0.00,0,1,0.00%,0,0.00,Search,0.00%,0.00,0.00
sunburst construction,Performance Max,None,PMAX cu remarketing, --,USD,0.00,0,17,0.00%,0,0.00,Performance Max,0.00%,0.00,0.00
sand old deck,Performance Max,None,PMAX cu remarketing, --,USD,0.00,0,1,0.00%,0,0.00,Performance Max,0.00%,0.00,0.00
under deck storage ideas,Performance Max,None,PMAX cu remarketing, --,USD,0.00,0,1,0.00%,0,0.00,Performance Max,0.00%,0.00,0.00
landscaping companies manassas va,Performance Max,None,PMAX cu remarketing, --,USD,0.00,0,1,0.00%,0,0.00,Performance Max,0.00%,0.00,0.00
above ground deck,Performance Max,None,PMAX cu remarketing, --,USD,0.00,0,2,0.00%,0,0.00,Performance Max,0.00%,0.00,0.00
closing in bottom of deck ideas,Performance Max,None,PMAX cu remarketing, --,USD,0.00,0,2,0.00%,0,0.00,Performance Max,0.00%,0.00,0.00
azek decking near me,Performance Max,None,PMAX cu remarketing, --,USD,0.00,0,1,0.00%,0,0.00,Performance Max,0.00%,0.00,0.00
azek composite decking,Performance Max,None,PMAX cu remarketing, --,USD,0.00,0,1,0.00%,0,0.00,Performance Max,0.00%,0.00,0.00
how to pressure wash vinyl siding,Performance Max,None,PMAX cu remarketing, --,USD,0.00,0,1,0.00%,0,0.00,Performance Max,0.00%,0.00,0.00
cheap fence builders,Performance Max,None,PMAX cu remarketing, --,USD,0.00,0,1,0.00%,0,0.00,Performance Max,0.00%,0.00,0.00
american powerclean,Performance Max,None,PMAX cu remarketing, --,USD,0.00,0,1,0.00%,0,0.00,Performance Max,0.00%,0.00,0.00
pvc railing for deck,Performance Max,None,PMAX cu remarketing, --,USD,0.00,0,2,0.00%,0,0.00,Performance Max,0.00%,0.00,0.00
inexpensive decking,Performance Max,None,PMAX cu remarketing, --,USD,0.00,0,1,0.00%,0,0.00,Performance Max,0.00%,0.00,0.00
composite decking,Performance Max,None,PMAX cu remarketing, --,USD,744.29,1,7,14.29%,5.21,5.21,Performance Max,0.00%,0.00,0.00
screened in deck,Performance Max,None,PMAX cu remarketing, --,USD,0.00,0,3,0.00%,0,0.00,Performance Max,0.00%,0.00,0.00
deck covering options,AI Max,None,loudoun decks,Deck Builder - Middleburg,USD,0.00,0,2,0.00%,0,0.00,Search,0.00%,0.00,0.00
best deck coating for old decks,AI Max,None,loudoun decks,Deck Builder - Middleburg,USD,0.00,0,1,0.00%,0,0.00,Search,0.00%,0.00,0.00
l&n construction,Broad match,None,loudoun decks,Deck Builder - Brambleton,USD,0.00,0,1,0.00%,0,0.00,Search,0.00%,0.00,0.00
screen enclosures,Broad match,None,loudoun decks,Deck Builder - Brambleton,USD,0.00,0,2,0.00%,0,0.00,Search,0.00%,0.00,0.00
decks direct,AI Max,None,loudoun decks,Loudoun Decks,USD,0.00,0,1,0.00%,0,0.00,Search,0.00%,0.00,0.00
decks and docks,AI Max,None,loudoun decks,Deck Builder - South Riding,USD,0.00,0,1,0.00%,0,0.00,Search,0.00%,0.00,0.00
deck board replacement near me,AI Max,None,loudoun decks,Deck Builder - Aldie,USD,0.00,0,1,0.00%,0,0.00,Search,0.00%,0.00,0.00
leo fence,Performance Max,None,Pmax - Dec4, --,USD,0.00,0,1,0.00%,0,0.00,Performance Max,0.00%,0.00,0.00
rd fence,Performance Max,None,Pmax - Dec4, --,USD,0.00,0,3,0.00%,0,0.00,Performance Max,0.00%,0.00,0.00
loudoun fence and deck,Performance Max,None,Pmax - Dec4, --,USD,0.00,0,2,0.00%,0,0.00,Performance Max,0.00%,0.00,0.00
fa outdoor spaces photos,AI Max,None,Premium Composite Decks,Ad group 1,USD,1310.00,1,2,50.00%,2.62,2.62,Search,0.00%,0.00,0.00
construction companies in northern va,AI Max,None,Premium Composite Decks,Ad group 1,USD,0.00,0,1,0.00%,0,0.00,Search,0.00%,0.00,0.00
patios northern virginia,AI Max,None,Premium Composite Decks,Ad group 1,USD,0.00,0,1,0.00%,0,0.00,Search,0.00%,0.00,0.00
costco pergola installation,AI Max,None,Premium Composite Decks,Ad group 1,USD,10720.00,1,1,100.00%,10.72,10.72,Search,0.00%,0.00,0.00
high end pergola,AI Max,None,Premium Composite Decks,Ad group 1,USD,0.00,0,2,0.00%,0,0.00,Search,0.00%,0.00,0.00
how long does azek last,AI Max,None,Premium Composite Decks,Ad group 1,USD,0.00,0,1,0.00%,0,0.00,Search,0.00%,0.00,0.00
home deck,AI Max,None,Premium Composite Decks,Ad group 1,USD,0.00,0,1,0.00%,0,0.00,Search,0.00%,0.00,0.00
deck material,AI Max,None,Premium Composite Decks,Ad group 1,USD,0.00,0,1,0.00%,0,0.00,Search,0.00%,0.00,0.00
composite dock,AI Max,None,Premium Composite Decks,Ad group 1,USD,0.00,0,1,0.00%,0,0.00,Search,0.00%,0.00,0.00
how often does a deck need to be replaced,AI Max,None,Premium Composite Decks,Ad group 1,USD,0.00,0,1,0.00%,0,0.00,Search,0.00%,0.00,0.00
deck company near me,Exact match (close variant),None,Premium Composite Decks,Ad group 1,USD,0.00,0,4,0.00%,0,0.00,Search,0.00%,0.00,0.00
already built decks for sale,AI Max,None,Premium Composite Decks,Ad group 1,USD,0.00,0,1,0.00%,0,0.00,Search,0.00%,0.00,0.00
r w murray co,AI Max,None,Premium Composite Decks,Ad group 1,USD,0.00,0,1,0.00%,0,0.00,Search,0.00%,0.00,0.00
loudoun deck repair llc,AI Max,None,Deck Repair - Loudoun County,Deck Repair - Loudoun County,USD,0.00,0,3,0.00%,0,0.00,Search,0.00%,0.00,0.00
shed repair,AI Max,None,Deck Repair - Loudoun County,Deck Repair - Loudoun County,USD,0.00,0,1,0.00%,0,0.00,Search,0.00%,0.00,0.00
best way to seal a deck,AI Max,None,Deck Repair - Loudoun County,Deck Repair - Loudoun County,USD,0.00,0,1,0.00%,0,0.00,Search,0.00%,0.00,0.00
deck medics,AI Max,None,Deck Repair - Loudoun County,Deck Repair - Loudoun County,USD,0.00,0,4,0.00%,0,0.00,Search,0.00%,0.00,0.00
trex biscayne decking,Phrase match (close variant),None,SRCH | Composite | 3 Counties | Calls,Composite Deck Cost,USD,0.00,0,1,0.00%,0,0.00,Search,0.00%,0.00,0.00
trex transcend lava rock composite decking,Phrase match (close variant),None,SRCH | Composite | 3 Counties | Calls,Composite Deck Cost,USD,0.00,0,1,0.00%,0,0.00,Search,0.00%,0.00,0.00
framing a deck,AI Max,None,Fairfax-Search-Search - Deck Leads - VA - May 2025,Composite Decking,USD,0.00,0,1,0.00%,0,0.00,Search,0.00%,0.00,0.00
driveway paving,AI Max,None,Fairfax-Search-Search - Deck Leads - VA - May 2025,Deck + Patio / Outdoor Living,USD,0.00,0,1,0.00%,0,0.00,Search,0.00%,0.00,0.00
decks near me,Performance Max,None,PMAX cu remarketing, --,USD,0.00,0,2,0.00%,0,0.00,Performance Max,0.00%,0.00,0.00
no dig floating deck,Performance Max,None,PMAX cu remarketing, --,USD,0.00,0,1,0.00%,0,0.00,Performance Max,0.00%,0.00,0.00
presidential exterior,Performance Max,None,PMAX cu remarketing, --,USD,0.00,0,1,0.00%,0,0.00,Performance Max,0.00%,0.00,0.00
deck ideas with roof,Performance Max,None,PMAX cu remarketing, --,USD,0.00,0,1,0.00%,0,0.00,Performance Max,0.00%,0.00,0.00
fencing company,Performance Max,None,PMAX cu remarketing, --,USD,0.00,0,1,0.00%,0,0.00,Performance Max,0.00%,0.00,0.00
composite deck boards,Performance Max,None,PMAX cu remarketing, --,USD,0.00,0,3,0.00%,0,0.00,Performance Max,0.00%,0.00,0.00
jc deck restoration,Performance Max,None,PMAX cu remarketing, --,USD,0.00,0,7,0.00%,0,0.00,Performance Max,0.00%,0.00,0.00
concrete patio under deck ideas,Performance Max,None,PMAX cu remarketing, --,USD,0.00,0,1,0.00%,0,0.00,Performance Max,0.00%,0.00,0.00
fa outdoor spaces photos,Performance Max,None,PMAX cu remarketing, --,USD,0.00,0,1,0.00%,0,0.00,Performance Max,0.00%,0.00,0.00
bognet construction,Performance Max,None,PMAX cu remarketing, --,USD,0.00,0,1,0.00%,0,0.00,Performance Max,0.00%,0.00,0.00
landscaping services near me,Performance Max,None,PMAX cu remarketing, --,USD,0.00,0,3,0.00%,0,0.00,Performance Max,0.00%,0.00,0.00
84 lumber manassas virginia,Performance Max,None,PMAX cu remarketing, --,USD,0.00,0,1,0.00%,0,0.00,Performance Max,0.00%,0.00,0.00
long fence commercial,Performance Max,None,PMAX cu remarketing, --,USD,0.00,0,2,0.00%,0,0.00,Performance Max,0.00%,0.00,0.00
clear cedar tongue and groove,Performance Max,None,PMAX cu remarketing, --,USD,0.00,0,1,0.00%,0,0.00,Performance Max,0.00%,0.00,0.00
deck and patio decor,Performance Max,None,PMAX cu remarketing, --,USD,0.00,0,2,0.00%,0,0.00,Performance Max,0.00%,0.00,0.00
replace old deck boards,Performance Max,None,PMAX cu remarketing, --,USD,0.00,0,2,0.00%,0,0.00,Performance Max,0.00%,0.00,0.00
local deck repair,Performance Max,None,PMAX cu remarketing, --,USD,0.00,0,1,0.00%,0,0.00,Performance Max,0.00%,0.00,0.00
ace fence decks & patio,Performance Max,None,PMAX cu remarketing, --,USD,0.00,0,2,0.00%,0,0.00,Performance Max,0.00%,0.00,0.00
landscapers near me near me,Performance Max,None,PMAX cu remarketing, --,USD,0.00,0,1,0.00%,0,0.00,Performance Max,0.00%,0.00,0.00
outdoor spaces design,AI Max,None,loudoun decks,Deck Builder - Brambleton,USD,0.00,0,1,0.00%,0,0.00,Search,0.00%,0.00,0.00
american cedar and millwork,AI Max,None,loudoun decks,Deck Builder - Leesburg,USD,0.00,0,2,0.00%,0,0.00,Search,0.00%,0.00,0.00
william construction,AI Max,None,loudoun decks,Deck Builder - Leesburg,USD,0.00,0,1,0.00%,0,0.00,Search,0.00%,0.00,0.00
diseño de patios,Broad match,None,loudoun decks,Deck Builder - Brambleton,USD,0.00,0,1,0.00%,0,0.00,Search,0.00%,0.00,0.00
backyard woodworking,Broad match,None,loudoun decks,Deck Builder - Brambleton,USD,0.00,0,1,0.00%,0,0.00,Search,0.00%,0.00,0.00
elite contractors llc,AI Max,None,loudoun decks,Deck Builder - South Riding,USD,0.00,0,1,0.00%,0,0.00,Search,0.00%,0.00,0.00
deck inspection near me,Performance Max,None,Pmax - Dec4, --,USD,0.00,0,2,0.00%,0,0.00,Performance Max,0.00%,0.00,0.00
builders fence,Performance Max,None,Pmax - Dec4, --,USD,0.00,0,5,0.00%,0,0.00,Performance Max,0.00%,0.00,0.00
fences,Performance Max,None,Pmax - Dec4, --,USD,0.00,0,1,0.00%,0,0.00,Performance Max,0.00%,0.00,0.00
siding nearby,Performance Max,None,Pmax - Dec4, --,USD,0.00,0,1,0.00%,0,0.00,Performance Max,0.00%,0.00,0.00
precise remodeling and construction,AI Max,None,Premium Composite Decks,Ad group 1,USD,0.00,0,1,0.00%,0,0.00,Search,0.00%,0.00,0.00
trex rainescape installation,AI Max,None,Premium Composite Decks,Ad group 1,USD,0.00,0,1,0.00%,0,0.00,Search,0.00%,0.00,0.00
trex deck builder,Exact match (close variant),None,Premium Composite Decks,Ad group 1,USD,12030.00,1,1,100.00%,12.03,12.03,Search,0.00%,0.00,0.00
house repair near me,AI Max,None,Deck Repair - Loudoun County,Deck Repair - Loudoun County,USD,1410.00,3,3,100.00%,1.41,4.23,Search,0.00%,0.00,0.00
screen in a deck,AI Max,None,Deck Repair - Loudoun County,Deck Repair - Loudoun County,USD,0.00,0,1,0.00%,0,0.00,Search,0.00%,0.00,0.00
decks alexandria va,AI Max,None,Deck Repair - Loudoun County,Deck Repair - Loudoun County,USD,0.00,0,1,0.00%,0,0.00,Search,0.00%,0.00,0.00
trex salt flat,Phrase match (close variant),None,SRCH | Composite | 3 Counties | Calls,Composite Deck Cost,USD,0.00,0,1,0.00%,0,0.00,Search,0.00%,0.00,0.00
tigerwood timbertech,Phrase match (close variant),None,SRCH | Composite | 3 Counties | Calls,Composite Deck Cost,USD,0.00,0,1,0.00%,0,0.00,Search,0.00%,0.00,0.00
trex,AI Max,None,Fairfax-Search-Search - Deck Leads - VA - May 2025,Deck Builders Near Me,USD,0.00,0,1,0.00%,0,0.00,Search,0.00%,0.00,0.00
best way to refinish a deck,AI Max,None,Fairfax-Search-Search - Deck Leads - VA - May 2025,Deck Builders Near Me,USD,0.00,0,1,0.00%,0,0.00,Search,0.00%,0.00,0.00
stoneridge decks & outdoor living,Phrase match (close variant),None,Fairfax-Search-Search - Deck Leads - VA - May 2025,Deck + Patio / Outdoor Living,USD,0.00,0,1,0.00%,0,0.00,Search,0.00%,0.00,0.00
natural stone pavers,AI Max,None,Premium Composite Decks,Ad group 1,USD,0.00,0,2,0.00%,0,0.00,Search,0.00%,0.00,0.00
how to extend a deck beam,AI Max,None,Premium Composite Decks,Ad group 1,USD,0.00,0,1,0.00%,0,0.00,Search,0.00%,0.00,0.00
trex winchester,AI Max,None,Premium Composite Decks,Ad group 1,USD,0.00,0,1,0.00%,0,0.00,Search,0.00%,0.00,0.00
outdoor patios,AI Max,None,Premium Composite Decks,Ad group 1,USD,0.00,0,1,0.00%,0,0.00,Search,0.00%,0.00,0.00
djfence,AI Max,None,Premium Composite Decks,Ad group 1,USD,0.00,0,1,0.00%,0,0.00,Search,0.00%,0.00,0.00
trex transcend fascia boards,AI Max,None,Premium Composite Decks,Ad group 1,USD,0.00,0,1,0.00%,0,0.00,Search,0.00%,0.00,0.00
deck staining,AI Max,Excluded,Premium Composite Decks,Ad group 1,USD,0.00,0,1,0.00%,0,0.00,Search,0.00%,0.00,0.00
building outdoor deck stairs,AI Max,None,Premium Composite Decks,Ad group 1,USD,0.00,0,1,0.00%,0,0.00,Search,0.00%,0.00,0.00
deck building,AI Max,None,Premium Composite Decks,Ad group 1,USD,0.00,0,4,0.00%,0,0.00,Search,0.00%,0.00,0.00
1.5 x 5.5 deck boards,AI Max,None,Premium Composite Decks,Ad group 1,USD,0.00,0,1,0.00%,0,0.00,Search,0.00%,0.00,0.00
azek kona decking price,AI Max,None,Premium Composite Decks,Ad group 1,USD,0.00,0,3,0.00%,0,0.00,Search,0.00%,0.00,0.00
power wash aluminum siding,Performance Max,None,PMAX cu remarketing, --,USD,0.00,0,1,0.00%,0,0.00,Performance Max,0.00%,0.00,0.00
deck and dock,Performance Max,None,PMAX cu remarketing, --,USD,0.00,0,1,0.00%,0,0.00,Performance Max,0.00%,0.00,0.00
corner gazebo with sun visor,Performance Max,None,PMAX cu remarketing, --,USD,0.00,0,1,0.00%,0,0.00,Performance Max,0.00%,0.00,0.00
american deck and patio,Performance Max,None,PMAX cu remarketing, --,USD,0.00,0,3,0.00%,0,0.00,Performance Max,0.00%,0.00,0.00
building exterior washing,Performance Max,None,PMAX cu remarketing, --,USD,0.00,0,3,0.00%,0,0.00,Performance Max,0.00%,0.00,0.00
how to restore old wooden deck,Performance Max,None,PMAX cu remarketing, --,USD,0.00,0,1,0.00%,0,0.00,Performance Max,0.00%,0.00,0.00
stamped concrete backyard,Performance Max,None,PMAX cu remarketing, --,USD,0.00,0,1,0.00%,0,0.00,Performance Max,0.00%,0.00,0.00
small porch remodel ideas,Performance Max,None,PMAX cu remarketing, --,USD,0.00,0,1,0.00%,0,0.00,Performance Max,0.00%,0.00,0.00
custom size gazebo,Performance Max,None,PMAX cu remarketing, --,USD,0.00,0,1,0.00%,0,0.00,Performance Max,0.00%,0.00,0.00
decking installers near me,Performance Max,None,PMAX cu remarketing, --,USD,0.00,0,2,0.00%,0,0.00,Performance Max,0.00%,0.00,0.00
landscapers near me,Performance Max,None,PMAX cu remarketing, --,USD,0.00,0,9,0.00%,0,0.00,Performance Max,0.00%,0.00,0.00
deck post replacement contractors,Performance Max,None,PMAX cu remarketing, --,USD,0.00,0,2,0.00%,0,0.00,Performance Max,0.00%,0.00,0.00
terrazas modernas,Performance Max,None,PMAX cu remarketing, --,USD,0.00,0,1,0.00%,0,0.00,Performance Max,0.00%,0.00,0.00
remodeling,Performance Max,None,PMAX cu remarketing, --,USD,0.00,0,1,0.00%,0,0.00,Performance Max,0.00%,0.00,0.00
metzger decks framing and more virginia,Performance Max,None,PMAX cu remarketing, --,USD,0.00,0,1,0.00%,0,0.00,Performance Max,0.00%,0.00,0.00
deck replacement near me,Performance Max,None,PMAX cu remarketing, --,USD,0.00,0,8,0.00%,0,0.00,Performance Max,0.00%,0.00,0.00
landscaping,Performance Max,None,PMAX cu remarketing, --,USD,0.00,0,7,0.00%,0,0.00,Performance Max,0.00%,0.00,0.00
rooftop deck ideas,Performance Max,None,PMAX cu remarketing, --,USD,0.00,0,1,0.00%,0,0.00,Performance Max,0.00%,0.00,0.00
cost to refinish a deck,Performance Max,None,PMAX cu remarketing, --,USD,0.00,0,1,0.00%,0,0.00,Performance Max,0.00%,0.00,0.00
power washing chantilly,Performance Max,None,PMAX cu remarketing, --,USD,0.00,0,1,0.00%,0,0.00,Performance Max,0.00%,0.00,0.00
deck services,Exact match (close variant),None,loudoun decks,Deck Builder - Middleburg,USD,0.00,0,1,0.00%,0,0.00,Search,0.00%,0.00,0.00
12x 12 deck,Phrase match (close variant),None,loudoun decks,Deck Builder - Brambleton,USD,0.00,0,1,0.00%,0,0.00,Search,0.00%,0.00,0.00
fletcher construction,AI Max,None,loudoun decks,Deck Builder - Round Hill,USD,0.00,0,1,0.00%,0,0.00,Search,0.00%,0.00,0.00
deck and patio,Broad match,None,loudoun decks,Deck Builder - Brambleton,USD,0.00,0,1,0.00%,0,0.00,Search,0.00%,0.00,0.00
decks without railings,AI Max,None,loudoun decks,Deck Builder - Aldie,USD,0.00,0,1,0.00%,0,0.00,Search,0.00%,0.00,0.00
deck trex,AI Max,None,loudoun decks,Deck Builder - Arcola,USD,0.00,0,1,0.00%,0,0.00,Search,0.00%,0.00,0.00
pro deck construction,AI Max,None,loudoun decks,Deck Builder - Hamilton,USD,12900.00,1,1,100.00%,12.90,12.90,Search,0.00%,0.00,0.00
renew deck restoration,Exact match (close variant),None,Deck Repair - Loudoun County,Deck Repair - Loudoun County,USD,0.00,0,1,0.00%,0,0.00,Search,0.00%,0.00,0.00
reinforce deck posts,AI Max,None,Deck Repair - Loudoun County,Deck Repair - Loudoun County,USD,0.00,0,2,0.00%,0,0.00,Search,0.00%,0.00,0.00
deck rebuild,Exact match,Added,Deck Repair - Loudoun County,Deck Repair - Loudoun County,USD,0.00,0,1,0.00%,0,0.00,Search,0.00%,0.00,0.00
zip up under deck drainage system,AI Max,None,Deck Repair - Loudoun County,Deck Repair - Loudoun County,USD,0.00,0,2,0.00%,0,0.00,Search,0.00%,0.00,0.00
wood deck repair near me,Exact match,Added,Deck Repair - Loudoun County,Deck Repair - Loudoun County,USD,0.00,0,3,0.00%,0,0.00,Search,0.00%,0.00,0.00
titan deck,AI Max,None,Deck Repair - Loudoun County,Deck Repair - Loudoun County,USD,0.00,0,1,0.00%,0,0.00,Search,0.00%,0.00,0.00
where to buy trex decking,Phrase match (close variant),None,SRCH | Composite | 3 Counties | Calls,Composite Deck Cost,USD,0.00,0,1,0.00%,0,0.00,Search,0.00%,0.00,0.00
under deck lattice,AI Max,None,Fairfax-Search-Search - Deck Leads - VA - May 2025,Deck Repair & Refinishing,USD,0.00,0,1,0.00%,0,0.00,Search,0.00%,0.00,0.00
blue lightning custom decks llc,AI Max,None,Fairfax-Search-Search - Deck Leads - VA - May 2025,Deck Builders Near Me,USD,0.00,0,1,0.00%,0,0.00,Search,0.00%,0.00,0.00
deck construction,AI Max,None,Fairfax-Search-Search - Deck Leads - VA - May 2025,Deck + Patio / Outdoor Living,USD,0.00,0,1,0.00%,0,0.00,Search,0.00%,0.00,0.00
covered deck,AI Max,None,Fairfax-Search-Search - Deck Leads - VA - May 2025,Deck + Patio / Outdoor Living,USD,0.00,0,1,0.00%,0,0.00,Search,0.00%,0.00,0.00
deck construction,AI Max,None,Fairfax-Search-Search - Deck Leads - VA - May 2025,Deck Builders Near Me,USD,0.00,0,4,0.00%,0,0.00,Search,0.00%,0.00,0.00
carpenters near me,AI Max,None,Fairfax-Search-Search - Deck Leads - VA - May 2025,Deck Builders Near Me,USD,0.00,0,1,0.00%,0,0.00,Search,0.00%,0.00,0.00
paving bricks installation,AI Max,None,Fairfax-Search-Search - Deck Leads - VA - May 2025,Deck + Patio / Outdoor Living,USD,0.00,0,1,0.00%,0,0.00,Search,0.00%,0.00,0.00
prince william county permit requirements,Performance Max,None,PMAX cu remarketing, --,USD,0.00,0,1,0.00%,0,0.00,Performance Max,0.00%,0.00,0.00
four seasons landscaping,Performance Max,None,PMAX cu remarketing, --,USD,0.00,0,1,0.00%,0,0.00,Performance Max,0.00%,0.00,0.00
gazebos para patios,Performance Max,None,PMAX cu remarketing, --,USD,0.00,0,1,0.00%,0,0.00,Performance Max,0.00%,0.00,0.00
leesburg deck builder,Performance Max,None,PMAX cu remarketing, --,USD,0.00,0,4,0.00%,0,0.00,Performance Max,0.00%,0.00,0.00
how to replace deck boards,Performance Max,None,PMAX cu remarketing, --,USD,0.00,0,5,0.00%,0,0.00,Performance Max,0.00%,0.00,0.00
outsoor near me,Performance Max,None,PMAX cu remarketing, --,USD,0.00,0,1,0.00%,0,0.00,Performance Max,0.00%,0.00,0.00
deckes,Performance Max,None,PMAX cu remarketing, --,USD,0.00,0,1,0.00%,0,0.00,Performance Max,0.00%,0.00,0.00
tw perry leesburg,Performance Max,None,PMAX cu remarketing, --,USD,0.00,0,6,0.00%,0,0.00,Performance Max,0.00%,0.00,0.00
house washing near me,Performance Max,None,PMAX cu remarketing, --,USD,0.00,0,1,0.00%,0,0.00,Performance Max,0.00%,0.00,0.00
backyard builders,Performance Max,None,PMAX cu remarketing, --,USD,0.00,0,1,0.00%,0,0.00,Performance Max,0.00%,0.00,0.00
rotting deck post repair,Performance Max,None,PMAX cu remarketing, --,USD,0.00,0,1,0.00%,0,0.00,Performance Max,0.00%,0.00,0.00
main street home improvement,Performance Max,None,PMAX cu remarketing, --,USD,0.00,0,2,0.00%,0,0.00,Performance Max,0.00%,0.00,0.00
lansing building products lorton va,Performance Max,None,PMAX cu remarketing, --,USD,0.00,0,1,0.00%,0,0.00,Performance Max,0.00%,0.00,0.00
best siding cleaner,Performance Max,None,PMAX cu remarketing, --,USD,0.00,0,3,0.00%,0,0.00,Performance Max,0.00%,0.00,0.00
virginia deck works,Performance Max,None,PMAX cu remarketing, --,USD,0.00,0,2,0.00%,0,0.00,Performance Max,0.00%,0.00,0.00
deck store near me,Performance Max,None,PMAX cu remarketing, --,USD,0.00,0,1,0.00%,0,0.00,Performance Max,0.00%,0.00,0.00
lumber yards,Performance Max,None,PMAX cu remarketing, --,USD,0.00,0,1,0.00%,0,0.00,Performance Max,0.00%,0.00,0.00
12 ft trex decking,Performance Max,None,PMAX cu remarketing, --,USD,0.00,0,1,0.00%,0,0.00,Performance Max,0.00%,0.00,0.00
suggest ideas to make a backyard feel like an outdoor room,Performance Max,None,PMAX cu remarketing, --,USD,0.00,0,1,0.00%,0,0.00,Performance Max,0.00%,0.00,0.00
deck contractors in my area,Performance Max,None,PMAX cu remarketing, --,USD,0.00,0,1,0.00%,0,0.00,Performance Max,0.00%,0.00,0.00
power wash,Performance Max,None,PMAX cu remarketing, --,USD,0.00,0,3,0.00%,0,0.00,Performance Max,0.00%,0.00,0.00
ashburn landscaping,Performance Max,None,PMAX cu remarketing, --,USD,0.00,0,1,0.00%,0,0.00,Performance Max,0.00%,0.00,0.00
deck renovation ideas,Performance Max,None,PMAX cu remarketing, --,USD,0.00,0,1,0.00%,0,0.00,Performance Max,0.00%,0.00,0.00
wewerka,Performance Max,None,PMAX cu remarketing, --,USD,0.00,0,1,0.00%,0,0.00,Performance Max,0.00%,0.00,0.00
deckmasters llc,AI Max,None,loudoun decks,Loudoun Decks,USD,0.00,0,1,0.00%,0,0.00,Search,0.00%,0.00,0.00
backyard installation,AI Max,None,loudoun decks,Deck Builder - Leesburg,USD,0.00,0,1,0.00%,0,0.00,Search,0.00%,0.00,0.00
deck services,Exact match (close variant),None,loudoun decks,Deck Builder - Round Hill,USD,0.00,0,1,0.00%,0,0.00,Search,0.00%,0.00,0.00
scott deck,AI Max,None,loudoun decks,Deck Builder - Middleburg,USD,0.00,0,1,0.00%,0,0.00,Search,0.00%,0.00,0.00
deck resurfacing near me,Performance Max,None,Pmax - Dec4, --,USD,996.67,1,6,16.67%,5.98,5.98,Performance Max,0.00%,0.00,0.00
decks and patio contractor,Performance Max,None,Pmax - Dec4, --,USD,0.00,0,1,0.00%,0,0.00,Performance Max,0.00%,0.00,0.00
moore designs and outdoor living,Performance Max,None,Pmax - Dec4, --,USD,0.00,0,2,0.00%,0,0.00,Performance Max,0.00%,0.00,0.00
resurface deck,AI Max,None,Premium Composite Decks,Ad group 1,USD,5020.00,1,1,100.00%,5.02,5.02,Search,0.00%,0.00,0.00
how much to replace deck,AI Max,None,Premium Composite Decks,Ad group 1,USD,0.00,0,1,0.00%,0,0.00,Search,0.00%,0.00,0.00
deck installation companies near me,Exact match (close variant),None,Premium Composite Decks,Ad group 1,USD,0.00,0,1,0.00%,0,0.00,Search,0.00%,0.00,0.00
most popular trex transcend color,AI Max,None,Premium Composite Decks,Ad group 1,USD,0.00,0,1,0.00%,0,0.00,Search,0.00%,0.00,0.00
fisher construction,AI Max,None,Premium Composite Decks,Ad group 1,USD,0.00,0,1,0.00%,0,0.00,Search,0.00%,0.00,0.00
awning repair near me,AI Max,None,Premium Composite Decks,Ad group 1,USD,0.00,0,1,0.00%,0,0.00,Search,0.00%,0.00,0.00
patio renovation,AI Max,None,Premium Composite Decks,Ad group 1,USD,0.00,0,1,0.00%,0,0.00,Search,0.00%,0.00,0.00
deck with pergola,AI Max,None,Premium Composite Decks,Ad group 1,USD,0.00,0,1,0.00%,0,0.00,Search,0.00%,0.00,0.00
kool deck,AI Max,None,Deck Repair - Loudoun County,Deck Repair - Loudoun County,USD,0.00,0,2,0.00%,0,0.00,Search,0.00%,0.00,0.00
ipe,AI Max,None,Fairfax-Search-Search - Deck Leads - VA - May 2025,Deck + Patio / Outdoor Living,USD,0.00,0,1,0.00%,0,0.00,Search,0.00%,0.00,0.00
refinish mahogany deck,AI Max,None,Fairfax-Search-Search - Deck Leads - VA - May 2025,Deck Repair & Refinishing,USD,0.00,0,1,0.00%,0,0.00,Search,0.00%,0.00,0.00
northern decking,AI Max,None,Fairfax-Search-Search - Deck Leads - VA - May 2025,Deck Builders Near Me,USD,3730.00,1,2,50.00%,7.46,7.46,Search,0.00%,0.00,0.00
outdoor deck and fireplace,AI Max,None,Fairfax-Search-Search - Deck Leads - VA - May 2025,Deck + Patio / Outdoor Living,USD,0.00,0,3,0.00%,0,0.00,Search,0.00%,0.00,0.00
fairfax county greenbriar home addition,AI Max,None,Fairfax-Search-Search - Deck Leads - VA - May 2025,Deck Builders Near Me,USD,0.00,0,1,0.00%,0,0.00,Search,0.00%,0.00,0.00
trex decking,AI Max,None,Fairfax-Search-Search - Deck Leads - VA - May 2025,Deck + Patio / Outdoor Living,USD,0.00,0,7,0.00%,0,0.00,Search,0.00%,0.00,0.00
compañías de construcción cerca de mi,AI Max,None,Fairfax-Search-Search - Deck Leads - VA - May 2025,Deck Builders Near Me,USD,0.00,0,1,0.00%,0,0.00,Search,0.00%,0.00,0.00
landscaping companies in fairfax va,Performance Max,None,PMAX cu remarketing, --,USD,0.00,0,1,0.00%,0,0.00,Performance Max,0.00%,0.00,0.00
deck helmet reviews,Performance Max,None,PMAX cu remarketing, --,USD,0.00,0,1,0.00%,0,0.00,Performance Max,0.00%,0.00,0.00
prince william county deck code,Performance Max,None,PMAX cu remarketing, --,USD,0.00,0,4,0.00%,0,0.00,Performance Max,0.00%,0.00,0.00
pictures of composite decks,Performance Max,None,PMAX cu remarketing, --,USD,0.00,0,1,0.00%,0,0.00,Performance Max,0.00%,0.00,0.00
trex flooring,Performance Max,None,PMAX cu remarketing, --,USD,0.00,0,1,0.00%,0,0.00,Performance Max,0.00%,0.00,0.00
how to build a deck on a concrete slab,Performance Max,None,PMAX cu remarketing, --,USD,0.00,0,1,0.00%,0,0.00,Performance Max,0.00%,0.00,0.00
how much does a 200 sq ft deck cost,Performance Max,None,PMAX cu remarketing, --,USD,0.00,0,1,0.00%,0,0.00,Performance Max,0.00%,0.00,0.00
security door installation near me,Performance Max,None,PMAX cu remarketing, --,USD,0.00,0,2,0.00%,0,0.00,Performance Max,0.00%,0.00,0.00
deck ideas,Performance Max,None,PMAX cu remarketing, --,USD,0.00,0,3,0.00%,0,0.00,Performance Max,0.00%,0.00,0.00
front yard fence installation,Performance Max,None,PMAX cu remarketing, --,USD,0.00,0,1,0.00%,0,0.00,Performance Max,0.00%,0.00,0.00
lawn & leisure,Performance Max,None,PMAX cu remarketing, --,USD,0.00,0,1,0.00%,0,0.00,Performance Max,0.00%,0.00,0.00
cost of screened in porch with roof,Performance Max,None,PMAX cu remarketing, --,USD,0.00,0,2,0.00%,0,0.00,Performance Max,0.00%,0.00,0.00
clark construction mclean,Performance Max,None,PMAX cu remarketing, --,USD,0.00,0,1,0.00%,0,0.00,Performance Max,0.00%,0.00,0.00
deck builders incorporated,Performance Max,None,PMAX cu remarketing, --,USD,0.00,0,1,0.00%,0,0.00,Performance Max,0.00%,0.00,0.00
deck remodel near me,AI Max,None,loudoun decks,Deck Builder - Round Hill,USD,0.00,0,1,0.00%,0,0.00,Search,0.00%,0.00,0.00
loudoun deck,Phrase match (close variant),None,loudoun decks,Deck Builder - Brambleton,USD,0.00,0,1,0.00%,0,0.00,Search,0.00%,0.00,0.00
decks and docks,AI Max,None,loudoun decks,Deck Builder - Middleburg,USD,0.00,0,1,0.00%,0,0.00,Search,0.00%,0.00,0.00
deck corrector,AI Max,None,loudoun decks,Deck Builder - Broadlands,USD,0.00,0,1,0.00%,0,0.00,Search,0.00%,0.00,0.00
loudoun deck,AI Max,None,loudoun decks,Deck Builder - Leesburg,USD,0.00,0,2,0.00%,0,0.00,Search,0.00%,0.00,0.00
deck designs,AI Max,None,loudoun decks,Deck Builder - Broadlands,USD,0.00,0,1,0.00%,0,0.00,Search,0.00%,0.00,0.00
deck company,Exact match (close variant),None,loudoun decks,Deck Builder - Middleburg,USD,0.00,0,1,0.00%,0,0.00,Search,0.00%,0.00,0.00
archadeck of northern virginia west,AI Max,None,loudoun decks,Deck Builder - Arcola,USD,0.00,0,1,0.00%,0,0.00,Search,0.00%,0.00,0.00
tiki torch trex,Broad match,None,loudoun decks,Deck Builder - Brambleton,USD,0.00,0,1,0.00%,0,0.00,Search,0.00%,0.00,0.00
decks near me,AI Max,None,loudoun decks,Deck Builder - Lovettsville,USD,0.00,0,1,0.00%,0,0.00,Search,0.00%,0.00,0.00
trex rope swing,AI Max,None,loudoun decks,Deck Builder - Hamilton,USD,0.00,0,1,0.00%,0,0.00,Search,0.00%,0.00,0.00
valer deck and patio,Phrase match (close variant),None,loudoun decks,Deck Builder - Brambleton,USD,0.00,0,3,0.00%,0,0.00,Search,0.00%,0.00,0.00
outdoor living,AI Max,None,Premium Composite Decks,Ad group 1,USD,0.00,0,1,0.00%,0,0.00,Search,0.00%,0.00,0.00
trex decking near me,AI Max,None,Premium Composite Decks,Ad group 1,USD,0.00,0,2,0.00%,0,0.00,Search,0.00%,0.00,0.00
trex dealers,AI Max,None,Premium Composite Decks,Ad group 1,USD,0.00,0,1,0.00%,0,0.00,Search,0.00%,0.00,0.00
amazing siding company,AI Max,None,Premium Composite Decks,Ad group 1,USD,0.00,0,1,0.00%,0,0.00,Search,0.00%,0.00,0.00
arthur construction,AI Max,None,Premium Composite Decks,Ad group 1,USD,0.00,0,1,0.00%,0,0.00,Search,0.00%,0.00,0.00
timbertech prime colors,AI Max,None,Premium Composite Decks,Ad group 1,USD,0.00,0,1,0.00%,0,0.00,Search,0.00%,0.00,0.00
7034921294,AI Max,None,Premium Composite Decks,Ad group 1,USD,0.00,0,1,0.00%,0,0.00,Search,0.00%,0.00,0.00
brick porch repair near me,AI Max,None,Premium Composite Decks,Ad group 1,USD,0.00,0,1,0.00%,0,0.00,Search,0.00%,0.00,0.00
pop up patios,AI Max,None,Premium Composite Decks,Ad group 1,USD,0.00,0,1,0.00%,0,0.00,Search,0.00%,0.00,0.00
prefab outdoor stairs with landing,AI Max,None,Premium Composite Decks,Ad group 1,USD,5100.00,1,1,100.00%,5.10,5.10,Search,0.00%,0.00,0.00
house wash,Performance Max,None,Pmax - Dec4, --,USD,0.00,0,1,0.00%,0,0.00,Performance Max,0.00%,0.00,0.00
patio pavers,Performance Max,None,Pmax - Dec4, --,USD,0.00,0,2,0.00%,0,0.00,Performance Max,0.00%,0.00,0.00
jac fencing inc,Performance Max,None,Pmax - Dec4, --,USD,0.00,0,2,0.00%,0,0.00,Performance Max,0.00%,0.00,0.00
deck maintenance,Performance Max,None,Pmax - Dec4, --,USD,0.00,0,1,0.00%,0,0.00,Performance Max,0.00%,0.00,0.00
deck building,Performance Max,None,Pmax - Dec4, --,USD,0.00,0,1,0.00%,0,0.00,Performance Max,0.00%,0.00,0.00
deck,AI Max,None,Deck Repair - Loudoun County,Composite - Trex Repair,USD,0.00,0,4,0.00%,0,0.00,Search,0.00%,0.00,0.00
net decking,AI Max,None,Deck Repair - Loudoun County,Deck Repair - Loudoun County,USD,0.00,0,1,0.00%,0,0.00,Search,0.00%,0.00,0.00
trex enhance honey grove,Phrase match (close variant),None,SRCH | Composite | 3 Counties | Calls,Composite Deck Cost,USD,0.00,0,1,0.00%,0,0.00,Search,0.00%,0.00,0.00
new home builders in northern virginia,AI Max,None,Fairfax-Search-Search - Deck Leads - VA - May 2025,Deck Builders Near Me,USD,0.00,0,1,0.00%,0,0.00,Search,0.00%,0.00,0.00
japanese garden design,AI Max,None,Fairfax-Search-Search - Deck Leads - VA - May 2025,Deck + Patio / Outdoor Living,USD,0.00,0,1,0.00%,0,0.00,Search,0.00%,0.00,0.00
deck and dock,AI Max,None,Fairfax-Search-Search - Deck Leads - VA - May 2025,Deck + Patio / Outdoor Living,USD,0.00,0,1,0.00%,0,0.00,Search,0.00%,0.00,0.00
landdesign near me,AI Max,None,Fairfax-Search-Search - Deck Leads - VA - May 2025,Deck + Patio / Outdoor Living,USD,0.00,0,1,0.00%,0,0.00,Search,0.00%,0.00,0.00
deck decor,AI Max,None,Fairfax-Search-Search - Deck Leads - VA - May 2025,Deck Builders Near Me,USD,0.00,0,1,0.00%,0,0.00,Search,0.00%,0.00,0.00
composite deck boards,AI Max,None,Fairfax-Search-Search - Deck Leads - VA - May 2025,Deck Builders Near Me,USD,0.00,0,1,0.00%,0,0.00,Search,0.00%,0.00,0.00
deck builder reston va,Phrase match (close variant),Added,Fairfax-Search-Search - Deck Leads - VA - May 2025,Deck Builders Near Me,USD,0.00,0,1,0.00%,0,0.00,Search,0.00%,0.00,0.00
outdoor space design,AI Max,None,Fairfax-Search-Search - Deck Leads - VA - May 2025,Deck + Patio / Outdoor Living,USD,0.00,0,1,0.00%,0,0.00,Search,0.00%,0.00,0.00
gazebo for sale,AI Max,None,Premium Composite Decks,Ad group 1,USD,0.00,0,2,0.00%,0,0.00,Search,0.00%,0.00,0.00
cdr construction,AI Max,None,Premium Composite Decks,Ad group 1,USD,0.00,0,1,0.00%,0,0.00,Search,0.00%,0.00,0.00
trex hideaway,AI Max,None,Premium Composite Decks,Ad group 1,USD,0.00,0,1,0.00%,0,0.00,Search,0.00%,0.00,0.00
trex decking,AI Max,None,Premium Composite Decks,Ad group 1,USD,305.04,5,77,6.49%,4.70,23.49,Search,0.00%,0.00,0.00
cost for trex deck installed,AI Max,None,Premium Composite Decks,Ad group 1,USD,0.00,0,1,0.00%,0,0.00,Search,0.00%,0.00,0.00
front deck,AI Max,None,Premium Composite Decks,Ad group 1,USD,0.00,0,1,0.00%,0,0.00,Search,0.00%,0.00,0.00
deck helmet reviews,AI Max,None,Premium Composite Decks,Ad group 1,USD,0.00,0,1,0.00%,0,0.00,Search,0.00%,0.00,0.00
construction contractors near me,AI Max,None,Premium Composite Decks,Ad group 1,USD,2570.00,1,2,50.00%,5.14,5.14,Search,0.00%,0.00,0.00
how to make a deck footing,AI Max,None,Premium Composite Decks,Ad group 1,USD,0.00,0,1,0.00%,0,0.00,Search,0.00%,0.00,0.00
composite decking colors,AI Max,None,Premium Composite Decks,Ad group 1,USD,0.00,0,1,0.00%,0,0.00,Search,0.00%,0.00,0.00
building deck,AI Max,None,Premium Composite Decks,Ad group 1,USD,0.00,0,3,0.00%,0,0.00,Search,0.00%,0.00,0.00
how to fix deck boards,Performance Max,None,PMAX cu remarketing, --,USD,0.00,0,1,0.00%,0,0.00,Performance Max,0.00%,0.00,0.00
sanding wood deck,Performance Max,None,PMAX cu remarketing, --,USD,0.00,0,1,0.00%,0,0.00,Performance Max,0.00%,0.00,0.00
composite decking store near me,Performance Max,None,PMAX cu remarketing, --,USD,0.00,0,1,0.00%,0,0.00,Performance Max,0.00%,0.00,0.00
capital fence,Performance Max,None,PMAX cu remarketing, --,USD,0.00,0,3,0.00%,0,0.00,Performance Max,0.00%,0.00,0.00
armor fencing,Performance Max,None,PMAX cu remarketing, --,USD,0.00,0,2,0.00%,0,0.00,Performance Max,0.00%,0.00,0.00
pvc vs composite decking,Performance Max,None,PMAX cu remarketing, --,USD,0.00,0,2,0.00%,0,0.00,Performance Max,0.00%,0.00,0.00
diy deck,Performance Max,None,PMAX cu remarketing, --,USD,0.00,0,8,0.00%,0,0.00,Performance Max,0.00%,0.00,0.00
truedecks,Performance Max,None,PMAX cu remarketing, --,USD,0.00,0,25,0.00%,0,0.00,Performance Max,0.00%,0.00,0.00
permit expediter,Performance Max,None,PMAX cu remarketing, --,USD,0.00,0,1,0.00%,0,0.00,Performance Max,0.00%,0.00,0.00
who builds pergolas near me,Performance Max,None,PMAX cu remarketing, --,USD,0.00,0,1,0.00%,0,0.00,Performance Max,0.00%,0.00,0.00
barrons manassas,Performance Max,None,PMAX cu remarketing, --,USD,0.00,0,2,0.00%,0,0.00,Performance Max,0.00%,0.00,0.00
best wood for decks,Performance Max,None,PMAX cu remarketing, --,USD,0.00,0,1,0.00%,0,0.00,Performance Max,0.00%,0.00,0.00
replacing wood deck with composite,Performance Max,None,PMAX cu remarketing, --,USD,0.00,0,3,0.00%,0,0.00,Performance Max,0.00%,0.00,0.00
backyard landscaping ideas near me,Performance Max,None,PMAX cu remarketing, --,USD,0.00,0,1,0.00%,0,0.00,Performance Max,0.00%,0.00,0.00
creative design landscapes,Broad match,None,loudoun decks,Deck Builder - Brambleton,USD,0.00,0,1,0.00%,0,0.00,Search,0.00%,0.00,0.00
deck pagoda,AI Max,None,loudoun decks,Deck Builder - Sterling,USD,0.00,0,1,0.00%,0,0.00,Search,0.00%,0.00,0.00
wear deck,AI Max,None,loudoun decks,Deck Builder - Middleburg,USD,0.00,0,1,0.00%,0,0.00,Search,0.00%,0.00,0.00
indoor outdoor deck,Phrase match (close variant),None,loudoun decks,Deck Builder - Brambleton,USD,0.00,0,1,0.00%,0,0.00,Search,0.00%,0.00,0.00
leesburg decks,AI Max,None,loudoun decks,Deck Builder - Aldie,USD,0.00,0,1,0.00%,0,0.00,Search,0.00%,0.00,0.00
sand blast deck,AI Max,None,Deck Repair - Loudoun County,Deck Repair - Loudoun County,USD,0.00,0,2,0.00%,0,0.00,Search,0.00%,0.00,0.00
deck repair sterling va,AI Max,None,Deck Repair - Loudoun County,Deck Repair - Loudoun County,USD,9918.63,5,10,50.00%,19.84,99.19,Search,40.00%,2.00,49.59
building a 12x20 deck,AI Max,None,Deck Repair - Loudoun County,Deck Replacement,USD,0.00,0,1,0.00%,0,0.00,Search,0.00%,0.00,0.00
schroeder design build,Performance Max,None,Pmax - Dec4, --,USD,0.00,0,1,0.00%,0,0.00,Performance Max,0.00%,0.00,0.00
redecking,Performance Max,None,Pmax - Dec4, --,USD,191.86,1,1,100.00%,0.19,0.19,Performance Max,0.00%,0.00,0.00
trex transcend,Phrase match (close variant),None,SRCH | Composite | 3 Counties | Calls,Composite Deck Cost,USD,0.00,0,1,0.00%,0,0.00,Search,0.00%,0.00,0.00
pergolas that attach to the house,AI Max,None,Fairfax-Search-Search - Deck Leads - VA - May 2025,Deck Builders Near Me,USD,0.00,0,1,0.00%,0,0.00,Search,0.00%,0.00,0.00
belgard brick,AI Max,None,Fairfax-Search-Search - Deck Leads - VA - May 2025,Deck + Patio / Outdoor Living,USD,0.00,0,1,0.00%,0,0.00,Search,0.00%,0.00,0.00
patio,AI Max,None,Fairfax-Search-Search - Deck Leads - VA - May 2025,Deck Builders Near Me,USD,0.00,0,2,0.00%,0,0.00,Search,0.00%,0.00,0.00
premier exteriors,AI Max,None,Fairfax-Search-Search - Deck Leads - VA - May 2025,Deck Builders Near Me,USD,0.00,0,1,0.00%,0,0.00,Search,0.00%,0.00,0.00
prodeck,AI Max,None,Premium Composite Decks,Ad group 1,USD,0.00,0,1,0.00%,0,0.00,Search,0.00%,0.00,0.00
general contractors leesburg va,AI Max,None,Premium Composite Decks,Ad group 1,USD,0.00,0,1,0.00%,0,0.00,Search,0.00%,0.00,0.00
jw home improvement,AI Max,None,Premium Composite Decks,Ad group 1,USD,0.00,0,1,0.00%,0,0.00,Search,0.00%,0.00,0.00
timbertech american walnut,AI Max,None,Premium Composite Decks,Ad group 1,USD,0.00,0,2,0.00%,0,0.00,Search,0.00%,0.00,0.00
deck and patio companies,AI Max,None,Premium Composite Decks,Ad group 1,USD,0.00,0,3,0.00%,0,0.00,Search,0.00%,0.00,0.00
trex beach dune discontinued,AI Max,None,Premium Composite Decks,Ad group 1,USD,0.00,0,1,0.00%,0,0.00,Search,0.00%,0.00,0.00
deck drainage system,AI Max,None,Premium Composite Decks,Ad group 1,USD,0.00,0,1,0.00%,0,0.00,Search,0.00%,0.00,0.00
how to choose color for deck,AI Max,None,Premium Composite Decks,Ad group 1,USD,0.00,0,1,0.00%,0,0.00,Search,0.00%,0.00,0.00
trex rainescape near me,AI Max,None,Premium Composite Decks,Ad group 1,USD,0.00,0,1,0.00%,0,0.00,Search,0.00%,0.00,0.00
cooper construction,AI Max,None,Premium Composite Decks,Ad group 1,USD,0.00,0,1,0.00%,0,0.00,Search,0.00%,0.00,0.00
railing repair,AI Max,None,Premium Composite Decks,Ad group 1,USD,0.00,0,2,0.00%,0,0.00,Search,0.00%,0.00,0.00
what is best composite decking,AI Max,None,Premium Composite Decks,Ad group 1,USD,4950.00,1,1,100.00%,4.95,4.95,Search,0.00%,0.00,0.00
house porch,AI Max,None,Premium Composite Decks,Ad group 1,USD,0.00,0,1,0.00%,0,0.00,Search,0.00%,0.00,0.00
td&d unlimited llc,AI Max,None,Premium Composite Decks,Ad group 1,USD,0.00,0,1,0.00%,0,0.00,Search,0.00%,0.00,0.00
prestige deck & fence,Performance Max,None,PMAX cu remarketing, --,USD,0.00,0,1,0.00%,0,0.00,Performance Max,0.00%,0.00,0.00
fencing companies fairfax va,Performance Max,None,PMAX cu remarketing, --,USD,0.00,0,2,0.00%,0,0.00,Performance Max,0.00%,0.00,0.00
deck bench railing,Performance Max,None,PMAX cu remarketing, --,USD,0.00,0,1,0.00%,0,0.00,Performance Max,0.00%,0.00,0.00
deck room ideas,Performance Max,None,PMAX cu remarketing, --,USD,0.00,0,1,0.00%,0,0.00,Performance Max,0.00%,0.00,0.00
how to cut out rotted deck boards,Performance Max,None,PMAX cu remarketing, --,USD,0.00,0,1,0.00%,0,0.00,Performance Max,0.00%,0.00,0.00
compañias de fence,Performance Max,None,PMAX cu remarketing, --,USD,0.00,0,3,0.00%,0,0.00,Performance Max,0.00%,0.00,0.00
luxury pergola near me,Performance Max,None,PMAX cu remarketing, --,USD,0.00,0,1,0.00%,0,0.00,Performance Max,0.00%,0.00,0.00
decks with style,Performance Max,None,PMAX cu remarketing, --,USD,0.00,0,10,0.00%,0,0.00,Performance Max,0.00%,0.00,0.00
erommy 12x20 gazebo assembly,Performance Max,None,PMAX cu remarketing, --,USD,0.00,0,1,0.00%,0,0.00,Performance Max,0.00%,0.00,0.00
deck staining,Performance Max,None,PMAX cu remarketing, --,USD,0.00,0,1,0.00%,0,0.00,Performance Max,0.00%,0.00,0.00
screen room contractor,Performance Max,None,PMAX cu remarketing, --,USD,0.00,0,1,0.00%,0,0.00,Performance Max,0.00%,0.00,0.00
trex deck boards price,Performance Max,None,PMAX cu remarketing, --,USD,2770.00,1,1,100.00%,2.77,2.77,Performance Max,0.00%,0.00,0.00
patio decks,Performance Max,None,PMAX cu remarketing, --,USD,0.00,0,2,0.00%,0,0.00,Performance Max,0.00%,0.00,0.00
how much does a 12x12 composite deck cost,Performance Max,None,PMAX cu remarketing, --,USD,36.40,1,3,33.33%,0.11,0.11,Performance Max,0.00%,0.00,0.00
deckbuilders com,Performance Max,None,PMAX cu remarketing, --,USD,0.00,0,1,0.00%,0,0.00,Performance Max,0.00%,0.00,0.00
the patio stone,Performance Max,None,PMAX cu remarketing, --,USD,0.00,0,1,0.00%,0,0.00,Performance Max,0.00%,0.00,0.00
landscaping centreville va,Performance Max,None,PMAX cu remarketing, --,USD,0.00,0,2,0.00%,0,0.00,Performance Max,0.00%,0.00,0.00
deck canopy,AI Max,None,loudoun decks,Deck Builder - Middleburg,USD,0.00,0,1,0.00%,0,0.00,Search,0.00%,0.00,0.00
builder near me,AI Max,None,loudoun decks,Deck Builder - Aldie,USD,0.00,0,1,0.00%,0,0.00,Search,0.00%,0.00,0.00
deck helmet,AI Max,None,loudoun decks,Deck Builder - South Riding,USD,0.00,0,1,0.00%,0,0.00,Search,0.00%,0.00,0.00
lean to for deck,Broad match,None,loudoun decks,Deck Builder - Brambleton,USD,0.00,0,1,0.00%,0,0.00,Search,0.00%,0.00,0.00
deck outdoors,Phrase match (close variant),None,loudoun decks,Deck Builder - Brambleton,USD,0.00,0,1,0.00%,0,0.00,Search,0.00%,0.00,0.00
trex levels,AI Max,None,loudoun decks,Deck Builder - Hamilton,USD,0.00,0,1,0.00%,0,0.00,Search,0.00%,0.00,0.00
deck,AI Max,None,loudoun decks,Deck Builder - Aldie,USD,0.00,0,2,0.00%,0,0.00,Search,0.00%,0.00,0.00
trex company,AI Max,None,loudoun decks,Deck Builder - Middleburg,USD,0.00,0,3,0.00%,0,0.00,Search,0.00%,0.00,0.00
deck repair in northern va,AI Max,None,Deck Repair - Loudoun County,Deck Repair - Loudoun County,USD,0.00,0,3,0.00%,0,0.00,Search,0.00%,0.00,0.00
building a second story deck,AI Max,None,Deck Repair - Loudoun County,Deck Replacement,USD,0.00,0,2,0.00%,0,0.00,Search,0.00%,0.00,0.00
restaining old wood deck,AI Max,None,Deck Repair - Loudoun County,Deck Repair - Loudoun County,USD,0.00,0,2,0.00%,0,0.00,Search,0.00%,0.00,0.00
gaco deck fill,AI Max,None,Deck Repair - Loudoun County,Deck Repair - Loudoun County,USD,0.00,0,1,0.00%,0,0.00,Search,0.00%,0.00,0.00
10x12 deck cost,AI Max,None,Deck Repair - Loudoun County,Deck Replacement,USD,0.00,0,1,0.00%,0,0.00,Search,0.00%,0.00,0.00
trex academy videos,AI Max,None,Deck Repair - Loudoun County,Deck Replacement,USD,0.00,0,1,0.00%,0,0.00,Search,0.00%,0.00,0.00
bluestone,Performance Max,None,Pmax - Dec4, --,USD,0.00,0,1,0.00%,0,0.00,Performance Max,0.00%,0.00,0.00
trex 20 ft board price,Phrase match (close variant),None,SRCH | Composite | 3 Counties | Calls,Composite Deck Cost,USD,0.00,0,1,0.00%,0,0.00,Search,0.00%,0.00,0.00
stamped concrete patio,AI Max,None,Fairfax-Search-Search - Deck Leads - VA - May 2025,Deck + Patio / Outdoor Living,USD,0.00,0,17,0.00%,0,0.00,Search,0.00%,0.00,0.00
decks and docks newport news,AI Max,None,Fairfax-Search-Search - Deck Leads - VA - May 2025,Deck + Patio / Outdoor Living,USD,0.00,0,1,0.00%,0,0.00,Search,0.00%,0.00,0.00
screened in room on deck,AI Max,None,Premium Composite Decks,Ad group 1,USD,0.00,0,2,0.00%,0,0.00,Search,0.00%,0.00,0.00
trex signature railing,AI Max,None,Premium Composite Decks,Ad group 1,USD,4430.00,1,1,100.00%,4.43,4.43,Search,0.00%,0.00,0.00
archadeck of northern virginia west,AI Max,None,Premium Composite Decks,Ad group 1,USD,0.00,0,2,0.00%,0,0.00,Search,0.00%,0.00,0.00
deck builds,AI Max,None,Premium Composite Decks,Ad group 1,USD,0.00,0,1,0.00%,0,0.00,Search,0.00%,0.00,0.00
timber tech sea salt grey,AI Max,None,Premium Composite Decks,Ad group 1,USD,0.00,0,1,0.00%,0,0.00,Search,0.00%,0.00,0.00
southern yellow pine decking,AI Max,None,Premium Composite Decks,Ad group 1,USD,0.00,0,1,0.00%,0,0.00,Search,0.00%,0.00,0.00
prodeck construction llc,AI Max,None,Premium Composite Decks,Ad group 1,USD,0.00,0,2,0.00%,0,0.00,Search,0.00%,0.00,0.00
flagstone pavers,AI Max,None,Premium Composite Decks,Ad group 1,USD,0.00,0,2,0.00%,0,0.00,Search,0.00%,0.00,0.00
pavers near me,AI Max,None,Premium Composite Decks,Ad group 1,USD,0.00,0,1,0.00%,0,0.00,Search,0.00%,0.00,0.00
landscaping companies in woodbridge,AI Max,None,Premium Composite Decks,Ad group 1,USD,0.00,0,1,0.00%,0,0.00,Search,0.00%,0.00,0.00
tech wood,AI Max,None,Premium Composite Decks,Ad group 1,USD,0.00,0,2,0.00%,0,0.00,Search,0.00%,0.00,0.00
screened in porch roof,AI Max,None,Premium Composite Decks,Ad group 1,USD,0.00,0,1,0.00%,0,0.00,Search,0.00%,0.00,0.00
timbertech decking cost,AI Max,None,Premium Composite Decks,Ad group 1,USD,1063.33,1,3,33.33%,3.19,3.19,Search,0.00%,0.00,0.00
ipe deck,AI Max,None,Premium Composite Decks,Ad group 1,USD,0.00,0,2,0.00%,0,0.00,Search,0.00%,0.00,0.00
pvc deck tiles,AI Max,None,Premium Composite Decks,Ad group 1,USD,0.00,0,1,0.00%,0,0.00,Search,0.00%,0.00,0.00
deck envy,AI Max,None,Premium Composite Decks,Ad group 1,USD,0.00,0,3,0.00%,0,0.00,Search,0.00%,0.00,0.00
backyard building ideas,AI Max,None,Premium Composite Decks,Ad group 1,USD,0.00,0,2,0.00%,0,0.00,Search,0.00%,0.00,0.00
trex cost per sq ft,AI Max,None,Premium Composite Decks,Ad group 1,USD,0.00,0,1,0.00%,0,0.00,Search,0.00%,0.00,0.00
awning for deck attached to house,Performance Max,None,PMAX cu remarketing, --,USD,0.00,0,1,0.00%,0,0.00,Performance Max,0.00%,0.00,0.00
floating deck,Performance Max,None,PMAX cu remarketing, --,USD,0.00,0,4,0.00%,0,0.00,Performance Max,0.00%,0.00,0.00
composite deck repair,Performance Max,None,PMAX cu remarketing, --,USD,0.00,0,3,0.00%,0,0.00,Performance Max,0.00%,0.00,0.00
patio awning near me,Performance Max,None,PMAX cu remarketing, --,USD,0.00,0,1,0.00%,0,0.00,Performance Max,0.00%,0.00,0.00
powerwash company,Performance Max,None,PMAX cu remarketing, --,USD,0.00,0,1,0.00%,0,0.00,Performance Max,0.00%,0.00,0.00
gazebo junction inc,Performance Max,None,PMAX cu remarketing, --,USD,0.00,0,2,0.00%,0,0.00,Performance Max,0.00%,0.00,0.00
wood deck hidden fasteners,Performance Max,None,PMAX cu remarketing, --,USD,0.00,0,1,0.00%,0,0.00,Performance Max,0.00%,0.00,0.00
84 lumber near me,Performance Max,None,PMAX cu remarketing, --,USD,0.00,0,8,0.00%,0,0.00,Performance Max,0.00%,0.00,0.00
the deck and fence depot gainesville va,Performance Max,None,PMAX cu remarketing, --,USD,0.00,0,1,0.00%,0,0.00,Performance Max,0.00%,0.00,0.00
front door repair,Performance Max,None,PMAX cu remarketing, --,USD,0.00,0,1,0.00%,0,0.00,Performance Max,0.00%,0.00,0.00
timbertech decking installation,Performance Max,None,PMAX cu remarketing, --,USD,0.00,0,4,0.00%,0,0.00,Performance Max,0.00%,0.00,0.00
trex installation,Performance Max,None,PMAX cu remarketing, --,USD,0.00,0,2,0.00%,0,0.00,Performance Max,0.00%,0.00,0.00
deck solutions,Performance Max,None,PMAX cu remarketing, --,USD,0.00,0,3,0.00%,0,0.00,Performance Max,0.00%,0.00,0.00
gazebo for sale with installation,Performance Max,None,PMAX cu remarketing, --,USD,0.00,0,2,0.00%,0,0.00,Performance Max,0.00%,0.00,0.00
twperry leesburg va,Performance Max,None,PMAX cu remarketing, --,USD,0.00,0,1,0.00%,0,0.00,Performance Max,0.00%,0.00,0.00
core outdoor living reviews,Performance Max,None,PMAX cu remarketing, --,USD,0.00,0,1,0.00%,0,0.00,Performance Max,0.00%,0.00,0.00
patio scapes,Broad match,None,loudoun decks,Deck Builder - Brambleton,USD,0.00,0,2,0.00%,0,0.00,Search,0.00%,0.00,0.00
deck builders in leesburg,Exact match (close variant),None,loudoun decks,Deck Builder - Leesburg,USD,0.00,0,1,0.00%,0,0.00,Search,0.00%,0.00,0.00
deck builder,Exact match (close variant),None,loudoun decks,Deck Builder - Hamilton,USD,0.00,0,1,0.00%,0,0.00,Search,0.00%,0.00,0.00
core outdoor,AI Max,None,loudoun decks,Deck Builder - South Riding,USD,0.00,0,1,0.00%,0,0.00,Search,0.00%,0.00,0.00
deck,AI Max,None,loudoun decks,Deck Builder - Middleburg,USD,0.00,0,8,0.00%,0,0.00,Search,0.00%,0.00,0.00
compañia de construccion,AI Max,None,loudoun decks,Deck Builder - Arcola,USD,0.00,0,1,0.00%,0,0.00,Search,0.00%,0.00,0.00
deck composite,AI Max,None,loudoun decks,Deck Builder - Hamilton,USD,0.00,0,1,0.00%,0,0.00,Search,0.00%,0.00,0.00
trex framing,AI Max,None,loudoun decks,Deck Builder - Arcola,USD,0.00,0,1,0.00%,0,0.00,Search,0.00%,0.00,0.00
trex decking showroom,AI Max,None,Deck Repair - Loudoun County,Composite - Trex Repair,USD,0.00,0,1,0.00%,0,0.00,Search,0.00%,0.00,0.00
general contractors near me,AI Max,None,Deck Repair - Loudoun County,Composite - Trex Repair,USD,0.00,0,1,0.00%,0,0.00,Search,0.00%,0.00,0.00
vinyl patio covers near me,AI Max,None,Deck Repair - Loudoun County,Composite - Trex Repair,USD,0.00,0,1,0.00%,0,0.00,Search,0.00%,0.00,0.00
home repairs near me,AI Max,None,Deck Repair - Loudoun County,Deck Repair - Loudoun County,USD,0.00,0,1,0.00%,0,0.00,Search,0.00%,0.00,0.00
restore deck price,AI Max,None,Deck Repair - Loudoun County,Deck Repair - Loudoun County,USD,0.00,0,2,0.00%,0,0.00,Search,0.00%,0.00,0.00
deck renovation near me,Exact match (close variant),None,Deck Repair - Loudoun County,Deck Renovation,USD,0.00,0,3,0.00%,0,0.00,Search,0.00%,0.00,0.00
trex deck,AI Max,None,Deck Repair - Loudoun County,Deck Repair - Loudoun County,USD,0.00,0,1,0.00%,0,0.00,Search,0.00%,0.00,0.00
aluminum decks,AI Max,None,Deck Repair - Loudoun County,Deck Restoration - Refinishing,USD,0.00,0,1,0.00%,0,0.00,Search,0.00%,0.00,0.00
power washing va,Performance Max,None,Pmax - Dec4, --,USD,0.00,0,1,0.00%,0,0.00,Performance Max,0.00%,0.00,0.00
patio landscaping,Performance Max,None,Pmax - Dec4, --,USD,0.00,0,1,0.00%,0,0.00,Performance Max,0.00%,0.00,0.00
setting deck posts,AI Max,None,Fairfax-Search-Search - Deck Leads - VA - May 2025,Deck Builders Near Me,USD,0.00,0,1,0.00%,0,0.00,Search,0.00%,0.00,0.00
mcmurray builders,AI Max,None,Fairfax-Search-Search - Deck Leads - VA - May 2025,Deck Builders Near Me,USD,0.00,0,1,0.00%,0,0.00,Search,0.00%,0.00,0.00
prince william home improvement woodbridge va,AI Max,None,Fairfax-Search-Search - Deck Leads - VA - May 2025,Deck Builders Near Me,USD,0.00,0,1,0.00%,0,0.00,Search,0.00%,0.00,0.00
how much is a trex deck,AI Max,None,Fairfax-Search-Search - Deck Leads - VA - May 2025,Deck + Patio / Outdoor Living,USD,0.00,0,1,0.00%,0,0.00,Search,0.00%,0.00,0.00
deck builder near me,Exact match,Added,Fairfax-Search-Search - Deck Leads - VA - May 2025,Deck Builders Near Me,USD,0.00,0,25,0.00%,0,0.00,Search,0.00%,0.00,0.00
pavers near me,AI Max,None,Fairfax-Search-Search - Deck Leads - VA - May 2025,Deck + Patio / Outdoor Living,USD,0.00,0,1,0.00%,0,0.00,Search,0.00%,0.00,0.00
timbertech terrain plus,Performance Max,None,PMAX cu remarketing, --,USD,0.00,0,2,0.00%,0,0.00,Performance Max,0.00%,0.00,0.00
wooden door repair,Performance Max,None,PMAX cu remarketing, --,USD,0.00,0,2,0.00%,0,0.00,Performance Max,0.00%,0.00,0.00
how much does a deck permit cost,Performance Max,None,PMAX cu remarketing, --,USD,0.00,0,1,0.00%,0,0.00,Performance Max,0.00%,0.00,0.00
composite deck prices,Performance Max,None,PMAX cu remarketing, --,USD,0.00,0,1,0.00%,0,0.00,Performance Max,0.00%,0.00,0.00
dc fence company,Performance Max,None,PMAX cu remarketing, --,USD,1.43,1,7,14.29%,0.01,0.01,Performance Max,0.00%,0.00,0.00
sunroom,Performance Max,None,PMAX cu remarketing, --,USD,0.00,0,1,0.00%,0,0.00,Performance Max,0.00%,0.00,0.00
deck builders stafford va,Performance Max,None,PMAX cu remarketing, --,USD,0.00,0,2,0.00%,0,0.00,Performance Max,0.00%,0.00,0.00
deck de madera,Performance Max,None,PMAX cu remarketing, --,USD,0.00,0,3,0.00%,0,0.00,Performance Max,0.00%,0.00,0.00
deck rescue,Performance Max,None,PMAX cu remarketing, --,USD,0.00,0,2,0.00%,0,0.00,Performance Max,0.00%,0.00,0.00
backyard designs,Performance Max,None,PMAX cu remarketing, --,USD,0.00,0,1,0.00%,0,0.00,Performance Max,0.00%,0.00,0.00
contracting companies in northern virginia,AI Max,None,loudoun decks,Deck Builder - Stone Ridge,USD,0.00,0,1,0.00%,0,0.00,Search,0.00%,0.00,0.00
all decked out,AI Max,None,loudoun decks,Deck Builder - Leesburg,USD,0.00,0,1,0.00%,0,0.00,Search,0.00%,0.00,0.00
scott deck,AI Max,None,loudoun decks,Deck Builder - Potomac Falls,USD,0.00,0,1,0.00%,0,0.00,Search,0.00%,0.00,0.00
trex wholesale,AI Max,None,loudoun decks,Deck Builder - Round Hill,USD,0.00,0,1,0.00%,0,0.00,Search,0.00%,0.00,0.00
modelos de deck modernos,Broad match,None,loudoun decks,Deck Builder - Brambleton,USD,0.00,0,1,0.00%,0,0.00,Search,0.00%,0.00,0.00
trex 16 ft boards,AI Max,None,loudoun decks,Deck Builder - Middleburg,USD,0.00,0,1,0.00%,0,0.00,Search,0.00%,0.00,0.00
brynwood builders,AI Max,None,loudoun decks,Deck Builder - Middleburg,USD,0.00,0,1,0.00%,0,0.00,Search,0.00%,0.00,0.00
e&a contractors,AI Max,None,loudoun decks,Deck Builder - Purcellville,USD,0.00,0,1,0.00%,0,0.00,Search,0.00%,0.00,0.00
carport builders near me,Broad match,None,loudoun decks,Deck Builder - Brambleton,USD,0.00,0,1,0.00%,0,0.00,Search,0.00%,0.00,0.00
deck staining near me,AI Max,None,Premium Composite Decks,Ad group 1,USD,11490.00,1,1,100.00%,11.49,11.49,Search,0.00%,0.00,0.00
porch and deck,AI Max,None,Premium Composite Decks,Ad group 1,USD,0.00,0,5,0.00%,0,0.00,Search,0.00%,0.00,0.00
trex foggy wharf fascia board,AI Max,None,Premium Composite Decks,Ad group 1,USD,0.00,0,1,0.00%,0,0.00,Search,0.00%,0.00,0.00
trex rainescape pricing,AI Max,None,Premium Composite Decks,Ad group 1,USD,0.00,0,1,0.00%,0,0.00,Search,0.00%,0.00,0.00
front porch,AI Max,None,Premium Composite Decks,Ad group 1,USD,0.00,0,28,0.00%,0,0.00,Search,0.00%,0.00,0.00
deck restoration,AI Max,None,Premium Composite Decks,Ad group 1,USD,0.00,0,9,0.00%,0,0.00,Search,0.00%,0.00,0.00
carpenter contractor,AI Max,None,Premium Composite Decks,Ad group 1,USD,0.00,0,1,0.00%,0,0.00,Search,0.00%,0.00,0.00
trex website,AI Max,None,Premium Composite Decks,Ad group 1,USD,0.00,0,1,0.00%,0,0.00,Search,0.00%,0.00,0.00
suntastic decks,AI Max,None,Premium Composite Decks,Ad group 1,USD,0.00,0,1,0.00%,0,0.00,Search,0.00%,0.00,0.00
patio paver,AI Max,None,Premium Composite Decks,Ad group 1,USD,0.00,0,1,0.00%,0,0.00,Search,0.00%,0.00,0.00
drainage system for under deck,AI Max,None,Premium Composite Decks,Ad group 1,USD,0.00,0,1,0.00%,0,0.00,Search,0.00%,0.00,0.00
trex decks,Performance Max,None,Pmax - Dec4, --,USD,0.00,0,1,0.00%,0,0.00,Performance Max,0.00%,0.00,0.00
power washing ashburn va,Performance Max,None,Pmax - Dec4, --,USD,0.00,0,1,0.00%,0,0.00,Performance Max,0.00%,0.00,0.00
bending composite deck boards,AI Max,None,Deck Repair - Loudoun County,Composite - Trex Repair,USD,0.00,0,1,0.00%,0,0.00,Search,0.00%,0.00,0.00
timbertech vs trex,AI Max,None,Deck Repair - Loudoun County,Composite - Trex Repair,USD,0.00,0,1,0.00%,0,0.00,Search,0.00%,0.00,0.00
backyard stamped concrete patio,AI Max,None,Deck Repair - Loudoun County,Deck Restoration - Refinishing,USD,0.00,0,1,0.00%,0,0.00,Search,0.00%,0.00,0.00
m&h landscape construction,AI Max,None,Deck Repair - Loudoun County,Deck Renovation,USD,0.00,0,1,0.00%,0,0.00,Search,0.00%,0.00,0.00
trex company,AI Max,None,Deck Repair - Loudoun County,Composite - Trex Repair,USD,0.00,0,4,0.00%,0,0.00,Search,0.00%,0.00,0.00
clubhouse composite decking,Phrase match (close variant),None,SRCH | Composite | 3 Counties | Calls,Composite Deck Cost,USD,0.00,0,1,0.00%,0,0.00,Search,0.00%,0.00,0.00
backyard design company,AI Max,None,Fairfax-Search-Search - Deck Leads - VA - May 2025,Deck + Patio / Outdoor Living,USD,0.00,0,1,0.00%,0,0.00,Search,0.00%,0.00,0.00
railings near me,AI Max,None,Fairfax-Search-Search - Deck Leads - VA - May 2025,Deck Repair & Refinishing,USD,0.00,0,1,0.00%,0,0.00,Search,0.00%,0.00,0.00
residential paving companies near me,AI Max,None,Fairfax-Search-Search - Deck Leads - VA - May 2025,Deck + Patio / Outdoor Living,USD,0.00,0,1,0.00%,0,0.00,Search,0.00%,0.00,0.00
capital remodeling,AI Max,None,Fairfax-Search-Search - Deck Leads - VA - May 2025,Deck Builders Near Me,USD,0.00,0,1,0.00%,0,0.00,Search,0.00%,0.00,0.00
thermal blue flagstone,AI Max,None,Fairfax-Search-Search - Deck Leads - VA - May 2025,Deck + Patio / Outdoor Living,USD,0.00,0,1,0.00%,0,0.00,Search,0.00%,0.00,0.00
kcb contracting,AI Max,None,Fairfax-Search-Search - Deck Leads - VA - May 2025,Deck Builders Near Me,USD,0.00,0,1,0.00%,0,0.00,Search,0.00%,0.00,0.00
buy deck,AI Max,None,Fairfax-Search-Search - Deck Leads - VA - May 2025,Deck Builders Near Me,USD,0.00,0,1,0.00%,0,0.00,Search,0.00%,0.00,0.00
whitmer decks reviews,AI Max,None,Premium Composite Decks,Ad group 1,USD,0.00,0,1,0.00%,0,0.00,Search,0.00%,0.00,0.00
carpenters near me,AI Max,None,Premium Composite Decks,Ad group 1,USD,0.00,0,1,0.00%,0,0.00,Search,0.00%,0.00,0.00
bluestone patio,AI Max,None,Premium Composite Decks,Ad group 1,USD,0.00,0,2,0.00%,0,0.00,Search,0.00%,0.00,0.00
construction near me,AI Max,None,Premium Composite Decks,Ad group 1,USD,0.00,0,2,0.00%,0,0.00,Search,0.00%,0.00,0.00
trex,AI Max,None,Premium Composite Decks,Ad group 1,USD,0.00,0,53,0.00%,0,0.00,Search,0.00%,0.00,0.00
porch vibes,AI Max,None,Premium Composite Decks,Ad group 1,USD,0.00,0,1,0.00%,0,0.00,Search,0.00%,0.00,0.00
the deck guy,AI Max,None,Premium Composite Decks,Ad group 1,USD,0.00,0,1,0.00%,0,0.00,Search,0.00%,0.00,0.00
outside railing,AI Max,None,Premium Composite Decks,Ad group 1,USD,0.00,0,2,0.00%,0,0.00,Search,0.00%,0.00,0.00
lumber 84,AI Max,None,Premium Composite Decks,Ad group 1,USD,0.00,0,1,0.00%,0,0.00,Search,0.00%,0.00,0.00
deck refurbishing,AI Max,None,Premium Composite Decks,Ad group 1,USD,0.00,0,1,0.00%,0,0.00,Search,0.00%,0.00,0.00
two story pergola,AI Max,None,Premium Composite Decks,Ad group 1,USD,0.00,0,2,0.00%,0,0.00,Search,0.00%,0.00,0.00
timber trek,AI Max,None,Premium Composite Decks,Ad group 1,USD,0.00,0,3,0.00%,0,0.00,Search,0.00%,0.00,0.00
12x16 pergola with roof,AI Max,None,Premium Composite Decks,Ad group 1,USD,600.00,1,1,100.00%,0.60,0.60,Search,0.00%,0.00,0.00
trex basic,AI Max,None,Premium Composite Decks,Ad group 1,USD,0.00,0,1,0.00%,0,0.00,Search,0.00%,0.00,0.00
trex 10 foot boards,AI Max,None,Premium Composite Decks,Ad group 1,USD,0.00,0,1,0.00%,0,0.00,Search,0.00%,0.00,0.00
hardscaping,Performance Max,None,PMAX cu remarketing, --,USD,0.00,0,4,0.00%,0,0.00,Performance Max,0.00%,0.00,0.00
backyard front porch,Performance Max,None,PMAX cu remarketing, --,USD,0.00,0,10,0.00%,0,0.00,Performance Max,0.00%,0.00,0.00
installing a gazebo on a deck,Performance Max,None,PMAX cu remarketing, --,USD,0.00,0,1,0.00%,0,0.00,Performance Max,0.00%,0.00,0.00
installing fence,Performance Max,None,PMAX cu remarketing, --,USD,0.00,0,1,0.00%,0,0.00,Performance Max,0.00%,0.00,0.00
loudoun possible,Performance Max,None,PMAX cu remarketing, --,USD,0.00,0,1,0.00%,0,0.00,Performance Max,0.00%,0.00,0.00
how to build a portico,Performance Max,None,PMAX cu remarketing, --,USD,0.00,0,1,0.00%,0,0.00,Performance Max,0.00%,0.00,0.00
lowes railing installation,Performance Max,None,PMAX cu remarketing, --,USD,0.00,0,1,0.00%,0,0.00,Performance Max,0.00%,0.00,0.00
deckscapes of virginia reviews,Performance Max,None,PMAX cu remarketing, --,USD,0.00,0,5,0.00%,0,0.00,Performance Max,0.00%,0.00,0.00
power washing northern virginia,Performance Max,None,PMAX cu remarketing, --,USD,0.00,0,2,0.00%,0,0.00,Performance Max,0.00%,0.00,0.00
deck staining near me,Performance Max,None,PMAX cu remarketing, --,USD,0.00,0,8,0.00%,0,0.00,Performance Max,0.00%,0.00,0.00
paver patio design,Performance Max,None,PMAX cu remarketing, --,USD,0.00,0,1,0.00%,0,0.00,Performance Max,0.00%,0.00,0.00
screened in porches,Performance Max,None,PMAX cu remarketing, --,USD,0.00,0,3,0.00%,0,0.00,Performance Max,0.00%,0.00,0.00
loudoun valley floors ashburn,Performance Max,None,PMAX cu remarketing, --,USD,0.00,0,2,0.00%,0,0.00,Performance Max,0.00%,0.00,0.00
deck company virginia,Performance Max,None,PMAX cu remarketing, --,USD,0.00,0,2,0.00%,0,0.00,Performance Max,0.00%,0.00,0.00
lewis aquatech,Performance Max,None,PMAX cu remarketing, --,USD,0.00,0,3,0.00%,0,0.00,Performance Max,0.00%,0.00,0.00
landscapers centreville va,Broad match,None,loudoun decks,Deck Builder - Brambleton,USD,0.00,0,1,0.00%,0,0.00,Search,0.00%,0.00,0.00
pool patio design,Broad match,None,loudoun decks,Deck Builder - Brambleton,USD,0.00,0,1,0.00%,0,0.00,Search,0.00%,0.00,0.00
trex wholesale,AI Max,None,loudoun decks,Deck Builder - Hamilton,USD,0.00,0,1,0.00%,0,0.00,Search,0.00%,0.00,0.00
patio deck,AI Max,None,loudoun decks,Deck Builder - Round Hill,USD,0.00,0,1,0.00%,0,0.00,Search,0.00%,0.00,0.00
deck masters,AI Max,None,loudoun decks,Deck Builder - Middleburg,USD,0.00,0,1,0.00%,0,0.00,Search,0.00%,0.00,0.00
deck house design,AI Max,None,loudoun decks,Deck Builder - Aldie,USD,0.00,0,1,0.00%,0,0.00,Search,0.00%,0.00,0.00
deck coating,Phrase match (close variant),None,loudoun decks,Deck Builder - Brambleton,USD,0.00,0,1,0.00%,0,0.00,Search,0.00%,0.00,0.00
restoration company near me,Broad match,None,Deck Repair - Loudoun County,Deck Renovation,USD,388.88,1,2,50.00%,0.78,0.78,Search,0.00%,0.00,0.00
building a deck for beginners,Broad match,None,Deck Repair - Loudoun County,Deck Renovation,USD,0.00,0,1,0.00%,0,0.00,Search,0.00%,0.00,0.00
loudoun garage door,AI Max,None,Deck Repair - Loudoun County,Deck Repair - Loudoun County,USD,0.00,0,1,0.00%,0,0.00,Search,0.00%,0.00,0.00
deck replacement cost,Exact match,Added,Deck Repair - Loudoun County,Deck Replacement,USD,0.00,0,1,0.00%,0,0.00,Search,0.00%,0.00,0.00
professional deck builders,AI Max,None,Deck Repair - Loudoun County,Deck Replacement,USD,0.00,0,1,0.00%,0,0.00,Search,0.00%,0.00,0.00
10x10 deck,AI Max,None,Deck Repair - Loudoun County,Deck Restoration - Refinishing,USD,0.00,0,1,0.00%,0,0.00,Search,0.00%,0.00,0.00
townhouse decks,AI Max,None,Deck Repair - Loudoun County,Deck Repair - Loudoun County,USD,0.00,0,2,0.00%,0,0.00,Search,0.00%,0.00,0.00
patio and deck contractors,AI Max,None,Deck Repair - Loudoun County,Deck Repair - Loudoun County,USD,2020.00,1,1,100.00%,2.02,2.02,Search,0.00%,0.00,0.00
timber tech composite decking,Phrase match (close variant),None,SRCH | Composite | 3 Counties | Calls,Composite Deck Cost,USD,0.00,0,2,0.00%,0,0.00,Search,0.00%,0.00,0.00
deck near me,Phrase match (close variant),None,Fairfax-Search-Search - Deck Leads - VA - May 2025,Deck Builders Near Me,USD,0.00,0,1,0.00%,0,0.00,Search,0.00%,0.00,0.00
best composite decking,AI Max,None,Fairfax-Search-Search - Deck Leads - VA - May 2025,Deck + Patio / Outdoor Living,USD,0.00,0,1,0.00%,0,0.00,Search,0.00%,0.00,0.00
deck builder,AI Max,None,Fairfax-Search-Search - Deck Leads - VA - May 2025,Deck Builders Near Me,USD,0.00,0,3,0.00%,0,0.00,Search,0.00%,0.00,0.00
timber tech near me,AI Max,None,Fairfax-Search-Search - Deck Leads - VA - May 2025,Composite Decking,USD,0.00,0,1,0.00%,0,0.00,Search,0.00%,0.00,0.00
red sun fence,Performance Max,None,PMAX cu remarketing, --,USD,0.00,0,1,0.00%,0,0.00,Performance Max,0.00%,0.00,0.00
wood fence,Performance Max,None,PMAX cu remarketing, --,USD,0.00,0,1,0.00%,0,0.00,Performance Max,0.00%,0.00,0.00
ldn decks,Performance Max,None,PMAX cu remarketing, --,USD,0.00,0,1,0.00%,0,0.00,Performance Max,0.00%,0.00,0.00
3 step deck stairs,Performance Max,None,PMAX cu remarketing, --,USD,0.00,0,1,0.00%,0,0.00,Performance Max,0.00%,0.00,0.00
screened in back porch ideas,Performance Max,None,PMAX cu remarketing, --,USD,0.00,0,1,0.00%,0,0.00,Performance Max,0.00%,0.00,0.00
how much to build a fence,Performance Max,None,PMAX cu remarketing, --,USD,0.00,0,1,0.00%,0,0.00,Performance Max,0.00%,0.00,0.00
wood restoration near me,Performance Max,None,PMAX cu remarketing, --,USD,0.00,0,2,0.00%,0,0.00,Performance Max,0.00%,0.00,0.00
screen porch contractor near me,Performance Max,None,PMAX cu remarketing, --,USD,0.00,0,3,0.00%,0,0.00,Performance Max,0.00%,0.00,0.00
convert deck to screened porch,Performance Max,None,PMAX cu remarketing, --,USD,0.00,0,1,0.00%,0,0.00,Performance Max,0.00%,0.00,0.00
piso de deck exterior,Performance Max,None,PMAX cu remarketing, --,USD,0.00,0,1,0.00%,0,0.00,Performance Max,0.00%,0.00,0.00
how to replace deck post,Performance Max,None,PMAX cu remarketing, --,USD,0.00,0,3,0.00%,0,0.00,Performance Max,0.00%,0.00,0.00
fencing companies woodbridge va,Performance Max,None,PMAX cu remarketing, --,USD,0.00,0,2,0.00%,0,0.00,Performance Max,0.00%,0.00,0.00
barron's lumber manassas,Performance Max,None,PMAX cu remarketing, --,USD,0.00,0,1,0.00%,0,0.00,Performance Max,0.00%,0.00,0.00
underneath deck ideas,Performance Max,None,PMAX cu remarketing, --,USD,0.00,0,1,0.00%,0,0.00,Performance Max,0.00%,0.00,0.00
attach deck rail to house,Performance Max,None,PMAX cu remarketing, --,USD,0.00,0,1,0.00%,0,0.00,Performance Max,0.00%,0.00,0.00
fairfax county deck code,Performance Max,None,PMAX cu remarketing, --,USD,0.00,0,1,0.00%,0,0.00,Performance Max,0.00%,0.00,0.00
landscaping businesses,Performance Max,None,PMAX cu remarketing, --,USD,0.00,0,1,0.00%,0,0.00,Performance Max,0.00%,0.00,0.00
fence deck near me,Performance Max,None,PMAX cu remarketing, --,USD,0.00,0,1,0.00%,0,0.00,Performance Max,0.00%,0.00,0.00
deck near me,Performance Max,None,PMAX cu remarketing, --,USD,0.00,0,2,0.00%,0,0.00,Performance Max,0.00%,0.00,0.00
outdoor patio pergola,AI Max,None,Premium Composite Decks,Ad group 1,USD,0.00,0,1,0.00%,0,0.00,Search,0.00%,0.00,0.00
construction systems of virginia,AI Max,None,Premium Composite Decks,Ad group 1,USD,0.00,0,1,0.00%,0,0.00,Search,0.00%,0.00,0.00
tide pool trex,AI Max,None,Premium Composite Decks,Ad group 1,USD,0.00,0,1,0.00%,0,0.00,Search,0.00%,0.00,0.00
trex select,AI Max,None,Premium Composite Decks,Ad group 1,USD,0.00,0,1,0.00%,0,0.00,Search,0.00%,0.00,0.00
prefabricated outdoor stair railings,AI Max,None,Premium Composite Decks,Ad group 1,USD,0.00,0,1,0.00%,0,0.00,Search,0.00%,0.00,0.00
estimate to build a deck,AI Max,None,Premium Composite Decks,Ad group 1,USD,3831.36,1,2,50.00%,7.66,7.66,Search,0.00%,0.00,0.00
how much it cost to make a deck,AI Max,None,Premium Composite Decks,Ad group 1,USD,0.00,0,1,0.00%,0,0.00,Search,0.00%,0.00,0.00
prince william home improvement woodbridge va,AI Max,None,Premium Composite Decks,Ad group 1,USD,0.00,0,1,0.00%,0,0.00,Search,0.00%,0.00,0.00
waterproof deck flooring options,AI Max,None,Premium Composite Decks,Ad group 1,USD,0.00,0,1,0.00%,0,0.00,Search,0.00%,0.00,0.00
exterior lvl beams for decks,AI Max,None,Premium Composite Decks,Ad group 1,USD,0.00,0,1,0.00%,0,0.00,Search,0.00%,0.00,0.00
construction companies in northern virginia,AI Max,None,Premium Composite Decks,Ad group 1,USD,0.00,0,1,0.00%,0,0.00,Search,0.00%,0.00,0.00
railings for outdoor steps,AI Max,None,Premium Composite Decks,Ad group 1,USD,0.00,0,1,0.00%,0,0.00,Search,0.00%,0.00,0.00
home genius exteriors,AI Max,None,Premium Composite Decks,Ad group 1,USD,0.00,0,1,0.00%,0,0.00,Search,0.00%,0.00,0.00
cali bamboo decking,AI Max,None,Premium Composite Decks,Ad group 1,USD,0.00,0,1,0.00%,0,0.00,Search,0.00%,0.00,0.00
amish deck builders,AI Max,None,loudoun decks,Loudoun Decks,USD,0.00,0,1,0.00%,0,0.00,Search,0.00%,0.00,0.00
timbertech prime,AI Max,None,loudoun decks,Deck Builder - Hamilton,USD,0.00,0,1,0.00%,0,0.00,Search,0.00%,0.00,0.00
millwork companies near me,AI Max,None,loudoun decks,Deck Builder - Round Hill,USD,0.00,0,1,0.00%,0,0.00,Search,0.00%,0.00,0.00
atlantic construction,Broad match,None,loudoun decks,Deck Builder - Brambleton,USD,0.00,0,1,0.00%,0,0.00,Search,0.00%,0.00,0.00
diseño de deck,Broad match,None,loudoun decks,Deck Builder - Brambleton,USD,0.00,0,1,0.00%,0,0.00,Search,0.00%,0.00,0.00
outdoor spaces llc,AI Max,None,loudoun decks,Deck Builder - Purcellville,USD,0.00,0,1,0.00%,0,0.00,Search,0.00%,0.00,0.00
toasted sand,AI Max,None,loudoun decks,Loudoun Decks,USD,0.00,0,1,0.00%,0,0.00,Search,0.00%,0.00,0.00
deck designs,Broad match,None,loudoun decks,Deck Builder - Brambleton,USD,0.00,0,1,0.00%,0,0.00,Search,0.00%,0.00,0.00
loudon construction,AI Max,None,loudoun decks,Deck Builder - South Riding,USD,0.00,0,1,0.00%,0,0.00,Search,0.00%,0.00,0.00
dj fences,Performance Max,None,Pmax - Dec4, --,USD,0.00,0,1,0.00%,0,0.00,Performance Max,0.00%,0.00,0.00
deck with gazebo,Performance Max,None,Pmax - Dec4, --,USD,0.00,0,1,0.00%,0,0.00,Performance Max,0.00%,0.00,0.00
deck,Performance Max,None,Pmax - Dec4, --,USD,0.00,0,5,0.00%,0,0.00,Performance Max,0.00%,0.00,0.00
deck building company,Exact match (close variant),None,Deck Repair - Loudoun County,Deck Replacement,USD,0.00,0,2,0.00%,0,0.00,Search,0.00%,0.00,0.00
under deck waterproofing system,AI Max,None,Deck Repair - Loudoun County,Deck Repair - Loudoun County,USD,0.00,0,2,0.00%,0,0.00,Search,0.00%,0.00,0.00
restoring weathered deck,Exact match (close variant),None,Deck Repair - Loudoun County,Deck Repair - Loudoun County,USD,0.00,0,1,0.00%,0,0.00,Search,0.00%,0.00,0.00
backyard landscapes,AI Max,None,Fairfax-Search-Search - Deck Leads - VA - May 2025,Deck + Patio / Outdoor Living,USD,0.00,0,1,0.00%,0,0.00,Search,0.00%,0.00,0.00
rmc construction,AI Max,None,Fairfax-Search-Search - Deck Leads - VA - May 2025,Deck + Patio / Outdoor Living,USD,0.00,0,1,0.00%,0,0.00,Search,0.00%,0.00,0.00
contractor washington dc,Performance Max,None,PMAX cu remarketing, --,USD,0.00,0,2,0.00%,0,0.00,Performance Max,0.00%,0.00,0.00
struxure dealers,Performance Max,None,PMAX cu remarketing, --,USD,0.00,0,1,0.00%,0,0.00,Performance Max,0.00%,0.00,0.00
how to install screen on a porch,Performance Max,None,PMAX cu remarketing, --,USD,0.00,0,2,0.00%,0,0.00,Performance Max,0.00%,0.00,0.00
deck buddy,Performance Max,None,PMAX cu remarketing, --,USD,0.00,0,17,0.00%,0,0.00,Performance Max,0.00%,0.00,0.00
northern virginia pressure washing service,Performance Max,None,PMAX cu remarketing, --,USD,0.00,0,1,0.00%,0,0.00,Performance Max,0.00%,0.00,0.00
northwood construction,Performance Max,None,PMAX cu remarketing, --,USD,0.00,0,1,0.00%,0,0.00,Performance Max,0.00%,0.00,0.00
landscaping company in washington dc,Performance Max,None,PMAX cu remarketing, --,USD,0.00,0,1,0.00%,0,0.00,Performance Max,0.00%,0.00,0.00
how much to install a fence,Performance Max,None,PMAX cu remarketing, --,USD,0.00,0,1,0.00%,0,0.00,Performance Max,0.00%,0.00,0.00
deck designs,Performance Max,None,PMAX cu remarketing, --,USD,0.00,0,2,0.00%,0,0.00,Performance Max,0.00%,0.00,0.00
other patio lawn & garden,Performance Max,None,PMAX cu remarketing, --,USD,0.00,0,1,0.00%,0,0.00,Performance Max,0.00%,0.00,0.00
deck size,Performance Max,None,PMAX cu remarketing, --,USD,0.00,0,1,0.00%,0,0.00,Performance Max,0.00%,0.00,0.00
how to paint backyard deck,Performance Max,None,PMAX cu remarketing, --,USD,0.00,0,1,0.00%,0,0.00,Performance Max,0.00%,0.00,0.00
timber buyers in maryland,Performance Max,None,PMAX cu remarketing, --,USD,0.00,0,1,0.00%,0,0.00,Performance Max,0.00%,0.00,0.00
8x8x16 treated post,Performance Max,None,PMAX cu remarketing, --,USD,0.00,0,1,0.00%,0,0.00,Performance Max,0.00%,0.00,0.00
local fencing companies,Performance Max,None,PMAX cu remarketing, --,USD,0.00,0,1,0.00%,0,0.00,Performance Max,0.00%,0.00,0.00
deck direct,Performance Max,None,PMAX cu remarketing, --,USD,0.00,0,1,0.00%,0,0.00,Performance Max,0.00%,0.00,0.00
how to refinish deck wood,Performance Max,None,PMAX cu remarketing, --,USD,0.00,0,1,0.00%,0,0.00,Performance Max,0.00%,0.00,0.00
loudoun county decks,Performance Max,None,PMAX cu remarketing, --,USD,226.67,1,3,33.33%,0.68,0.68,Performance Max,0.00%,0.00,0.00
fence against house,Performance Max,None,PMAX cu remarketing, --,USD,0.00,0,1,0.00%,0,0.00,Performance Max,0.00%,0.00,0.00
northern deckworks,AI Max,None,loudoun decks,Deck Builder - South Riding,USD,0.00,0,1,0.00%,0,0.00,Search,0.00%,0.00,0.00
trex transcend island mist,AI Max,None,loudoun decks,Deck Builder - Sterling,USD,0.00,0,1,0.00%,0,0.00,Search,0.00%,0.00,0.00
sunburst deck,AI Max,None,loudoun decks,Deck Builder - Aldie,USD,0.00,0,1,0.00%,0,0.00,Search,0.00%,0.00,0.00
sunburst construction,AI Max,None,loudoun decks,Deck Builder - Leesburg,USD,0.00,0,1,0.00%,0,0.00,Search,0.00%,0.00,0.00
struxure dealers,Broad match,None,loudoun decks,Deck Builder - Brambleton,USD,0.00,0,2,0.00%,0,0.00,Search,0.00%,0.00,0.00
what is a composite deck,AI Max,None,Premium Composite Decks,Ad group 1,USD,0.00,0,1,0.00%,0,0.00,Search,0.00%,0.00,0.00
siding repair ashburn va,AI Max,None,Premium Composite Decks,Ad group 1,USD,9300.00,1,1,100.00%,9.30,9.30,Search,0.00%,0.00,0.00
valer deck and patio,AI Max,None,Premium Composite Decks,Ad group 1,USD,0.00,0,3,0.00%,0,0.00,Search,0.00%,0.00,0.00
porch conversion,AI Max,None,Premium Composite Decks,Ad group 1,USD,0.00,0,1,0.00%,0,0.00,Search,0.00%,0.00,0.00
general construction works,AI Max,None,Premium Composite Decks,Ad group 1,USD,2130.00,1,2,50.00%,4.26,4.26,Search,100.00%,1.00,4.26
prestige deck builders,AI Max,None,Premium Composite Decks,Ad group 1,USD,0.00,0,3,0.00%,0,0.00,Search,0.00%,0.00,0.00
veranda brazilian walnut,AI Max,None,Premium Composite Decks,Ad group 1,USD,0.00,0,1,0.00%,0,0.00,Search,0.00%,0.00,0.00
the deck dudes,AI Max,None,Premium Composite Decks,Ad group 1,USD,0.00,0,1,0.00%,0,0.00,Search,0.00%,0.00,0.00
carter lumber,AI Max,None,Premium Composite Decks,Ad group 1,USD,0.00,0,1,0.00%,0,0.00,Search,0.00%,0.00,0.00
lumber yard fairfax,AI Max,None,Premium Composite Decks,Ad group 1,USD,0.00,0,2,0.00%,0,0.00,Search,0.00%,0.00,0.00
sun design remodeling specialists inc,AI Max,None,Premium Composite Decks,Ad group 1,USD,0.00,0,1,0.00%,0,0.00,Search,0.00%,0.00,0.00
replace outdoor railing,Performance Max,None,Pmax - Dec4, --,USD,0.00,0,1,0.00%,0,0.00,Performance Max,0.00%,0.00,0.00
northern virginia construction,AI Max,None,Deck Repair - Loudoun County,Deck Replacement,USD,0.00,0,1,0.00%,0,0.00,Search,0.00%,0.00,0.00
deck enclosures,AI Max,None,Deck Repair - Loudoun County,Composite - Trex Repair,USD,0.00,0,1,0.00%,0,0.00,Search,0.00%,0.00,0.00
waterproof deck,Broad match,None,Deck Repair - Loudoun County,Deck Replacement,USD,0.00,0,1,0.00%,0,0.00,Search,0.00%,0.00,0.00
cost of trex decking vs wood,Phrase match,None,SRCH | Composite | 3 Counties | Calls,Composite Deck Cost,USD,0.00,0,2,0.00%,0,0.00,Search,0.00%,0.00,0.00
taping deck joists,AI Max,None,Fairfax-Search-Search - Deck Leads - VA - May 2025,Deck Repair & Refinishing,USD,0.00,0,1,0.00%,0,0.00,Search,0.00%,0.00,0.00
trex lineage,AI Max,None,Fairfax-Search-Search - Deck Leads - VA - May 2025,Composite Decking,USD,0.00,0,1,0.00%,0,0.00,Search,0.00%,0.00,0.00
stoneyards near me,AI Max,None,Fairfax-Search-Search - Deck Leads - VA - May 2025,Deck + Patio / Outdoor Living,USD,0.00,0,1,0.00%,0,0.00,Search,0.00%,0.00,0.00
patio awnings near me,AI Max,None,Fairfax-Search-Search - Deck Leads - VA - May 2025,Deck + Patio / Outdoor Living,USD,0.00,0,1,0.00%,0,0.00,Search,0.00%,0.00,0.00
vinyl columns for porches,AI Max,None,Fairfax-Search-Search - Deck Leads - VA - May 2025,Deck Builders Near Me,USD,0.00,0,1,0.00%,0,0.00,Search,0.00%,0.00,0.00
veranda,AI Max,None,Fairfax-Search-Search - Deck Leads - VA - May 2025,Deck + Patio / Outdoor Living,USD,0.00,0,1,0.00%,0,0.00,Search,0.00%,0.00,0.00
ts pressure washing & deck restorations llc,AI Max,None,Premium Composite Decks,Ad group 1,USD,0.00,0,1,0.00%,0,0.00,Search,0.00%,0.00,0.00
deck builder,AI Max,None,Premium Composite Decks,Ad group 1,USD,0.00,0,2,0.00%,0,0.00,Search,0.00%,0.00,0.00
tartlumber,AI Max,None,Premium Composite Decks,Ad group 1,USD,0.00,0,1,0.00%,0,0.00,Search,0.00%,0.00,0.00
stoneyard,AI Max,None,Premium Composite Decks,Ad group 1,USD,0.00,0,1,0.00%,0,0.00,Search,0.00%,0.00,0.00
timbertech azek,AI Max,None,Premium Composite Decks,Ad group 1,USD,0.00,0,4,0.00%,0,0.00,Search,0.00%,0.00,0.00
contractors in my area,AI Max,None,Premium Composite Decks,Ad group 1,USD,3732.94,8,17,47.06%,7.93,63.46,Search,0.00%,0.00,0.00
how much to replace a deck,AI Max,None,Premium Composite Decks,Ad group 1,USD,0.00,0,2,0.00%,0,0.00,Search,0.00%,0.00,0.00
lowe's trex decking,AI Max,None,Premium Composite Decks,Ad group 1,USD,0.00,0,1,0.00%,0,0.00,Search,0.00%,0.00,0.00
how to prepare ground for decking,AI Max,None,Premium Composite Decks,Ad group 1,USD,0.00,0,1,0.00%,0,0.00,Search,0.00%,0.00,0.00
handyman warrenton va,AI Max,None,Premium Composite Decks,Ad group 1,USD,0.00,0,1,0.00%,0,0.00,Search,0.00%,0.00,0.00
ktn construction sterling,AI Max,None,Premium Composite Decks,Ad group 1,USD,0.00,0,1,0.00%,0,0.00,Search,0.00%,0.00,0.00
restoring a deck,Performance Max,None,PMAX cu remarketing, --,USD,0.00,0,1,0.00%,0,0.00,Performance Max,0.00%,0.00,0.00
fascia mount deck railing,Performance Max,None,PMAX cu remarketing, --,USD,0.00,0,1,0.00%,0,0.00,Performance Max,0.00%,0.00,0.00
top rated patio builders near me,Performance Max,None,PMAX cu remarketing, --,USD,0.00,0,1,0.00%,0,0.00,Performance Max,0.00%,0.00,0.00
rescreening a porch,Performance Max,None,PMAX cu remarketing, --,USD,0.00,0,1,0.00%,0,0.00,Performance Max,0.00%,0.00,0.00
plastic tongue and groove decking,Performance Max,None,PMAX cu remarketing, --,USD,0.00,0,1,0.00%,0,0.00,Performance Max,0.00%,0.00,0.00
deck design ideas,Performance Max,None,PMAX cu remarketing, --,USD,0.00,0,4,0.00%,0,0.00,Performance Max,0.00%,0.00,0.00
fence company waldorf md,Performance Max,None,PMAX cu remarketing, --,USD,0.00,0,1,0.00%,0,0.00,Performance Max,0.00%,0.00,0.00
adding a pergola to a deck,Performance Max,None,PMAX cu remarketing, --,USD,0.00,0,1,0.00%,0,0.00,Performance Max,0.00%,0.00,0.00
rotten deck boards,Performance Max,None,PMAX cu remarketing, --,USD,0.00,0,1,0.00%,0,0.00,Performance Max,0.00%,0.00,0.00
architdeck,Performance Max,None,PMAX cu remarketing, --,USD,0.00,0,1,0.00%,0,0.00,Performance Max,0.00%,0.00,0.00
nova decks and exteriors reviews,Performance Max,None,PMAX cu remarketing, --,USD,0.00,0,1,0.00%,0,0.00,Performance Max,0.00%,0.00,0.00
trex decking installation,Performance Max,None,PMAX cu remarketing, --,USD,24.44,2,16,12.50%,0.20,0.39,Performance Max,0.00%,0.00,0.00
home exterior contractors,Performance Max,None,PMAX cu remarketing, --,USD,0.00,0,1,0.00%,0,0.00,Performance Max,0.00%,0.00,0.00
evergreen fence and deck,Performance Max,None,PMAX cu remarketing, --,USD,0.00,0,1,0.00%,0,0.00,Performance Max,0.00%,0.00,0.00
no permit deck,Performance Max,None,PMAX cu remarketing, --,USD,0.00,0,1,0.00%,0,0.00,Performance Max,0.00%,0.00,0.00
patio design ideas,Performance Max,None,PMAX cu remarketing, --,USD,0.00,0,6,0.00%,0,0.00,Performance Max,0.00%,0.00,0.00
smoot lumber near me,Performance Max,None,PMAX cu remarketing, --,USD,0.00,0,3,0.00%,0,0.00,Performance Max,0.00%,0.00,0.00
construction contractors,AI Max,None,loudoun decks,Deck Builder - Lansdowne,USD,0.00,0,1,0.00%,0,0.00,Search,0.00%,0.00,0.00
outside patio deck,Phrase match (close variant),None,loudoun decks,Deck Builder - Brambleton,USD,0.00,0,1,0.00%,0,0.00,Search,0.00%,0.00,0.00
deck patio,Broad match,None,loudoun decks,Deck Builder - Brambleton,USD,0.00,0,1,0.00%,0,0.00,Search,0.00%,0.00,0.00
deck rail design,Broad match,None,loudoun decks,Deck Builder - Brambleton,USD,0.00,0,1,0.00%,0,0.00,Search,0.00%,0.00,0.00
mr deck,Broad match,None,loudoun decks,Deck Builder - Brambleton,USD,0.00,0,2,0.00%,0,0.00,Search,0.00%,0.00,0.00
deck skirting,Broad match,None,loudoun decks,Deck Builder - Brambleton,USD,0.00,0,1,0.00%,0,0.00,Search,0.00%,0.00,0.00
del castillo construction,AI Max,None,loudoun decks,Loudoun Decks,USD,0.00,0,1,0.00%,0,0.00,Search,0.00%,0.00,0.00
steel deck builders near me,AI Max,None,loudoun decks,Deck Builder - Stone Ridge,USD,0.00,0,1,0.00%,0,0.00,Search,0.00%,0.00,0.00
patio,AI Max,None,loudoun decks,Deck Builder - Brambleton,USD,0.00,0,1,0.00%,0,0.00,Search,0.00%,0.00,0.00
covered patios,Broad match,None,loudoun decks,Deck Builder - Brambleton,USD,0.00,0,2,0.00%,0,0.00,Search,0.00%,0.00,0.00
deck flooring material,Phrase match (close variant),None,loudoun decks,Deck Builder - Brambleton,USD,0.00,0,1,0.00%,0,0.00,Search,0.00%,0.00,0.00
deck companies near me,AI Max,None,Deck Repair - Loudoun County,Composite - Trex Repair,USD,0.00,0,1,0.00%,0,0.00,Search,0.00%,0.00,0.00
k and k contractors,AI Max,None,Deck Repair - Loudoun County,Composite - Trex Repair,USD,0.00,0,1,0.00%,0,0.00,Search,0.00%,0.00,0.00
replace deck posts,Broad match,None,Deck Repair - Loudoun County,Deck Renovation,USD,0.00,0,1,0.00%,0,0.00,Search,0.00%,0.00,0.00
anas contracting,Broad match,None,Deck Repair - Loudoun County,Deck Renovation,USD,0.00,0,1,0.00%,0,0.00,Search,0.00%,0.00,0.00
deck repair,Broad match,None,Deck Repair - Loudoun County,Deck Replacement,USD,0.00,0,1,0.00%,0,0.00,Search,0.00%,0.00,0.00
deck repair near me,AI Max,Added,Deck Repair - Loudoun County,Deck Repair - Loudoun County,USD,0.00,0,1,0.00%,0,0.00,Search,0.00%,0.00,0.00
local wood,Performance Max,None,Pmax - Dec4, --,USD,1556.67,1,3,33.33%,4.67,4.67,Performance Max,0.00%,0.00,0.00
md fence company,Performance Max,None,Pmax - Dec4, --,USD,0.00,0,1,0.00%,0,0.00,Performance Max,0.00%,0.00,0.00
deck trex,Phrase match (close variant),None,SRCH | Composite | 3 Counties | Calls,Composite Deck Cost,USD,0.00,0,2,0.00%,0,0.00,Search,0.00%,0.00,0.00
trex board,Phrase match (close variant),None,SRCH | Composite | 3 Counties | Calls,Composite Deck Cost,USD,0.00,0,1,0.00%,0,0.00,Search,0.00%,0.00,0.00
hardscapes northern virginia,AI Max,None,Fairfax-Search-Search - Deck Leads - VA - May 2025,Deck Builders Near Me,USD,0.00,0,1,0.00%,0,0.00,Search,0.00%,0.00,0.00
backyard idea,AI Max,None,Fairfax-Search-Search - Deck Leads - VA - May 2025,Deck + Patio / Outdoor Living,USD,0.00,0,1,0.00%,0,0.00,Search,0.00%,0.00,0.00
outdoor patio stores near me,AI Max,None,Fairfax-Search-Search - Deck Leads - VA - May 2025,Deck + Patio / Outdoor Living,USD,0.00,0,1,0.00%,0,0.00,Search,0.00%,0.00,0.00
deck building near me,Exact match (close variant),None,Fairfax-Search-Search - Deck Leads - VA - May 2025,Deck Builders Near Me,USD,0.00,0,1,0.00%,0,0.00,Search,0.00%,0.00,0.00
replacing deck boards with trex,Performance Max,None,PMAX cu remarketing, --,USD,0.00,0,1,0.00%,0,0.00,Performance Max,0.00%,0.00,0.00
craig sundecks and porches,Performance Max,None,PMAX cu remarketing, --,USD,0.00,0,2,0.00%,0,0.00,Performance Max,0.00%,0.00,0.00
tw perry near me,Performance Max,None,PMAX cu remarketing, --,USD,0.00,0,1,0.00%,0,0.00,Performance Max,0.00%,0.00,0.00
power washing a deck,Performance Max,None,PMAX cu remarketing, --,USD,0.00,0,1,0.00%,0,0.00,Performance Max,0.00%,0.00,0.00
under the deck ideas,Performance Max,None,PMAX cu remarketing, --,USD,0.00,0,1,0.00%,0,0.00,Performance Max,0.00%,0.00,0.00
above ground pool deck,Performance Max,None,PMAX cu remarketing, --,USD,0.00,0,2,0.00%,0,0.00,Performance Max,0.00%,0.00,0.00
port city fence alexandria,Performance Max,None,PMAX cu remarketing, --,USD,0.00,0,1,0.00%,0,0.00,Performance Max,0.00%,0.00,0.00
how to pressure wash siding on house,Performance Max,None,PMAX cu remarketing, --,USD,0.00,0,1,0.00%,0,0.00,Performance Max,0.00%,0.00,0.00
deck gardens,Performance Max,None,PMAX cu remarketing, --,USD,0.00,0,1,0.00%,0,0.00,Performance Max,0.00%,0.00,0.00
wood deck companies near me,Performance Max,None,PMAX cu remarketing, --,USD,0.00,0,1,0.00%,0,0.00,Performance Max,0.00%,0.00,0.00
loudoun deck and fence,Performance Max,None,PMAX cu remarketing, --,USD,547.08,13,107,12.15%,4.50,58.54,Performance Max,0.00%,0.00,0.00
custom pergola near me,Performance Max,None,PMAX cu remarketing, --,USD,0.00,0,2,0.00%,0,0.00,Performance Max,0.00%,0.00,0.00
back backyard,Performance Max,None,PMAX cu remarketing, --,USD,0.00,0,2,0.00%,0,0.00,Performance Max,0.00%,0.00,0.00
finishing a deck,Performance Max,None,PMAX cu remarketing, --,USD,0.00,0,1,0.00%,0,0.00,Performance Max,0.00%,0.00,0.00
how to repair deck wood,Performance Max,None,PMAX cu remarketing, --,USD,0.00,0,1,0.00%,0,0.00,Performance Max,0.00%,0.00,0.00
power washing companies near me,Performance Max,None,PMAX cu remarketing, --,USD,0.00,0,1,0.00%,0,0.00,Performance Max,0.00%,0.00,0.00
how much to replace a deck post,Performance Max,None,PMAX cu remarketing, --,USD,0.00,0,1,0.00%,0,0.00,Performance Max,0.00%,0.00,0.00
timbertech cypress,Performance Max,None,PMAX cu remarketing, --,USD,0.00,0,1,0.00%,0,0.00,Performance Max,0.00%,0.00,0.00
northern virginia deck builders,Performance Max,None,PMAX cu remarketing, --,USD,0.00,0,3,0.00%,0,0.00,Performance Max,0.00%,0.00,0.00
deck cleaning,Performance Max,None,PMAX cu remarketing, --,USD,1626.00,2,5,40.00%,4.07,8.13,Performance Max,0.00%,0.00,0.00
timbertech vintage,Performance Max,None,PMAX cu remarketing, --,USD,0.00,0,1,0.00%,0,0.00,Performance Max,0.00%,0.00,0.00
how much does it cost to build a front porch,Performance Max,None,PMAX cu remarketing, --,USD,0.00,0,1,0.00%,0,0.00,Performance Max,0.00%,0.00,0.00
how to build back deck,Performance Max,None,PMAX cu remarketing, --,USD,0.00,0,1,0.00%,0,0.00,Performance Max,0.00%,0.00,0.00
fairfax typical deck details,Performance Max,None,PMAX cu remarketing, --,USD,0.00,0,3,0.00%,0,0.00,Performance Max,0.00%,0.00,0.00
patio near me,AI Max,None,loudoun decks,Loudoun Decks,USD,0.00,0,1,0.00%,0,0.00,Search,0.00%,0.00,0.00
ipe wood near me,AI Max,None,loudoun decks,Deck Builder - Middleburg,USD,0.00,0,2,0.00%,0,0.00,Search,0.00%,0.00,0.00
deck image,AI Max,None,loudoun decks,Deck Builder - Aldie,USD,0.00,0,1,0.00%,0,0.00,Search,0.00%,0.00,0.00
deck railings,Broad match,None,loudoun decks,Deck Builder - Brambleton,USD,0.00,0,1,0.00%,0,0.00,Search,0.00%,0.00,0.00
trex deck near me,AI Max,None,loudoun decks,Deck Builder - South Riding,USD,0.00,0,1,0.00%,0,0.00,Search,0.00%,0.00,0.00
trex composite decking foggy wharf,AI Max,None,Premium Composite Decks,Ad group 1,USD,0.00,0,3,0.00%,0,0.00,Search,0.00%,0.00,0.00
barrons lumber manassas va,AI Max,None,Premium Composite Decks,Ad group 1,USD,3080.00,1,2,50.00%,6.16,6.16,Search,0.00%,0.00,0.00
best composite deck brands,AI Max,None,Premium Composite Decks,Ad group 1,USD,0.00,0,1,0.00%,0,0.00,Search,0.00%,0.00,0.00
cedar wood near me,AI Max,None,Premium Composite Decks,Ad group 1,USD,0.00,0,4,0.00%,0,0.00,Search,0.00%,0.00,0.00
handyman in washington dc,AI Max,None,Premium Composite Decks,Ad group 1,USD,0.00,0,1,0.00%,0,0.00,Search,0.00%,0.00,0.00
sundeck medics llc,AI Max,None,Premium Composite Decks,Ad group 1,USD,0.00,0,2,0.00%,0,0.00,Search,0.00%,0.00,0.00
trex deck calculator,AI Max,None,Premium Composite Decks,Ad group 1,USD,4770.00,1,1,100.00%,4.77,4.77,Search,0.00%,0.00,0.00
biscayne trex decking,AI Max,None,Premium Composite Decks,Ad group 1,USD,0.00,0,1,0.00%,0,0.00,Search,0.00%,0.00,0.00
screened in porches near me,AI Max,None,Premium Composite Decks,Ad group 1,USD,0.00,0,1,0.00%,0,0.00,Search,0.00%,0.00,0.00
pictures of house decks,AI Max,None,Premium Composite Decks,Ad group 1,USD,0.00,0,1,0.00%,0,0.00,Search,0.00%,0.00,0.00
deck carpenter,Exact match (close variant),None,Premium Composite Decks,Ad group 1,USD,18590.00,1,1,100.00%,18.59,18.59,Search,0.00%,0.00,0.00
newtechwood vs trex,AI Max,None,Premium Composite Decks,Ad group 1,USD,0.00,0,1,0.00%,0,0.00,Search,0.00%,0.00,0.00
deck company,Performance Max,None,Pmax - Dec4, --,USD,0.00,0,1,0.00%,0,0.00,Performance Max,0.00%,0.00,0.00
contractor in va,AI Max,None,Deck Repair - Loudoun County,Deck Repair - Loudoun County,USD,0.00,0,1,0.00%,0,0.00,Search,0.00%,0.00,0.00
cuanto cuesta el pie cuadrado de deck,AI Max,None,Deck Repair - Loudoun County,Deck Restoration - Refinishing,USD,0.00,0,1,0.00%,0,0.00,Search,0.00%,0.00,0.00
rn contractors inc,AI Max,None,Deck Repair - Loudoun County,Deck Repair - Loudoun County,USD,0.00,0,1,0.00%,0,0.00,Search,0.00%,0.00,0.00
trex saddle select,Phrase match (close variant),None,SRCH | Composite | 3 Counties | Calls,Composite Deck Cost,USD,0.00,0,1,0.00%,0,0.00,Search,0.00%,0.00,0.00
flagstone,AI Max,None,Fairfax-Search-Search - Deck Leads - VA - May 2025,Deck + Patio / Outdoor Living,USD,0.00,0,1,0.00%,0,0.00,Search,0.00%,0.00,0.00
deck for sale,AI Max,None,Fairfax-Search-Search - Deck Leads - VA - May 2025,Deck Builders Near Me,USD,0.00,0,1,0.00%,0,0.00,Search,0.00%,0.00,0.00
deck stringer install,AI Max,None,Fairfax-Search-Search - Deck Leads - VA - May 2025,Deck Repair & Refinishing,USD,0.00,0,1,0.00%,0,0.00,Search,0.00%,0.00,0.00
belgard origins pavers,AI Max,None,Fairfax-Search-Search - Deck Leads - VA - May 2025,Deck + Patio / Outdoor Living,USD,0.00,0,1,0.00%,0,0.00,Search,0.00%,0.00,0.00
stanley martin construction,AI Max,None,Fairfax-Search-Search - Deck Leads - VA - May 2025,Deck Builders Near Me,USD,0.00,0,1,0.00%,0,0.00,Search,0.00%,0.00,0.00
general contractors front royal va,AI Max,None,Premium Composite Decks,Ad group 1,USD,0.00,0,2,0.00%,0,0.00,Search,0.00%,0.00,0.00
garden entrance pergola,AI Max,None,Premium Composite Decks,Ad group 1,USD,8410.00,1,1,100.00%,8.41,8.41,Search,0.00%,0.00,0.00
rooftop deck flooring options,AI Max,None,Premium Composite Decks,Ad group 1,USD,0.00,0,1,0.00%,0,0.00,Search,0.00%,0.00,0.00
materiales para construir un deck,AI Max,None,Premium Composite Decks,Ad group 1,USD,0.00,0,1,0.00%,0,0.00,Search,0.00%,0.00,0.00
trex decking installation,Exact match (close variant),None,Premium Composite Decks,Ad group 1,USD,59.41,1,17,5.88%,1.01,1.01,Search,0.00%,0.00,0.00
mlm home improvement,AI Max,None,Premium Composite Decks,Ad group 1,USD,0.00,0,1,0.00%,0,0.00,Search,0.00%,0.00,0.00
decktek,AI Max,None,Premium Composite Decks,Ad group 1,USD,0.00,0,2,0.00%,0,0.00,Search,0.00%,0.00,0.00
deck rebuild,AI Max,None,Premium Composite Decks,Ad group 1,USD,0.00,0,2,0.00%,0,0.00,Search,0.00%,0.00,0.00
atlantic construction,AI Max,None,Premium Composite Decks,Ad group 1,USD,0.00,0,1,0.00%,0,0.00,Search,0.00%,0.00,0.00
installing pergola,AI Max,None,Premium Composite Decks,Ad group 1,USD,0.00,0,1,0.00%,0,0.00,Search,0.00%,0.00,0.00
deck maintenance services,AI Max,None,Premium Composite Decks,Ad group 1,USD,0.00,0,1,0.00%,0,0.00,Search,0.00%,0.00,0.00
trex sandbar,AI Max,None,Premium Composite Decks,Ad group 1,USD,0.00,0,1,0.00%,0,0.00,Search,0.00%,0.00,0.00
lumber,AI Max,Excluded,Premium Composite Decks,Ad group 1,USD,0.00,0,8,0.00%,0,0.00,Search,0.00%,0.00,0.00
building a screened in porch,Performance Max,None,PMAX cu remarketing, --,USD,0.00,0,2,0.00%,0,0.00,Performance Max,0.00%,0.00,0.00
ipe deck refinishing,Performance Max,None,PMAX cu remarketing, --,USD,0.00,0,9,0.00%,0,0.00,Performance Max,0.00%,0.00,0.00
how to screen in a porch,Performance Max,None,PMAX cu remarketing, --,USD,0.00,0,3,0.00%,0,0.00,Performance Max,0.00%,0.00,0.00
wall front porch,Performance Max,None,PMAX cu remarketing, --,USD,0.00,0,5,0.00%,0,0.00,Performance Max,0.00%,0.00,0.00
how to pressure wash a concrete patio,Performance Max,None,PMAX cu remarketing, --,USD,0.00,0,1,0.00%,0,0.00,Performance Max,0.00%,0.00,0.00
armor fence manassas,Performance Max,None,PMAX cu remarketing, --,USD,0.00,0,3,0.00%,0,0.00,Performance Max,0.00%,0.00,0.00
remodeling shop,Performance Max,None,PMAX cu remarketing, --,USD,0.00,0,2,0.00%,0,0.00,Performance Max,0.00%,0.00,0.00
fence staining,Performance Max,None,PMAX cu remarketing, --,USD,0.00,0,1,0.00%,0,0.00,Performance Max,0.00%,0.00,0.00
woodcraft rockville,Performance Max,None,PMAX cu remarketing, --,USD,0.00,0,3,0.00%,0,0.00,Performance Max,0.00%,0.00,0.00
oasis deck,Performance Max,None,PMAX cu remarketing, --,USD,0.00,0,1,0.00%,0,0.00,Performance Max,0.00%,0.00,0.00
deck decorations,Performance Max,None,PMAX cu remarketing, --,USD,0.00,0,1,0.00%,0,0.00,Performance Max,0.00%,0.00,0.00
timbertech scratch repair,Performance Max,None,PMAX cu remarketing, --,USD,0.00,0,1,0.00%,0,0.00,Performance Max,0.00%,0.00,0.00
deck renovation,Performance Max,None,PMAX cu remarketing, --,USD,0.00,0,1,0.00%,0,0.00,Performance Max,0.00%,0.00,0.00
gazebo pad,Performance Max,None,PMAX cu remarketing, --,USD,0.00,0,1,0.00%,0,0.00,Performance Max,0.00%,0.00,0.00
brick outdoor patio ideas,Performance Max,None,PMAX cu remarketing, --,USD,0.00,0,1,0.00%,0,0.00,Performance Max,0.00%,0.00,0.00
five star deck services,Performance Max,None,PMAX cu remarketing, --,USD,0.00,0,1,0.00%,0,0.00,Performance Max,0.00%,0.00,0.00
remodeling alexandria virginia,Performance Max,None,PMAX cu remarketing, --,USD,0.00,0,1,0.00%,0,0.00,Performance Max,0.00%,0.00,0.00
how much does it cost to refinish a deck,Performance Max,None,PMAX cu remarketing, --,USD,0.00,0,1,0.00%,0,0.00,Performance Max,0.00%,0.00,0.00
fixing your decks,Performance Max,None,PMAX cu remarketing, --,USD,0.00,0,1,0.00%,0,0.00,Performance Max,0.00%,0.00,0.00
fencing company near me,Performance Max,None,PMAX cu remarketing, --,USD,0.00,0,1,0.00%,0,0.00,Performance Max,0.00%,0.00,0.00
gazebo lawn near me,Performance Max,None,PMAX cu remarketing, --,USD,0.00,0,1,0.00%,0,0.00,Performance Max,0.00%,0.00,0.00
staining and sealing deck,Performance Max,None,PMAX cu remarketing, --,USD,0.00,0,1,0.00%,0,0.00,Performance Max,0.00%,0.00,0.00
fireside hearth and home chantilly,Performance Max,None,PMAX cu remarketing, --,USD,0.00,0,1,0.00%,0,0.00,Performance Max,0.00%,0.00,0.00
landscape design,Performance Max,None,PMAX cu remarketing, --,USD,0.00,0,1,0.00%,0,0.00,Performance Max,0.00%,0.00,0.00
building a fence around house,Performance Max,None,PMAX cu remarketing, --,USD,0.00,0,1,0.00%,0,0.00,Performance Max,0.00%,0.00,0.00
bancroft construction,AI Max,None,loudoun decks,Deck Builder - Middleburg,USD,0.00,0,1,0.00%,0,0.00,Search,0.00%,0.00,0.00
daniels run contracting,AI Max,None,loudoun decks,Deck Builder - Brambleton,USD,0.00,0,1,0.00%,0,0.00,Search,0.00%,0.00,0.00
coastal design and build,AI Max,None,loudoun decks,Deck Builder - Purcellville,USD,0.00,0,1,0.00%,0,0.00,Search,0.00%,0.00,0.00
steel deck builders near me,AI Max,None,loudoun decks,Deck Builder - Middleburg,USD,0.00,0,1,0.00%,0,0.00,Search,0.00%,0.00,0.00
deck skirting,AI Max,None,loudoun decks,Deck Builder - Arcola,USD,0.00,0,1,0.00%,0,0.00,Search,0.00%,0.00,0.00
deck,AI Max,None,loudoun decks,Deck Builder - Sterling,USD,0.00,0,1,0.00%,0,0.00,Search,0.00%,0.00,0.00
trex havana gold,AI Max,None,loudoun decks,Deck Builder - Middleburg,USD,0.00,0,1,0.00%,0,0.00,Search,0.00%,0.00,0.00
need a patio built,AI Max,None,loudoun decks,Loudoun Decks,USD,0.00,0,1,0.00%,0,0.00,Search,0.00%,0.00,0.00
j&j construction,AI Max,None,loudoun decks,Loudoun Decks,USD,0.00,0,1,0.00%,0,0.00,Search,0.00%,0.00,0.00
latierrasanta com,AI Max,None,Deck Repair - Loudoun County,Composite - Trex Repair,USD,0.00,0,1,0.00%,0,0.00,Search,0.00%,0.00,0.00
deck replacement,AI Max,None,Deck Repair - Loudoun County,Deck Repair - Loudoun County,USD,0.00,0,2,0.00%,0,0.00,Search,0.00%,0.00,0.00
restore wood deck,Exact match (close variant),None,Deck Repair - Loudoun County,Deck Repair - Loudoun County,USD,0.00,0,1,0.00%,0,0.00,Search,0.00%,0.00,0.00
core decking,AI Max,None,Fairfax-Search-Search - Deck Leads - VA - May 2025,Deck Builders Near Me,USD,0.00,0,1,0.00%,0,0.00,Search,0.00%,0.00,0.00
porches,AI Max,None,Fairfax-Search-Search - Deck Leads - VA - May 2025,Deck Builders Near Me,USD,0.00,0,1,0.00%,0,0.00,Search,0.00%,0.00,0.00
enclosed deck,AI Max,None,Fairfax-Search-Search - Deck Leads - VA - May 2025,Deck + Patio / Outdoor Living,USD,0.00,0,1,0.00%,0,0.00,Search,0.00%,0.00,0.00
sundeck medics,Phrase match (close variant),None,Fairfax-Search-Search - Deck Leads - VA - May 2025,Deck + Patio / Outdoor Living,USD,2854.72,1,4,25.00%,11.42,11.42,Search,0.00%,0.00,0.00
remodel architect,AI Max,None,Fairfax-Search-Search - Deck Leads - VA - May 2025,Deck Builders Near Me,USD,0.00,0,1,0.00%,0,0.00,Search,0.00%,0.00,0.00
decks waldorf md,AI Max,None,Fairfax-Search-Search - Deck Leads - VA - May 2025,Deck Builders Near Me,USD,0.00,0,1,0.00%,0,0.00,Search,0.00%,0.00,0.00
trex com,AI Max,None,Fairfax-Search-Search - Deck Leads - VA - May 2025,Composite Decks,USD,0.00,0,1,0.00%,0,0.00,Search,0.00%,0.00,0.00
pavers nicolock,AI Max,None,Premium Composite Decks,Ad group 1,USD,0.00,0,1,0.00%,0,0.00,Search,0.00%,0.00,0.00
decks modernos,AI Max,None,Premium Composite Decks,Ad group 1,USD,0.00,0,1,0.00%,0,0.00,Search,0.00%,0.00,0.00
porch and patios,AI Max,None,Premium Composite Decks,Ad group 1,USD,0.00,0,1,0.00%,0,0.00,Search,0.00%,0.00,0.00
pvc deck covering,AI Max,None,Premium Composite Decks,Ad group 1,USD,0.00,0,1,0.00%,0,0.00,Search,0.00%,0.00,0.00
open porch,AI Max,None,Premium Composite Decks,Ad group 1,USD,0.00,0,1,0.00%,0,0.00,Search,0.00%,0.00,0.00
prime outdoor living fairfax,AI Max,None,Premium Composite Decks,Ad group 1,USD,0.00,0,6,0.00%,0,0.00,Search,0.00%,0.00,0.00
top design construction,AI Max,None,Premium Composite Decks,Ad group 1,USD,0.00,0,2,0.00%,0,0.00,Search,0.00%,0.00,0.00
deck armor,AI Max,None,Premium Composite Decks,Ad group 1,USD,0.00,0,2,0.00%,0,0.00,Search,0.00%,0.00,0.00
construction company washington dc,AI Max,None,Premium Composite Decks,Ad group 1,USD,0.00,0,1,0.00%,0,0.00,Search,0.00%,0.00,0.00
trex hidden fasteners,AI Max,None,Premium Composite Decks,Ad group 1,USD,0.00,0,1,0.00%,0,0.00,Search,0.00%,0.00,0.00
appalachian decks,AI Max,None,Premium Composite Decks,Ad group 1,USD,0.00,0,1,0.00%,0,0.00,Search,0.00%,0.00,0.00
deck trex,AI Max,None,Premium Composite Decks,Ad group 1,USD,0.00,0,1,0.00%,0,0.00,Search,0.00%,0.00,0.00
what colors does trex decking come in,AI Max,None,Premium Composite Decks,Ad group 1,USD,0.00,0,1,0.00%,0,0.00,Search,0.00%,0.00,0.00
stonescaping,Broad match,None,loudoun decks,Deck Builder - Brambleton,USD,0.00,0,1,0.00%,0,0.00,Search,0.00%,0.00,0.00
enclose deck,AI Max,None,loudoun decks,Deck Builder - South Riding,USD,0.00,0,1,0.00%,0,0.00,Search,0.00%,0.00,0.00
north american deck,AI Max,None,loudoun decks,Deck Builder - Leesburg,USD,22780.00,2,2,100.00%,22.78,45.56,Search,50.00%,1.00,45.56
outdoor deck builders,Exact match (close variant),None,loudoun decks,Deck Builder - Middleburg,USD,0.00,0,1,0.00%,0,0.00,Search,0.00%,0.00,0.00
amazing outdoors purcellville va,Broad match,None,loudoun decks,Deck Builder - Brambleton,USD,0.00,0,1,0.00%,0,0.00,Search,0.00%,0.00,0.00
carpenter,Broad match,None,loudoun decks,Deck Builder - Brambleton,USD,0.00,0,1,0.00%,0,0.00,Search,0.00%,0.00,0.00
morris construction,AI Max,None,loudoun decks,Deck Builder - Stone Ridge,USD,0.00,0,1,0.00%,0,0.00,Search,0.00%,0.00,0.00
deck carpenter,Exact match (close variant),None,loudoun decks,Deck Builder - Round Hill,USD,0.00,0,1,0.00%,0,0.00,Search,0.00%,0.00,0.00
woodscape construction,AI Max,None,loudoun decks,Deck Builder - Leesburg,USD,0.00,0,1,0.00%,0,0.00,Search,0.00%,0.00,0.00
trex contractors,Performance Max,None,PMAX cu remarketing, --,USD,0.00,0,1,0.00%,0,0.00,Performance Max,0.00%,0.00,0.00
tenleytown lawn & landscape,Performance Max,None,PMAX cu remarketing, --,USD,0.00,0,1,0.00%,0,0.00,Performance Max,0.00%,0.00,0.00
installing hidden deck fasteners,Performance Max,None,PMAX cu remarketing, --,USD,0.00,0,1,0.00%,0,0.00,Performance Max,0.00%,0.00,0.00
composite deck board repair,Performance Max,None,PMAX cu remarketing, --,USD,0.00,0,1,0.00%,0,0.00,Performance Max,0.00%,0.00,0.00
backyard transformation ideas,Performance Max,None,PMAX cu remarketing, --,USD,0.00,0,1,0.00%,0,0.00,Performance Max,0.00%,0.00,0.00
contractor near me,Performance Max,None,PMAX cu remarketing, --,USD,0.00,0,1,0.00%,0,0.00,Performance Max,0.00%,0.00,0.00
stamped concrete patio,Performance Max,None,PMAX cu remarketing, --,USD,0.00,0,1,0.00%,0,0.00,Performance Max,0.00%,0.00,0.00
backyard deck,Performance Max,None,PMAX cu remarketing, --,USD,0.00,0,2,0.00%,0,0.00,Performance Max,0.00%,0.00,0.00
deck power washing near me,Performance Max,None,PMAX cu remarketing, --,USD,0.00,0,2,0.00%,0,0.00,Performance Max,0.00%,0.00,0.00
installing trex composite decking,Performance Max,None,PMAX cu remarketing, --,USD,0.00,0,4,0.00%,0,0.00,Performance Max,0.00%,0.00,0.00
deck permit prince william county virginia,Performance Max,None,PMAX cu remarketing, --,USD,0.00,0,1,0.00%,0,0.00,Performance Max,0.00%,0.00,0.00
smoot lumber,Performance Max,None,PMAX cu remarketing, --,USD,0.00,0,2,0.00%,0,0.00,Performance Max,0.00%,0.00,0.00
gazelo,Performance Max,None,PMAX cu remarketing, --,USD,0.00,0,3,0.00%,0,0.00,Performance Max,0.00%,0.00,0.00
partial covered deck,Performance Max,None,PMAX cu remarketing, --,USD,0.00,0,1,0.00%,0,0.00,Performance Max,0.00%,0.00,0.00
wood fence installation,Performance Max,None,PMAX cu remarketing, --,USD,0.00,0,1,0.00%,0,0.00,Performance Max,0.00%,0.00,0.00
dandale fence reviews,Performance Max,None,PMAX cu remarketing, --,USD,0.00,0,1,0.00%,0,0.00,Performance Max,0.00%,0.00,0.00
deck stain company,Performance Max,None,PMAX cu remarketing, --,USD,0.00,0,3,0.00%,0,0.00,Performance Max,0.00%,0.00,0.00
how much does a 12x20 composite deck cost,Performance Max,None,PMAX cu remarketing, --,USD,0.00,0,1,0.00%,0,0.00,Performance Max,0.00%,0.00,0.00
fencing business,Performance Max,None,PMAX cu remarketing, --,USD,0.00,0,1,0.00%,0,0.00,Performance Max,0.00%,0.00,0.00
trex decking company,Performance Max,None,PMAX cu remarketing, --,USD,0.00,0,1,0.00%,0,0.00,Performance Max,0.00%,0.00,0.00
where to buy cedar lumber,Performance Max,None,PMAX cu remarketing, --,USD,0.00,0,2,0.00%,0,0.00,Performance Max,0.00%,0.00,0.00
outdoor living space contractors near me,AI Max,None,Deck Repair - Loudoun County,Deck Repair - Loudoun County,USD,1600.00,1,1,100.00%,1.60,1.60,Search,0.00%,0.00,0.00
sanding deck,AI Max,None,Deck Repair - Loudoun County,Deck Repair - Loudoun County,USD,0.00,0,1,0.00%,0,0.00,Search,0.00%,0.00,0.00
leesburg decks,AI Max,None,Deck Repair - Loudoun County,Deck Repair - Loudoun County,USD,0.00,0,7,0.00%,0,0.00,Search,0.00%,0.00,0.00
decking joist support,AI Max,None,Deck Repair - Loudoun County,Deck Repair - Loudoun County,USD,0.00,0,1,0.00%,0,0.00,Search,0.00%,0.00,0.00
deck post repair kit,AI Max,None,Deck Repair - Loudoun County,Deck Repair - Loudoun County,USD,0.00,0,1,0.00%,0,0.00,Search,0.00%,0.00,0.00
deck builders,Exact match (close variant),None,Deck Repair - Loudoun County,Deck Replacement,USD,0.00,0,1,0.00%,0,0.00,Search,0.00%,0.00,0.00
virginia deck and patio,Performance Max,None,Pmax - Dec4, --,USD,0.00,0,2,0.00%,0,0.00,Performance Max,0.00%,0.00,0.00
power washing near me,Performance Max,None,Pmax - Dec4, --,USD,0.00,0,4,0.00%,0,0.00,Performance Max,0.00%,0.00,0.00
trex wood,Phrase match (close variant),None,SRCH | Composite | 3 Counties | Calls,Composite Deck Cost,USD,0.00,0,2,0.00%,0,0.00,Search,0.00%,0.00,0.00
sundeck medics,AI Max,None,Fairfax-Search-Search - Deck Leads - VA - May 2025,Deck Builders Near Me,USD,3874.00,1,5,20.00%,19.37,19.37,Search,0.00%,0.00,0.00
awnings for decks,AI Max,None,Fairfax-Search-Search - Deck Leads - VA - May 2025,Deck + Patio / Outdoor Living,USD,0.00,0,2,0.00%,0,0.00,Search,0.00%,0.00,0.00
deck styles,AI Max,None,Fairfax-Search-Search - Deck Leads - VA - May 2025,Composite Decking,USD,0.00,0,1,0.00%,0,0.00,Search,0.00%,0.00,0.00
8x10 deck,AI Max,None,Fairfax-Search-Search - Deck Leads - VA - May 2025,Deck + Patio / Outdoor Living,USD,0.00,0,1,0.00%,0,0.00,Search,0.00%,0.00,0.00
dura deck installation,AI Max,None,Fairfax-Search-Search - Deck Leads - VA - May 2025,Deck + Patio / Outdoor Living,USD,0.00,0,1,0.00%,0,0.00,Search,0.00%,0.00,0.00
vinyl deck,Performance Max,None,PMAX cu remarketing, --,USD,0.00,0,1,0.00%,0,0.00,Performance Max,0.00%,0.00,0.00
landscaping manassas va,Performance Max,None,PMAX cu remarketing, --,USD,0.00,0,1,0.00%,0,0.00,Performance Max,0.00%,0.00,0.00
ground deck,Performance Max,None,PMAX cu remarketing, --,USD,0.00,0,1,0.00%,0,0.00,Performance Max,0.00%,0.00,0.00
how to renovate balcony,Performance Max,None,PMAX cu remarketing, --,USD,0.00,0,2,0.00%,0,0.00,Performance Max,0.00%,0.00,0.00
local sawmill near me,Performance Max,None,PMAX cu remarketing, --,USD,0.00,0,2,0.00%,0,0.00,Performance Max,0.00%,0.00,0.00
northern virginia landscaping,Performance Max,None,PMAX cu remarketing, --,USD,0.00,0,4,0.00%,0,0.00,Performance Max,0.00%,0.00,0.00
cost of putting up a fence,Performance Max,None,PMAX cu remarketing, --,USD,0.00,0,1,0.00%,0,0.00,Performance Max,0.00%,0.00,0.00
deck sanding,Performance Max,None,PMAX cu remarketing, --,USD,0.00,0,1,0.00%,0,0.00,Performance Max,0.00%,0.00,0.00
deck repair and paint,Performance Max,None,PMAX cu remarketing, --,USD,0.00,0,1,0.00%,0,0.00,Performance Max,0.00%,0.00,0.00
patio deck ideas,Performance Max,None,PMAX cu remarketing, --,USD,0.00,0,2,0.00%,0,0.00,Performance Max,0.00%,0.00,0.00
deck design,Performance Max,None,PMAX cu remarketing, --,USD,0.00,0,1,0.00%,0,0.00,Performance Max,0.00%,0.00,0.00
loudoun valley floors purcellville,Performance Max,None,PMAX cu remarketing, --,USD,0.00,0,1,0.00%,0,0.00,Performance Max,0.00%,0.00,0.00
tw perry bethesda,Performance Max,None,PMAX cu remarketing, --,USD,0.00,0,1,0.00%,0,0.00,Performance Max,0.00%,0.00,0.00
local wood berryville va,Performance Max,None,PMAX cu remarketing, --,USD,0.00,0,1,0.00%,0,0.00,Performance Max,0.00%,0.00,0.00
stone work near me,AI Max,None,Premium Composite Decks,Ad group 1,USD,0.00,0,1,0.00%,0,0.00,Search,0.00%,0.00,0.00
deck fairfax va,AI Max,None,Premium Composite Decks,Ad group 1,USD,0.00,0,1,0.00%,0,0.00,Search,0.00%,0.00,0.00
capitol building supply manassas virginia,AI Max,None,Premium Composite Decks,Ad group 1,USD,0.00,0,1,0.00%,0,0.00,Search,0.00%,0.00,0.00
trex stair railing,AI Max,None,Premium Composite Decks,Ad group 1,USD,0.00,0,1,0.00%,0,0.00,Search,0.00%,0.00,0.00
custom home builders northern virginia,AI Max,None,Premium Composite Decks,Ad group 1,USD,0.00,0,1,0.00%,0,0.00,Search,0.00%,0.00,0.00
raised decks ideas,AI Max,None,Premium Composite Decks,Ad group 1,USD,0.00,0,1,0.00%,0,0.00,Search,0.00%,0.00,0.00
landscaping centreville va,AI Max,None,Premium Composite Decks,Ad group 1,USD,0.00,0,1,0.00%,0,0.00,Search,0.00%,0.00,0.00
tigerwood,AI Max,None,Premium Composite Decks,Ad group 1,USD,0.00,0,1,0.00%,0,0.00,Search,0.00%,0.00,0.00
lps construction,AI Max,None,Premium Composite Decks,Ad group 1,USD,0.00,0,2,0.00%,0,0.00,Search,0.00%,0.00,0.00
deck helmet cost,AI Max,None,Premium Composite Decks,Ad group 1,USD,0.00,0,1,0.00%,0,0.00,Search,0.00%,0.00,0.00
timbertech porch,AI Max,None,Premium Composite Decks,Ad group 1,USD,0.00,0,1,0.00%,0,0.00,Search,0.00%,0.00,0.00
trex enhance honey grove decking,AI Max,None,Premium Composite Decks,Ad group 1,USD,0.00,0,1,0.00%,0,0.00,Search,0.00%,0.00,0.00
patio ceiling covering,AI Max,None,Premium Composite Decks,Ad group 1,USD,0.00,0,1,0.00%,0,0.00,Search,0.00%,0.00,0.00
remodeling near me,AI Max,None,Premium Composite Decks,Ad group 1,USD,0.00,0,1,0.00%,0,0.00,Search,0.00%,0.00,0.00
trex near me,AI Max,None,loudoun decks,Deck Builder - Arcola,USD,0.00,0,1,0.00%,0,0.00,Search,0.00%,0.00,0.00
deck king membrane,Phrase match (close variant),None,loudoun decks,Deck Builder - Brambleton,USD,0.00,0,1,0.00%,0,0.00,Search,0.00%,0.00,0.00
t w perry near me,AI Max,None,loudoun decks,Loudoun Decks,USD,0.00,0,1,0.00%,0,0.00,Search,0.00%,0.00,0.00
woodscape construction,AI Max,None,loudoun decks,Deck Builder - Lovettsville,USD,0.00,0,2,0.00%,0,0.00,Search,0.00%,0.00,0.00
paramount construction,Broad match,None,loudoun decks,Deck Builder - Brambleton,USD,0.00,0,1,0.00%,0,0.00,Search,0.00%,0.00,0.00
landscaper near me,Broad match,None,loudoun decks,Deck Builder - Brambleton,USD,0.00,0,2,0.00%,0,0.00,Search,0.00%,0.00,0.00
home improvement near me,AI Max,None,loudoun decks,Deck Builder - Round Hill,USD,0.00,0,1,0.00%,0,0.00,Search,0.00%,0.00,0.00
deck builders northern virginia,Performance Max,None,Pmax - Dec4, --,USD,0.00,0,1,0.00%,0,0.00,Performance Max,0.00%,0.00,0.00
custom gazebo,Performance Max,None,Pmax - Dec4, --,USD,5980.00,1,1,100.00%,5.98,5.98,Performance Max,100.00%,1.00,5.98
replacing a cantilever deck,AI Max,None,Deck Repair - Loudoun County,Deck Restoration - Refinishing,USD,0.00,0,1,0.00%,0,0.00,Search,0.00%,0.00,0.00
patio floor deck,Broad match,None,Deck Repair - Loudoun County,Deck Replacement,USD,0.00,0,1,0.00%,0,0.00,Search,0.00%,0.00,0.00
deck sealing,AI Max,None,Deck Repair - Loudoun County,Deck Repair - Loudoun County,USD,1656.25,1,8,12.50%,13.25,13.25,Search,0.00%,0.00,0.00
trex transcend,AI Max,None,Deck Repair - Loudoun County,Composite - Trex Repair,USD,0.00,0,1,0.00%,0,0.00,Search,0.00%,0.00,0.00
trex transcend lava rock,Phrase match (close variant),None,SRCH | Composite | 3 Counties | Calls,Composite Deck Cost,USD,0.00,0,1,0.00%,0,0.00,Search,0.00%,0.00,0.00
carpenter shop,AI Max,None,Fairfax-Search-Search - Deck Leads - VA - May 2025,Deck Builders Near Me,USD,0.00,0,2,0.00%,0,0.00,Search,0.00%,0.00,0.00
flagstone near me,AI Max,None,Fairfax-Search-Search - Deck Leads - VA - May 2025,Deck + Patio / Outdoor Living,USD,0.00,0,1,0.00%,0,0.00,Search,0.00%,0.00,0.00
sun room for sale,AI Max,None,Fairfax-Search-Search - Deck Leads - VA - May 2025,Deck + Patio / Outdoor Living,USD,0.00,0,1,0.00%,0,0.00,Search,0.00%,0.00,0.00
deck builders,Exact match (close variant),None,Fairfax-Search-Search - Deck Leads - VA - May 2025,Deck Builders Near Me,USD,0.00,0,1,0.00%,0,0.00,Search,0.00%,0.00,0.00
atlantic deck and home renovation,AI Max,None,Fairfax-Search-Search - Deck Leads - VA - May 2025,Deck Repair & Refinishing,USD,0.00,0,1,0.00%,0,0.00,Search,0.00%,0.00,0.00
loudoun county deck inspection,Performance Max,None,PMAX cu remarketing, --,USD,0.00,0,2,0.00%,0,0.00,Performance Max,0.00%,0.00,0.00
patio and deck,Performance Max,None,PMAX cu remarketing, --,USD,0.00,0,1,0.00%,0,0.00,Performance Max,0.00%,0.00,0.00
deck landing,Performance Max,None,PMAX cu remarketing, --,USD,0.00,0,1,0.00%,0,0.00,Performance Max,0.00%,0.00,0.00
deck terminology,Performance Max,None,PMAX cu remarketing, --,USD,0.00,0,1,0.00%,0,0.00,Performance Max,0.00%,0.00,0.00
sand and refinish deck,Performance Max,None,PMAX cu remarketing, --,USD,0.00,0,1,0.00%,0,0.00,Performance Max,0.00%,0.00,0.00
wood fence company near me,Performance Max,None,PMAX cu remarketing, --,USD,0.00,0,1,0.00%,0,0.00,Performance Max,0.00%,0.00,0.00
miller integrity construction,Performance Max,None,PMAX cu remarketing, --,USD,0.00,0,1,0.00%,0,0.00,Performance Max,0.00%,0.00,0.00
deck collector,Performance Max,None,PMAX cu remarketing, --,USD,0.00,0,1,0.00%,0,0.00,Performance Max,0.00%,0.00,0.00
deck staining gainesville va,Performance Max,None,PMAX cu remarketing, --,USD,0.00,0,1,0.00%,0,0.00,Performance Max,0.00%,0.00,0.00
fence installation washington dc,Performance Max,None,PMAX cu remarketing, --,USD,0.00,0,1,0.00%,0,0.00,Performance Max,0.00%,0.00,0.00
lumber yard woodbridge va,Performance Max,None,PMAX cu remarketing, --,USD,0.00,0,2,0.00%,0,0.00,Performance Max,0.00%,0.00,0.00
hls landscaping,Performance Max,None,PMAX cu remarketing, --,USD,0.00,0,1,0.00%,0,0.00,Performance Max,0.00%,0.00,0.00
how to replace broken deck boards,Performance Max,None,PMAX cu remarketing, --,USD,0.00,0,1,0.00%,0,0.00,Performance Max,0.00%,0.00,0.00
zuri decking,Performance Max,None,PMAX cu remarketing, --,USD,0.00,0,1,0.00%,0,0.00,Performance Max,0.00%,0.00,0.00
deck seal,Performance Max,None,PMAX cu remarketing, --,USD,0.00,0,1,0.00%,0,0.00,Performance Max,0.00%,0.00,0.00
sundek virginia,Performance Max,None,PMAX cu remarketing, --,USD,0.00,0,1,0.00%,0,0.00,Performance Max,0.00%,0.00,0.00
back deck ideas,Performance Max,None,PMAX cu remarketing, --,USD,0.00,0,1,0.00%,0,0.00,Performance Max,0.00%,0.00,0.00
where to buy timbertech decking,Performance Max,None,PMAX cu remarketing, --,USD,0.00,0,1,0.00%,0,0.00,Performance Max,0.00%,0.00,0.00
tob front porch,Performance Max,None,PMAX cu remarketing, --,USD,0.00,0,2,0.00%,0,0.00,Performance Max,0.00%,0.00,0.00
backyard structures,Performance Max,None,PMAX cu remarketing, --,USD,0.00,0,3,0.00%,0,0.00,Performance Max,0.00%,0.00,0.00
trex scratch repair,Performance Max,None,PMAX cu remarketing, --,USD,0.00,0,1,0.00%,0,0.00,Performance Max,0.00%,0.00,0.00
how to build a composite deck for beginners,Performance Max,None,PMAX cu remarketing, --,USD,0.00,0,1,0.00%,0,0.00,Performance Max,0.00%,0.00,0.00
deck and porch builders,Performance Max,None,PMAX cu remarketing, --,USD,0.00,0,2,0.00%,0,0.00,Performance Max,0.00%,0.00,0.00
deck contractor washington dc,Performance Max,None,PMAX cu remarketing, --,USD,5570.00,1,1,100.00%,5.57,5.57,Performance Max,0.00%,0.00,0.00
screwing trex decking,AI Max,None,Premium Composite Decks,Ad group 1,USD,0.00,0,1,0.00%,0,0.00,Search,0.00%,0.00,0.00
trex railing installation,AI Max,None,Premium Composite Decks,Ad group 1,USD,0.00,0,2,0.00%,0,0.00,Search,0.00%,0.00,0.00
deck flooring,AI Max,None,Premium Composite Decks,Ad group 1,USD,0.00,0,5,0.00%,0,0.00,Search,0.00%,0.00,0.00
how to attach deck to block foundation,AI Max,None,Premium Composite Decks,Ad group 1,USD,0.00,0,1,0.00%,0,0.00,Search,0.00%,0.00,0.00
building a screened in porch,AI Max,None,Premium Composite Decks,Ad group 1,USD,210.00,1,2,50.00%,0.42,0.42,Search,0.00%,0.00,0.00
patio services,AI Max,None,Premium Composite Decks,Ad group 1,USD,0.00,0,4,0.00%,0,0.00,Search,0.00%,0.00,0.00
jfg fences and deck,AI Max,None,Premium Composite Decks,Ad group 1,USD,0.00,0,1,0.00%,0,0.00,Search,0.00%,0.00,0.00
trend deck,AI Max,None,Premium Composite Decks,Ad group 1,USD,0.00,0,1,0.00%,0,0.00,Search,0.00%,0.00,0.00
screened in porch contractors near me,AI Max,None,Premium Composite Decks,Ad group 1,USD,0.00,0,1,0.00%,0,0.00,Search,0.00%,0.00,0.00
lumber company near me,AI Max,None,Premium Composite Decks,Ad group 1,USD,0.00,0,2,0.00%,0,0.00,Search,0.00%,0.00,0.00
lumber yards near me,AI Max,None,Premium Composite Decks,Ad group 1,USD,0.00,0,2,0.00%,0,0.00,Search,0.00%,0.00,0.00
deckstar llc,AI Max,None,loudoun decks,Deck Builder - Lovettsville,USD,0.00,0,1,0.00%,0,0.00,Search,0.00%,0.00,0.00
deck stair handrail,Broad match,None,loudoun decks,Deck Builder - Brambleton,USD,0.00,0,1,0.00%,0,0.00,Search,0.00%,0.00,0.00
outdoor steps,Broad match,None,loudoun decks,Deck Builder - Brambleton,USD,1680.00,1,1,100.00%,1.68,1.68,Search,0.00%,0.00,0.00
pro deck construction,AI Max,None,loudoun decks,Deck Builder - Round Hill,USD,0.00,0,1,0.00%,0,0.00,Search,0.00%,0.00,0.00
deckstar,AI Max,None,loudoun decks,Loudoun Decks,USD,0.00,0,1,0.00%,0,0.00,Search,0.00%,0.00,0.00
true deck,AI Max,None,loudoun decks,Deck Builder - South Riding,USD,0.00,0,1,0.00%,0,0.00,Search,0.00%,0.00,0.00
timbertech flooring,AI Max,None,loudoun decks,Deck Builder - Leesburg,USD,0.00,0,1,0.00%,0,0.00,Search,0.00%,0.00,0.00
trex transcend lineage,AI Max,None,loudoun decks,Deck Builder - Middleburg,USD,0.00,0,1,0.00%,0,0.00,Search,0.00%,0.00,0.00
woodscape construction,Performance Max,None,Pmax - Dec4, --,USD,0.00,0,2,0.00%,0,0.00,Performance Max,0.00%,0.00,0.00
sunburst deck,Performance Max,None,Pmax - Dec4, --,USD,0.00,0,1,0.00%,0,0.00,Performance Max,0.00%,0.00,0.00
modern fence,Performance Max,None,Pmax - Dec4, --,USD,0.00,0,2,0.00%,0,0.00,Performance Max,0.00%,0.00,0.00
pro deck supply,Broad match,None,Deck Repair - Loudoun County,Deck Renovation,USD,0.00,0,1,0.00%,0,0.00,Search,0.00%,0.00,0.00
atlantic deck,AI Max,None,Deck Repair - Loudoun County,Deck Restoration - Refinishing,USD,0.00,0,1,0.00%,0,0.00,Search,0.00%,0.00,0.00
deck and restoration dmv llc,AI Max,None,Deck Repair - Loudoun County,Deck Contractors Northern VA,USD,0.00,0,1,0.00%,0,0.00,Search,0.00%,0.00,0.00
deck helmet cost,AI Max,None,Deck Repair - Loudoun County,Deck Repair - Loudoun County,USD,0.00,0,1,0.00%,0,0.00,Search,0.00%,0.00,0.00
backyard makeovers,AI Max,None,Deck Repair - Loudoun County,Deck Repair - Loudoun County,USD,0.00,0,1,0.00%,0,0.00,Search,0.00%,0.00,0.00
composite deck cost,Broad match,None,Deck Repair - Loudoun County,Deck Replacement,USD,3030.00,1,1,100.00%,3.03,3.03,Search,0.00%,0.00,0.00
beach dune trex,Phrase match (close variant),None,SRCH | Composite | 3 Counties | Calls,Composite Deck Cost,USD,0.00,0,2,0.00%,0,0.00,Search,0.00%,0.00,0.00
j&j construction,AI Max,None,Fairfax-Search-Search - Deck Leads - VA - May 2025,Deck Builders Near Me,USD,0.00,0,1,0.00%,0,0.00,Search,0.00%,0.00,0.00
patio house,AI Max,None,Fairfax-Search-Search - Deck Leads - VA - May 2025,Deck + Patio / Outdoor Living,USD,0.00,0,1,0.00%,0,0.00,Search,0.00%,0.00,0.00
install deck,AI Max,None,Fairfax-Search-Search - Deck Leads - VA - May 2025,Deck Repair & Refinishing,USD,0.00,0,1,0.00%,0,0.00,Search,0.00%,0.00,0.00
where to buy composite decking,AI Max,None,Premium Composite Decks,Ad group 1,USD,0.00,0,4,0.00%,0,0.00,Search,0.00%,0.00,0.00
hardscape,AI Max,None,Premium Composite Decks,Ad group 1,USD,0.00,0,1,0.00%,0,0.00,Search,0.00%,0.00,0.00
capital construction,AI Max,None,Premium Composite Decks,Ad group 1,USD,0.00,0,2,0.00%,0,0.00,Search,0.00%,0.00,0.00
light carpentry,AI Max,None,Premium Composite Decks,Ad group 1,USD,0.00,0,1,0.00%,0,0.00,Search,0.00%,0.00,0.00
deck stainers near me,AI Max,None,Premium Composite Decks,Ad group 1,USD,0.00,0,1,0.00%,0,0.00,Search,0.00%,0.00,0.00
fa outdoor spaces reviews,AI Max,None,Premium Composite Decks,Ad group 1,USD,0.00,0,12,0.00%,0,0.00,Search,0.00%,0.00,0.00
aeratis porch flooring cost,AI Max,None,Premium Composite Decks,Ad group 1,USD,0.00,0,1,0.00%,0,0.00,Search,0.00%,0.00,0.00
como limpiar siding,Performance Max,None,PMAX cu remarketing, --,USD,0.00,0,1,0.00%,0,0.00,Performance Max,0.00%,0.00,0.00
power washing,Performance Max,None,PMAX cu remarketing, --,USD,0.00,0,6,0.00%,0,0.00,Performance Max,0.00%,0.00,0.00
bryant's power washing,Performance Max,None,PMAX cu remarketing, --,USD,0.00,0,4,0.00%,0,0.00,Performance Max,0.00%,0.00,0.00
blue lightning custom decks,Performance Max,None,PMAX cu remarketing, --,USD,0.00,0,2,0.00%,0,0.00,Performance Max,0.00%,0.00,0.00
deck and patio contractors near me,Performance Max,None,PMAX cu remarketing, --,USD,0.00,0,1,0.00%,0,0.00,Performance Max,0.00%,0.00,0.00
lumber 84 manassas,Performance Max,None,PMAX cu remarketing, --,USD,0.00,0,1,0.00%,0,0.00,Performance Max,0.00%,0.00,0.00
prestige deck and fence,Performance Max,None,PMAX cu remarketing, --,USD,0.00,0,13,0.00%,0,0.00,Performance Max,0.00%,0.00,0.00
how much does a patio cost,Performance Max,None,PMAX cu remarketing, --,USD,0.00,0,2,0.00%,0,0.00,Performance Max,0.00%,0.00,0.00
wood porch build,Performance Max,None,PMAX cu remarketing, --,USD,0.00,0,1,0.00%,0,0.00,Performance Max,0.00%,0.00,0.00
blackstar home improvement,Performance Max,None,PMAX cu remarketing, --,USD,0.00,0,2,0.00%,0,0.00,Performance Max,0.00%,0.00,0.00
door replacement companies near me,Performance Max,None,PMAX cu remarketing, --,USD,0.00,0,1,0.00%,0,0.00,Performance Max,0.00%,0.00,0.00
how to put up my gazebo,Performance Max,None,PMAX cu remarketing, --,USD,0.00,0,1,0.00%,0,0.00,Performance Max,0.00%,0.00,0.00
trex deck railing installation,Performance Max,None,PMAX cu remarketing, --,USD,0.00,0,2,0.00%,0,0.00,Performance Max,0.00%,0.00,0.00
whitmer decks,AI Max,None,Deck Repair - Loudoun County,Deck Repair - Loudoun County,USD,0.00,0,1,0.00%,0,0.00,Search,0.00%,0.00,0.00
outdoor deck painters near me,AI Max,None,Deck Repair - Loudoun County,Deck Repair - Loudoun County,USD,0.00,0,1,0.00%,0,0.00,Search,0.00%,0.00,0.00
trex select,AI Max,None,Deck Repair - Loudoun County,Composite - Trex Repair,USD,0.00,0,1,0.00%,0,0.00,Search,0.00%,0.00,0.00
pool decks for inground pools,Broad match,None,Deck Repair - Loudoun County,Deck Replacement,USD,0.00,0,1,0.00%,0,0.00,Search,0.00%,0.00,0.00
deck supply,AI Max,None,Deck Repair - Loudoun County,Deck Repair - Loudoun County,USD,0.00,0,1,0.00%,0,0.00,Search,0.00%,0.00,0.00
timbertech brownstone decking,AI Max,None,Deck Repair - Loudoun County,Deck Restoration - Refinishing,USD,0.00,0,2,0.00%,0,0.00,Search,0.00%,0.00,0.00
wood decks,AI Max,None,loudoun decks,Deck Builder - Aldie,USD,0.00,0,1,0.00%,0,0.00,Search,0.00%,0.00,0.00
garden design,Broad match,None,loudoun decks,Deck Builder - Brambleton,USD,0.00,0,2,0.00%,0,0.00,Search,0.00%,0.00,0.00
deck installers,Exact match (close variant),None,loudoun decks,Deck Builder - Round Hill,USD,0.00,0,1,0.00%,0,0.00,Search,0.00%,0.00,0.00
deck remodeling contractors near me,Exact match (close variant),None,loudoun decks,Deck Builder - Hamilton,USD,0.00,0,1,0.00%,0,0.00,Search,0.00%,0.00,0.00
deck contractors near me,Exact match (close variant),None,loudoun decks,Deck Builder - Brambleton,USD,0.00,0,1,0.00%,0,0.00,Search,0.00%,0.00,0.00
deck builders near me,Exact match,Added,loudoun decks,Deck Builder - Middleburg,USD,0.00,0,9,0.00%,0,0.00,Search,0.00%,0.00,0.00
deck armor llc,AI Max,None,loudoun decks,Deck Builder - South Riding,USD,0.00,0,2,0.00%,0,0.00,Search,0.00%,0.00,0.00
timbertech near me,Phrase match (close variant),None,loudoun decks,Deck Builder - Brambleton,USD,0.00,0,1,0.00%,0,0.00,Search,0.00%,0.00,0.00
decks and docks manassas va,Performance Max,None,Pmax - Dec4, --,USD,0.00,0,1,0.00%,0,0.00,Performance Max,0.00%,0.00,0.00
dryspace under deck ceiling drainage,Performance Max,None,Pmax - Dec4, --,USD,0.00,0,1,0.00%,0,0.00,Performance Max,0.00%,0.00,0.00
trex enhance,Phrase match (close variant),None,SRCH | Composite | 3 Counties | Calls,Composite Deck Cost,USD,0.00,0,3,0.00%,0,0.00,Search,0.00%,0.00,0.00
deck flooring,AI Max,None,Fairfax-Search-Search - Deck Leads - VA - May 2025,Deck + Patio / Outdoor Living,USD,0.00,0,1,0.00%,0,0.00,Search,0.00%,0.00,0.00
stonescaping,AI Max,None,Fairfax-Search-Search - Deck Leads - VA - May 2025,Deck + Patio / Outdoor Living,USD,0.00,0,1,0.00%,0,0.00,Search,0.00%,0.00,0.00
scottdeck,AI Max,None,Fairfax-Search-Search - Deck Leads - VA - May 2025,Composite Decking,USD,0.00,0,1,0.00%,0,0.00,Search,0.00%,0.00,0.00
belgard scandina gray,AI Max,None,Fairfax-Search-Search - Deck Leads - VA - May 2025,Deck + Patio / Outdoor Living,USD,0.00,0,1,0.00%,0,0.00,Search,0.00%,0.00,0.00
backyard patio design,AI Max,None,Fairfax-Search-Search - Deck Leads - VA - May 2025,Deck + Patio / Outdoor Living,USD,0.00,0,1,0.00%,0,0.00,Search,0.00%,0.00,0.00
quality deck,AI Max,None,Fairfax-Search-Search - Deck Leads - VA - May 2025,Composite Decking,USD,0.00,0,1,0.00%,0,0.00,Search,0.00%,0.00,0.00
wood steps to patio,AI Max,None,Fairfax-Search-Search - Deck Leads - VA - May 2025,Deck Builders Near Me,USD,0.00,0,1,0.00%,0,0.00,Search,0.00%,0.00,0.00
e&b custom patios,AI Max,None,Premium Composite Decks,Ad group 1,USD,0.00,0,1,0.00%,0,0.00,Search,0.00%,0.00,0.00
front porch underpinning ideas,AI Max,None,Premium Composite Decks,Ad group 1,USD,0.00,0,1,0.00%,0,0.00,Search,0.00%,0.00,0.00
under deck drainage system for existing decks,AI Max,None,Premium Composite Decks,Ad group 1,USD,0.00,0,1,0.00%,0,0.00,Search,0.00%,0.00,0.00
how to replace a deck post,AI Max,None,Premium Composite Decks,Ad group 1,USD,0.00,0,1,0.00%,0,0.00,Search,0.00%,0.00,0.00
timbertech decking installation,AI Max,None,Premium Composite Decks,Ad group 1,USD,0.00,0,1,0.00%,0,0.00,Search,0.00%,0.00,0.00
pro deck,AI Max,None,Premium Composite Decks,Ad group 1,USD,0.00,0,3,0.00%,0,0.00,Search,0.00%,0.00,0.00
how to replace your deck boards,AI Max,None,Premium Composite Decks,Ad group 1,USD,0.00,0,1,0.00%,0,0.00,Search,0.00%,0.00,0.00
fairfax decks llc,AI Max,None,Premium Composite Decks,Ad group 1,USD,0.00,0,1,0.00%,0,0.00,Search,0.00%,0.00,0.00
deck boards,AI Max,None,Premium Composite Decks,Ad group 1,USD,0.00,0,2,0.00%,0,0.00,Search,0.00%,0.00,0.00
composite deck direct,AI Max,None,Premium Composite Decks,Ad group 1,USD,0.00,0,1,0.00%,0,0.00,Search,0.00%,0.00,0.00
pergola with roof,AI Max,None,Premium Composite Decks,Ad group 1,USD,0.00,0,1,0.00%,0,0.00,Search,0.00%,0.00,0.00
national lumber,AI Max,None,Premium Composite Decks,Ad group 1,USD,0.00,0,1,0.00%,0,0.00,Search,0.00%,0.00,0.00
power washing services near me,Performance Max,None,PMAX cu remarketing, --,USD,0.00,0,14,0.00%,0,0.00,Performance Max,0.00%,0.00,0.00
house deck ideas,Performance Max,None,PMAX cu remarketing, --,USD,0.00,0,1,0.00%,0,0.00,Performance Max,0.00%,0.00,0.00
construction company in washington dc,Performance Max,None,PMAX cu remarketing, --,USD,0.00,0,1,0.00%,0,0.00,Performance Max,0.00%,0.00,0.00
loudoun decks,Performance Max,None,PMAX cu remarketing, --,USD,397.11,7,76,9.21%,4.31,30.18,Performance Max,14.29%,1.00,30.18
how much does it cost to stain a deck and railing,Performance Max,None,PMAX cu remarketing, --,USD,0.00,0,2,0.00%,0,0.00,Performance Max,0.00%,0.00,0.00
nova decks,Performance Max,None,PMAX cu remarketing, --,USD,0.00,0,4,0.00%,0,0.00,Performance Max,0.00%,0.00,0.00
keyes exteriors,Performance Max,None,PMAX cu remarketing, --,USD,0.00,0,12,0.00%,0,0.00,Performance Max,0.00%,0.00,0.00
screened in porch kits,Performance Max,None,PMAX cu remarketing, --,USD,0.00,0,2,0.00%,0,0.00,Performance Max,0.00%,0.00,0.00
deck near me,AI Max,None,loudoun decks,Deck Builder - Lovettsville,USD,0.00,0,1,0.00%,0,0.00,Search,0.00%,0.00,0.00
eco decks,AI Max,None,loudoun decks,Deck Builder - Broadlands,USD,0.00,0,1,0.00%,0,0.00,Search,0.00%,0.00,0.00
trex transcend lineage price,Phrase match (close variant),None,loudoun decks,Deck Builder - Brambleton,USD,0.00,0,1,0.00%,0,0.00,Search,0.00%,0.00,0.00
landis construction,Broad match,None,loudoun decks,Deck Builder - Brambleton,USD,0.00,0,2,0.00%,0,0.00,Search,0.00%,0.00,0.00
deck solutions,AI Max,None,loudoun decks,Deck Builder - South Riding,USD,0.00,0,1,0.00%,0,0.00,Search,0.00%,0.00,0.00
veritas construction,AI Max,None,loudoun decks,Deck Builder - Lovettsville,USD,0.00,0,1,0.00%,0,0.00,Search,0.00%,0.00,0.00
trex select saddle 12,AI Max,None,loudoun decks,Deck Builder - Arcola,USD,0.00,0,1,0.00%,0,0.00,Search,0.00%,0.00,0.00
decks high off ground,AI Max,None,loudoun decks,Deck Builder - Round Hill,USD,0.00,0,1,0.00%,0,0.00,Search,0.00%,0.00,0.00
patio installers near me,AI Max,None,loudoun decks,Deck Builder - Middleburg,USD,0.00,0,1,0.00%,0,0.00,Search,0.00%,0.00,0.00
loudoun decks,AI Max,None,loudoun decks,Deck Builder - Stone Ridge,USD,19520.00,2,1,200.00%,9.76,19.52,Search,0.00%,0.00,0.00
ipe wood decking,Performance Max,None,Pmax - Dec4, --,USD,0.00,0,1,0.00%,0,0.00,Performance Max,0.00%,0.00,0.00
gazebo,Performance Max,None,Pmax - Dec4, --,USD,0.00,0,2,0.00%,0,0.00,Performance Max,0.00%,0.00,0.00
armor fence winchester va,Performance Max,None,Pmax - Dec4, --,USD,0.00,0,1,0.00%,0,0.00,Performance Max,0.00%,0.00,0.00
deck refresh,AI Max,None,Deck Repair - Loudoun County,Deck Repair - Loudoun County,USD,0.00,0,1,0.00%,0,0.00,Search,0.00%,0.00,0.00
deck in home,Broad match,None,Deck Repair - Loudoun County,Deck Replacement,USD,0.00,0,1,0.00%,0,0.00,Search,0.00%,0.00,0.00
how much for a new deck,AI Max,None,Deck Repair - Loudoun County,Deck Replacement,USD,0.00,0,1,0.00%,0,0.00,Search,0.00%,0.00,0.00
permanent awning for patio,AI Max,None,Fairfax-Search-Search - Deck Leads - VA - May 2025,Deck + Patio / Outdoor Living,USD,0.00,0,1,0.00%,0,0.00,Search,0.00%,0.00,0.00
composite deck board installation,AI Max,None,Fairfax-Search-Search - Deck Leads - VA - May 2025,Deck Builders Near Me,USD,0.00,0,1,0.00%,0,0.00,Search,0.00%,0.00,0.00
hazel construction company,AI Max,None,Fairfax-Search-Search - Deck Leads - VA - May 2025,Deck Builders Near Me,USD,0.00,0,1,0.00%,0,0.00,Search,0.00%,0.00,0.00
engineer architect near me,AI Max,None,Fairfax-Search-Search - Deck Leads - VA - May 2025,Composite Decking,USD,0.00,0,2,0.00%,0,0.00,Search,0.00%,0.00,0.00
new deck,AI Max,None,Fairfax-Search-Search - Deck Leads - VA - May 2025,Deck Builders Near Me,USD,0.00,0,1,0.00%,0,0.00,Search,0.00%,0.00,0.00
trex decking showroom,AI Max,None,Fairfax-Search-Search - Deck Leads - VA - May 2025,Deck + Patio / Outdoor Living,USD,0.00,0,1,0.00%,0,0.00,Search,0.00%,0.00,0.00
outdoor patio near me,AI Max,None,Fairfax-Search-Search - Deck Leads - VA - May 2025,Deck + Patio / Outdoor Living,USD,0.00,0,1,0.00%,0,0.00,Search,0.00%,0.00,0.00
luka design & build,AI Max,None,Fairfax-Search-Search - Deck Leads - VA - May 2025,Deck Builders Near Me,USD,0.00,0,1,0.00%,0,0.00,Search,0.00%,0.00,0.00
atlantic deck,AI Max,None,Fairfax-Search-Search - Deck Leads - VA - May 2025,Deck Builders Near Me,USD,0.00,0,5,0.00%,0,0.00,Search,0.00%,0.00,0.00
trek boards,AI Max,None,Premium Composite Decks,Ad group 1,USD,0.00,0,1,0.00%,0,0.00,Search,0.00%,0.00,0.00
timber decking ideas,AI Max,None,Premium Composite Decks,Ad group 1,USD,0.00,0,1,0.00%,0,0.00,Search,0.00%,0.00,0.00
decksdirect,AI Max,None,Premium Composite Decks,Ad group 1,USD,26240.00,2,1,200.00%,13.12,26.24,Search,0.00%,0.00,0.00
handyman services bethesda,AI Max,None,Premium Composite Decks,Ad group 1,USD,0.00,0,1,0.00%,0,0.00,Search,0.00%,0.00,0.00
truecraft remodeling llc,AI Max,None,Premium Composite Decks,Ad group 1,USD,0.00,0,1,0.00%,0,0.00,Search,0.00%,0.00,0.00
patio installation cost,AI Max,None,Premium Composite Decks,Ad group 1,USD,0.00,0,2,0.00%,0,0.00,Search,0.00%,0.00,0.00
how to replace deck with composite,AI Max,None,Premium Composite Decks,Ad group 1,USD,0.00,0,1,0.00%,0,0.00,Search,0.00%,0.00,0.00
deck building contractors near me,Exact match (close variant),None,Premium Composite Decks,Ad group 1,USD,3362.59,1,1,100.00%,3.36,3.36,Search,0.00%,0.00,0.00
moss building and design reviews,AI Max,None,Premium Composite Decks,Ad group 1,USD,0.00,0,1,0.00%,0,0.00,Search,0.00%,0.00,0.00
tw perry leesburg,AI Max,None,Premium Composite Decks,Ad group 1,USD,0.00,0,8,0.00%,0,0.00,Search,0.00%,0.00,0.00
tart lumber company inc sterling,AI Max,None,Premium Composite Decks,Ad group 1,USD,0.00,0,2,0.00%,0,0.00,Search,0.00%,0.00,0.00
deck flooring colors,AI Max,None,Premium Composite Decks,Ad group 1,USD,0.00,0,1,0.00%,0,0.00,Search,0.00%,0.00,0.00
overlay deck,AI Max,None,Premium Composite Decks,Ad group 1,USD,0.00,0,1,0.00%,0,0.00,Search,0.00%,0.00,0.00
16x20 pergola with roof,AI Max,None,Premium Composite Decks,Ad group 1,USD,1480.00,1,1,100.00%,1.48,1.48,Search,0.00%,0.00,0.00
custom carpenter,AI Max,None,Premium Composite Decks,Ad group 1,USD,0.00,0,1,0.00%,0,0.00,Search,0.00%,0.00,0.00
outdoor living space contractors near me,AI Max,None,Premium Composite Decks,Ad group 1,USD,1274.00,3,5,60.00%,2.12,6.37,Search,0.00%,0.00,0.00
under porch siding,AI Max,None,Premium Composite Decks,Ad group 1,USD,0.00,0,1,0.00%,0,0.00,Search,0.00%,0.00,0.00
front house porch ideas,AI Max,None,Premium Composite Decks,Ad group 1,USD,0.00,0,1,0.00%,0,0.00,Search,0.00%,0.00,0.00
composite decking vs pvc,AI Max,None,Premium Composite Decks,Ad group 1,USD,0.00,0,1,0.00%,0,0.00,Search,0.00%,0.00,0.00
how to fix leaning deck post,Performance Max,None,PMAX cu remarketing, --,USD,0.00,0,1,0.00%,0,0.00,Performance Max,0.00%,0.00,0.00
trex vs timbertech,Performance Max,None,PMAX cu remarketing, --,USD,0.00,0,1,0.00%,0,0.00,Performance Max,0.00%,0.00,0.00
piedmont fencing,Performance Max,None,PMAX cu remarketing, --,USD,0.00,0,1,0.00%,0,0.00,Performance Max,0.00%,0.00,0.00
deck cleaning and staining,Performance Max,None,PMAX cu remarketing, --,USD,0.00,0,2,0.00%,0,0.00,Performance Max,0.00%,0.00,0.00
carter fence virginia,Performance Max,None,PMAX cu remarketing, --,USD,0.00,0,1,0.00%,0,0.00,Performance Max,0.00%,0.00,0.00
prime outdoor living fairfax,Performance Max,None,PMAX cu remarketing, --,USD,0.00,0,2,0.00%,0,0.00,Performance Max,0.00%,0.00,0.00
grey stone patios,Performance Max,None,PMAX cu remarketing, --,USD,0.00,0,1,0.00%,0,0.00,Performance Max,0.00%,0.00,0.00
fence contracts,Performance Max,None,PMAX cu remarketing, --,USD,0.00,0,1,0.00%,0,0.00,Performance Max,0.00%,0.00,0.00
cedar deck,Performance Max,None,PMAX cu remarketing, --,USD,0.00,0,1,0.00%,0,0.00,Performance Max,0.00%,0.00,0.00
carpenter near me for small jobs,Performance Max,None,PMAX cu remarketing, --,USD,0.00,0,1,0.00%,0,0.00,Performance Max,0.00%,0.00,0.00
home power washing near me,Performance Max,None,PMAX cu remarketing, --,USD,0.00,0,1,0.00%,0,0.00,Performance Max,0.00%,0.00,0.00
twperry leesburg,Performance Max,None,PMAX cu remarketing, --,USD,0.00,0,2,0.00%,0,0.00,Performance Max,0.00%,0.00,0.00
contractor alexandria,Performance Max,None,PMAX cu remarketing, --,USD,0.00,0,1,0.00%,0,0.00,Performance Max,0.00%,0.00,0.00
picture framing deck,AI Max,None,Deck Repair - Loudoun County,Deck Repair - Loudoun County,USD,0.00,0,1,0.00%,0,0.00,Search,0.00%,0.00,0.00
trex warranty,AI Max,None,Deck Repair - Loudoun County,Composite - Trex Repair,USD,0.00,0,1,0.00%,0,0.00,Search,0.00%,0.00,0.00
stoneridge decking,AI Max,None,Deck Repair - Loudoun County,Deck Repair - Loudoun County,USD,3450.97,1,2,50.00%,6.90,6.90,Search,0.00%,0.00,0.00
deck and floor sander,Broad match,None,Deck Repair - Loudoun County,Deck Renovation,USD,0.00,0,1,0.00%,0,0.00,Search,0.00%,0.00,0.00
gus and sons home services,AI Max,None,Deck Repair - Loudoun County,Deck Repair - Loudoun County,USD,0.00,0,1,0.00%,0,0.00,Search,0.00%,0.00,0.00
trex deck,AI Max,None,loudoun decks,Deck Builder - Hamilton,USD,0.00,0,3,0.00%,0,0.00,Search,0.00%,0.00,0.00
eco decks,AI Max,None,loudoun decks,Deck Builder - Potomac Falls,USD,0.00,0,1,0.00%,0,0.00,Search,0.00%,0.00,0.00
who sells concrete steps,Broad match,None,loudoun decks,Deck Builder - Brambleton,USD,0.00,0,1,0.00%,0,0.00,Search,0.00%,0.00,0.00
deck armor near me,AI Max,None,loudoun decks,Deck Builder - Leesburg,USD,0.00,0,1,0.00%,0,0.00,Search,0.00%,0.00,0.00
keystone custom decks,Broad match,None,loudoun decks,Deck Builder - Brambleton,USD,0.00,0,1,0.00%,0,0.00,Search,0.00%,0.00,0.00
total remodeling systems,AI Max,None,loudoun decks,Deck Builder - South Riding,USD,0.00,0,1,0.00%,0,0.00,Search,0.00%,0.00,0.00
foggy wharf,Phrase match (close variant),None,loudoun decks,Deck Builder - Brambleton,USD,0.00,0,1,0.00%,0,0.00,Search,0.00%,0.00,0.00
north american deck and patio,AI Max,None,loudoun decks,Deck Builder - Potomac Falls,USD,0.00,0,1,0.00%,0,0.00,Search,0.00%,0.00,0.00
deck builder near me,Exact match,Added,loudoun decks,Deck Builder - Lansdowne,USD,0.00,0,7,0.00%,0,0.00,Search,0.00%,0.00,0.00
exterior power washing near me,Performance Max,None,Pmax - Dec4, --,USD,0.00,0,1,0.00%,0,0.00,Performance Max,0.00%,0.00,0.00
adding gazebo to deck,Performance Max,None,Pmax - Dec4, --,USD,0.00,0,1,0.00%,0,0.00,Performance Max,0.00%,0.00,0.00
long fence,Performance Max,None,Pmax - Dec4, --,USD,298.92,2,23,8.70%,3.44,6.88,Performance Max,0.00%,0.00,0.00
nova decks and exteriors,Performance Max,None,Pmax - Dec4, --,USD,1343.33,1,3,33.33%,4.03,4.03,Performance Max,0.00%,0.00,0.00
window genie of loudoun,Performance Max,None,Pmax - Dec4, --,USD,0.00,0,1,0.00%,0,0.00,Performance Max,0.00%,0.00,0.00
enclosed porch,Performance Max,None,Pmax - Dec4, --,USD,0.00,0,1,0.00%,0,0.00,Performance Max,0.00%,0.00,0.00
composite deck vs wood cost,Phrase match,None,SRCH | Composite | 3 Counties | Calls,Composite Deck Cost,USD,0.00,0,1,0.00%,0,0.00,Search,0.00%,0.00,0.00
trex decking nearby,AI Max,None,Fairfax-Search-Search - Deck Leads - VA - May 2025,Deck + Patio / Outdoor Living,USD,0.00,0,1,0.00%,0,0.00,Search,0.00%,0.00,0.00
decks near me,Phrase match (close variant),None,Fairfax-Search-Search - Deck Leads - VA - May 2025,Deck + Patio / Outdoor Living,USD,0.00,0,1,0.00%,0,0.00,Search,0.00%,0.00,0.00
deck builders near me,Exact match,None,Fairfax-Search-Search - Deck Leads - VA - May 2025,Deck Builders Near Me,USD,0.00,0,1,0.00%,0,0.00,Search,0.00%,0.00,0.00
old deck,AI Max,None,Fairfax-Search-Search - Deck Leads - VA - May 2025,Composite Decking,USD,0.00,0,1,0.00%,0,0.00,Search,0.00%,0.00,0.00
trex rainescape installation video,Performance Max,None,PMAX cu remarketing, --,USD,0.00,0,2,0.00%,0,0.00,Performance Max,0.00%,0.00,0.00
lumber near me,Performance Max,None,PMAX cu remarketing, --,USD,0.00,0,6,0.00%,0,0.00,Performance Max,0.00%,0.00,0.00
william construction services,Performance Max,None,PMAX cu remarketing, --,USD,0.00,0,1,0.00%,0,0.00,Performance Max,0.00%,0.00,0.00
fence companies in maryland,Performance Max,None,PMAX cu remarketing, --,USD,0.00,0,1,0.00%,0,0.00,Performance Max,0.00%,0.00,0.00
balcony repair,Performance Max,None,PMAX cu remarketing, --,USD,0.00,0,4,0.00%,0,0.00,Performance Max,0.00%,0.00,0.00
custom decks near me,Performance Max,None,PMAX cu remarketing, --,USD,0.00,0,1,0.00%,0,0.00,Performance Max,0.00%,0.00,0.00
handyman carpenter services near me,Performance Max,None,PMAX cu remarketing, --,USD,0.00,0,1,0.00%,0,0.00,Performance Max,0.00%,0.00,0.00
pressure treated wood deck vs composite,Performance Max,None,PMAX cu remarketing, --,USD,0.00,0,1,0.00%,0,0.00,Performance Max,0.00%,0.00,0.00
outdoor spaces llc,Performance Max,None,PMAX cu remarketing, --,USD,0.00,0,6,0.00%,0,0.00,Performance Max,0.00%,0.00,0.00
how to fix a deck board,Performance Max,None,PMAX cu remarketing, --,USD,0.00,0,1,0.00%,0,0.00,Performance Max,0.00%,0.00,0.00
fence deck connection,Performance Max,None,PMAX cu remarketing, --,USD,0.00,0,1,0.00%,0,0.00,Performance Max,0.00%,0.00,0.00
prince william's home improvement,Performance Max,None,PMAX cu remarketing, --,USD,6597.09,1,2,50.00%,13.19,13.19,Performance Max,100.00%,1.00,13.19
how to properly pressure wash a driveway,Performance Max,None,PMAX cu remarketing, --,USD,0.00,0,1,0.00%,0,0.00,Performance Max,0.00%,0.00,0.00
mobile home porches,Performance Max,None,PMAX cu remarketing, --,USD,0.00,0,1,0.00%,0,0.00,Performance Max,0.00%,0.00,0.00
refurbish old deck,Performance Max,None,PMAX cu remarketing, --,USD,0.00,0,1,0.00%,0,0.00,Performance Max,0.00%,0.00,0.00
door installation,Performance Max,None,PMAX cu remarketing, --,USD,0.00,0,2,0.00%,0,0.00,Performance Max,0.00%,0.00,0.00
patio cleaners near me,Performance Max,None,PMAX cu remarketing, --,USD,1222.58,1,3,33.33%,3.67,3.67,Performance Max,0.00%,0.00,0.00
metzger decks framing and more,Performance Max,None,PMAX cu remarketing, --,USD,0.00,0,1,0.00%,0,0.00,Performance Max,0.00%,0.00,0.00
top front porch,Performance Max,None,PMAX cu remarketing, --,USD,0.00,0,4,0.00%,0,0.00,Performance Max,0.00%,0.00,0.00
cedar wood store,Performance Max,None,PMAX cu remarketing, --,USD,0.00,0,1,0.00%,0,0.00,Performance Max,0.00%,0.00,0.00
custom home builder virginia,AI Max,None,Premium Composite Decks,Ad group 1,USD,0.00,0,1,0.00%,0,0.00,Search,0.00%,0.00,0.00
mid atlantic construction company,AI Max,None,Premium Composite Decks,Ad group 1,USD,0.00,0,1,0.00%,0,0.00,Search,0.00%,0.00,0.00
screened in porches,AI Max,None,Premium Composite Decks,Ad group 1,USD,0.00,0,2,0.00%,0,0.00,Search,0.00%,0.00,0.00
trex select saddle brown,AI Max,None,Premium Composite Decks,Ad group 1,USD,0.00,0,1,0.00%,0,0.00,Search,0.00%,0.00,0.00
deck building contractors,Exact match (close variant),None,Premium Composite Decks,Ad group 1,USD,3631.37,2,3,66.67%,5.45,10.89,Search,50.00%,1.00,10.89
general contractors woodbridge,AI Max,None,Premium Composite Decks,Ad group 1,USD,2980.00,1,1,100.00%,2.98,2.98,Search,0.00%,0.00,0.00
zipup underdeck,Phrase match (close variant),None,loudoun decks,Deck Builder - Brambleton,USD,0.00,0,1,0.00%,0,0.00,Search,0.00%,0.00,0.00
patio cover,Broad match,None,loudoun decks,Deck Builder - Brambleton,USD,0.00,0,1,0.00%,0,0.00,Search,0.00%,0.00,0.00
danpri construction,AI Max,None,loudoun decks,Deck Builder - South Riding,USD,0.00,0,4,0.00%,0,0.00,Search,0.00%,0.00,0.00
trex deck builders near me,AI Max,None,loudoun decks,Deck Builder - Round Hill,USD,0.00,0,1,0.00%,0,0.00,Search,0.00%,0.00,0.00
deck work near me,AI Max,None,loudoun decks,Loudoun Decks,USD,0.00,0,1,0.00%,0,0.00,Search,0.00%,0.00,0.00
trex gate installation,AI Max,None,loudoun decks,Deck Builder - South Riding,USD,0.00,0,1,0.00%,0,0.00,Search,0.00%,0.00,0.00
compañía de construcción cerca de mi,AI Max,None,loudoun decks,Deck Builder - Arcola,USD,0.00,0,1,0.00%,0,0.00,Search,0.00%,0.00,0.00
true decks,Performance Max,None,Pmax - Dec4, --,USD,0.00,0,1,0.00%,0,0.00,Performance Max,0.00%,0.00,0.00
outdoor living,Performance Max,None,Pmax - Dec4, --,USD,0.00,0,7,0.00%,0,0.00,Performance Max,0.00%,0.00,0.00
fence installation near me,Performance Max,None,Pmax - Dec4, --,USD,0.00,0,1,0.00%,0,0.00,Performance Max,0.00%,0.00,0.00
home services in virginia,AI Max,None,Deck Repair - Loudoun County,Deck Repair - Loudoun County,USD,2950.00,1,1,100.00%,2.95,2.95,Search,0.00%,0.00,0.00
deck wood repair,Broad match,None,Deck Repair - Loudoun County,Deck Renovation,USD,0.00,0,1,0.00%,0,0.00,Search,0.00%,0.00,0.00
constructions companies near me,AI Max,None,Deck Repair - Loudoun County,Composite - Trex Repair,USD,950.00,1,1,100.00%,0.95,0.95,Search,0.00%,0.00,0.00
deck,AI Max,None,Deck Repair - Loudoun County,Deck Restoration - Refinishing,USD,0.00,0,1,0.00%,0,0.00,Search,0.00%,0.00,0.00
deck board replacement,Exact match (close variant),None,Fairfax-Search-Search - Deck Leads - VA - May 2025,Deck Builders Near Me,USD,0.00,0,1,0.00%,0,0.00,Search,0.00%,0.00,0.00
replacing wood deck boards with composite,AI Max,None,Fairfax-Search-Search - Deck Leads - VA - May 2025,Deck Repair & Refinishing,USD,0.00,0,1,0.00%,0,0.00,Search,0.00%,0.00,0.00
outdoor pavilion build,AI Max,None,Fairfax-Search-Search - Deck Leads - VA - May 2025,Deck + Patio / Outdoor Living,USD,0.00,0,1,0.00%,0,0.00,Search,0.00%,0.00,0.00
deck builder,Phrase match (close variant),None,Fairfax-Search-Search - Deck Leads - VA - May 2025,Deck + Patio / Outdoor Living,USD,0.00,0,1,0.00%,0,0.00,Search,0.00%,0.00,0.00
4 season sunroom,AI Max,None,Fairfax-Search-Search - Deck Leads - VA - May 2025,Deck + Patio / Outdoor Living,USD,0.00,0,4,0.00%,0,0.00,Search,0.00%,0.00,0.00
yella wood,AI Max,None,Fairfax-Search-Search - Deck Leads - VA - May 2025,Deck Builders Near Me,USD,0.00,0,1,0.00%,0,0.00,Search,0.00%,0.00,0.00
deckstar llc,AI Max,None,Premium Composite Decks,Ad group 1,USD,0.00,0,4,0.00%,0,0.00,Search,0.00%,0.00,0.00
prodeck construction va,AI Max,None,Premium Composite Decks,Ad group 1,USD,0.00,0,3,0.00%,0,0.00,Search,0.00%,0.00,0.00
the backyard company,AI Max,None,Premium Composite Decks,Ad group 1,USD,0.00,0,1,0.00%,0,0.00,Search,0.00%,0.00,0.00
builders firstsource manassas,AI Max,None,Premium Composite Decks,Ad group 1,USD,0.00,0,2,0.00%,0,0.00,Search,0.00%,0.00,0.00
composite decking deals,AI Max,None,Premium Composite Decks,Ad group 1,USD,0.00,0,1,0.00%,0,0.00,Search,0.00%,0.00,0.00
deckorators decking,AI Max,None,Premium Composite Decks,Ad group 1,USD,0.00,0,2,0.00%,0,0.00,Search,0.00%,0.00,0.00
pool decking resurfacing,AI Max,None,Premium Composite Decks,Ad group 1,USD,0.00,0,1,0.00%,0,0.00,Search,0.00%,0.00,0.00
stamped concrete near me,AI Max,None,Premium Composite Decks,Ad group 1,USD,0.00,0,1,0.00%,0,0.00,Search,0.00%,0.00,0.00
black star outdoors,AI Max,None,Premium Composite Decks,Ad group 1,USD,0.00,0,2,0.00%,0,0.00,Search,0.00%,0.00,0.00
patio installation companies,AI Max,None,Premium Composite Decks,Ad group 1,USD,0.00,0,1,0.00%,0,0.00,Search,0.00%,0.00,0.00
patriot construction,AI Max,None,loudoun decks,Deck Builder - Middleburg,USD,0.00,0,1,0.00%,0,0.00,Search,0.00%,0.00,0.00
fiberon concordia horizon,AI Max,None,loudoun decks,Deck Builder - Hamilton,USD,0.00,0,1,0.00%,0,0.00,Search,0.00%,0.00,0.00
deck store near me,Phrase match (close variant),None,loudoun decks,Deck Builder - Brambleton,USD,0.00,0,1,0.00%,0,0.00,Search,0.00%,0.00,0.00
curb appeal masters,Broad match,None,loudoun decks,Deck Builder - Brambleton,USD,0.00,0,1,0.00%,0,0.00,Search,0.00%,0.00,0.00
concrete contractor near me,AI Max,None,loudoun decks,Deck Builder - Aldie,USD,0.00,0,1,0.00%,0,0.00,Search,0.00%,0.00,0.00
wood patio,Phrase match (close variant),None,loudoun decks,Deck Builder - Brambleton,USD,0.00,0,1,0.00%,0,0.00,Search,0.00%,0.00,0.00
decksdirect llc,AI Max,None,loudoun decks,Deck Builder - Broadlands,USD,0.00,0,1,0.00%,0,0.00,Search,0.00%,0.00,0.00
deck,Broad match,None,loudoun decks,Deck Builder - Brambleton,USD,1413.75,1,8,12.50%,11.31,11.31,Search,0.00%,0.00,0.00
carpenter near me,AI Max,None,loudoun decks,Deck Builder - Round Hill,USD,0.00,0,1,0.00%,0,0.00,Search,0.00%,0.00,0.00
loudoun construction,AI Max,None,loudoun decks,Deck Builder - Broadlands,USD,32820.39,1,1,100.00%,32.82,32.82,Search,0.00%,0.00,0.00
ridgeline exteriors,Broad match,None,loudoun decks,Deck Builder - Brambleton,USD,0.00,0,1,0.00%,0,0.00,Search,0.00%,0.00,0.00
how much is a deck,AI Max,None,loudoun decks,Deck Builder - South Riding,USD,0.00,0,1,0.00%,0,0.00,Search,0.00%,0.00,0.00
armor deck and fence,Performance Max,None,PMAX cu remarketing, --,USD,0.00,0,1,0.00%,0,0.00,Performance Max,0.00%,0.00,0.00
ashburn fencing,Performance Max,None,PMAX cu remarketing, --,USD,0.00,0,1,0.00%,0,0.00,Performance Max,0.00%,0.00,0.00
turnkey porch enclosures,Performance Max,None,PMAX cu remarketing, --,USD,140.00,1,2,50.00%,0.28,0.28,Performance Max,0.00%,0.00,0.00
nova construction pro,Performance Max,None,PMAX cu remarketing, --,USD,0.00,0,2,0.00%,0,0.00,Performance Max,0.00%,0.00,0.00
potomac deck and fence,Performance Max,None,PMAX cu remarketing, --,USD,0.00,0,3,0.00%,0,0.00,Performance Max,0.00%,0.00,0.00
pw home improvement,Performance Max,None,PMAX cu remarketing, --,USD,0.00,0,4,0.00%,0,0.00,Performance Max,0.00%,0.00,0.00
deck pressure washing near me,Performance Max,None,PMAX cu remarketing, --,USD,0.00,0,1,0.00%,0,0.00,Performance Max,0.00%,0.00,0.00
deck vs patio,Performance Max,None,PMAX cu remarketing, --,USD,0.00,0,1,0.00%,0,0.00,Performance Max,0.00%,0.00,0.00
how to build a deck,Performance Max,None,PMAX cu remarketing, --,USD,0.00,0,18,0.00%,0,0.00,Performance Max,0.00%,0.00,0.00
abernethy sticks,Performance Max,None,PMAX cu remarketing, --,USD,0.00,0,1,0.00%,0,0.00,Performance Max,0.00%,0.00,0.00
azteca contractors,Performance Max,None,PMAX cu remarketing, --,USD,0.00,0,1,0.00%,0,0.00,Performance Max,0.00%,0.00,0.00
building washing services,Performance Max,None,PMAX cu remarketing, --,USD,0.00,0,1,0.00%,0,0.00,Performance Max,0.00%,0.00,0.00
pergola builders near me,Performance Max,None,PMAX cu remarketing, --,USD,0.00,0,3,0.00%,0,0.00,Performance Max,0.00%,0.00,0.00
how to cover underneath deck,Performance Max,None,PMAX cu remarketing, --,USD,0.00,0,2,0.00%,0,0.00,Performance Max,0.00%,0.00,0.00
jl landscaping cerca de mi,Performance Max,None,PMAX cu remarketing, --,USD,0.00,0,1,0.00%,0,0.00,Performance Max,0.00%,0.00,0.00
barrons lumber near me,Performance Max,None,PMAX cu remarketing, --,USD,0.00,0,3,0.00%,0,0.00,Performance Max,0.00%,0.00,0.00
awesome decks,Performance Max,None,PMAX cu remarketing, --,USD,0.00,0,1,0.00%,0,0.00,Performance Max,0.00%,0.00,0.00
deck joist rot repair,AI Max,None,Deck Repair - Loudoun County,Deck Repair - Loudoun County,USD,0.00,0,2,0.00%,0,0.00,Search,0.00%,0.00,0.00
installing lattice under deck,AI Max,None,Deck Repair - Loudoun County,Composite - Trex Repair,USD,0.00,0,2,0.00%,0,0.00,Search,0.00%,0.00,0.00
sunroom addition,AI Max,None,Deck Repair - Loudoun County,Deck Restoration - Refinishing,USD,0.00,0,1,0.00%,0,0.00,Search,0.00%,0.00,0.00
how much new deck cost,AI Max,None,Deck Repair - Loudoun County,Deck Repair - Loudoun County,USD,1735.00,1,2,50.00%,3.47,3.47,Search,0.00%,0.00,0.00
under deck drainage system,Broad match,None,Deck Repair - Loudoun County,Deck Renovation,USD,0.00,0,1,0.00%,0,0.00,Search,0.00%,0.00,0.00
long fence company,Performance Max,None,Pmax - Dec4, --,USD,0.00,0,2,0.00%,0,0.00,Performance Max,0.00%,0.00,0.00
decking companies near me,Performance Max,None,Pmax - Dec4, --,USD,0.00,0,1,0.00%,0,0.00,Performance Max,0.00%,0.00,0.00
premier deck and fence,Performance Max,None,Pmax - Dec4, --,USD,0.00,0,2,0.00%,0,0.00,Performance Max,0.00%,0.00,0.00
awning for deck,Performance Max,None,Pmax - Dec4, --,USD,0.00,0,1,0.00%,0,0.00,Performance Max,0.00%,0.00,0.00
poured concrete patio near me,AI Max,None,Fairfax-Search-Search - Deck Leads - VA - May 2025,Deck + Patio / Outdoor Living,USD,0.00,0,1,0.00%,0,0.00,Search,0.00%,0.00,0.00
deck construction near me,Exact match,Added,Fairfax-Search-Search - Deck Leads - VA - May 2025,Deck Builders Near Me,USD,0.00,0,3,0.00%,0,0.00,Search,0.00%,0.00,0.00
decked out landscapes llc,AI Max,None,Fairfax-Search-Search - Deck Leads - VA - May 2025,Deck + Patio / Outdoor Living,USD,0.00,0,1,0.00%,0,0.00,Search,0.00%,0.00,0.00
decks,AI Max,None,Fairfax-Search-Search - Deck Leads - VA - May 2025,Deck + Patio / Outdoor Living,USD,0.00,0,2,0.00%,0,0.00,Search,0.00%,0.00,0.00
deck prices,AI Max,None,Fairfax-Search-Search - Deck Leads - VA - May 2025,Deck Builders Near Me,USD,0.00,0,1,0.00%,0,0.00,Search,0.00%,0.00,0.00
diseño de porche,AI Max,None,Fairfax-Search-Search - Deck Leads - VA - May 2025,Deck Builders Near Me,USD,0.00,0,1,0.00%,0,0.00,Search,0.00%,0.00,0.00
deck building 101,AI Max,None,Fairfax-Search-Search - Deck Leads - VA - May 2025,Deck + Patio / Outdoor Living,USD,0.00,0,3,0.00%,0,0.00,Search,0.00%,0.00,0.00
large patio,AI Max,None,Fairfax-Search-Search - Deck Leads - VA - May 2025,Deck + Patio / Outdoor Living,USD,0.00,0,1,0.00%,0,0.00,Search,0.00%,0.00,0.00
apex plus decking,AI Max,None,Premium Composite Decks,Ad group 1,USD,0.00,0,1,0.00%,0,0.00,Search,0.00%,0.00,0.00
porch rescreening,AI Max,None,Premium Composite Decks,Ad group 1,USD,0.00,0,1,0.00%,0,0.00,Search,0.00%,0.00,0.00
absolute decks,AI Max,None,Premium Composite Decks,Ad group 1,USD,0.00,0,1,0.00%,0,0.00,Search,0.00%,0.00,0.00
venta de madera para deck,AI Max,None,Premium Composite Decks,Ad group 1,USD,0.00,0,1,0.00%,0,0.00,Search,0.00%,0.00,0.00
materiales para deck exterior,AI Max,None,Premium Composite Decks,Ad group 1,USD,0.00,0,1,0.00%,0,0.00,Search,0.00%,0.00,0.00
duradeck,AI Max,None,Premium Composite Decks,Ad group 1,USD,0.00,0,1,0.00%,0,0.00,Search,0.00%,0.00,0.00
pictures of composite decks,AI Max,None,Premium Composite Decks,Ad group 1,USD,3100.00,1,1,100.00%,3.10,3.10,Search,0.00%,0.00,0.00
deckman reviews,Performance Max,None,PMAX cu remarketing, --,USD,0.00,0,3,0.00%,0,0.00,Performance Max,0.00%,0.00,0.00
trex handrail install,Performance Max,None,PMAX cu remarketing, --,USD,0.00,0,1,0.00%,0,0.00,Performance Max,0.00%,0.00,0.00
fiberglass deck,Performance Max,None,PMAX cu remarketing, --,USD,0.00,0,1,0.00%,0,0.00,Performance Max,0.00%,0.00,0.00
awning installer near me,Performance Max,None,PMAX cu remarketing, --,USD,0.00,0,1,0.00%,0,0.00,Performance Max,0.00%,0.00,0.00
trex deck installation cost,Performance Max,None,PMAX cu remarketing, --,USD,0.00,0,1,0.00%,0,0.00,Performance Max,0.00%,0.00,0.00
longwood fence company,Performance Max,None,PMAX cu remarketing, --,USD,0.00,0,1,0.00%,0,0.00,Performance Max,0.00%,0.00,0.00
backyard patio diy,Performance Max,None,PMAX cu remarketing, --,USD,0.00,0,1,0.00%,0,0.00,Performance Max,0.00%,0.00,0.00
deck supply store near me,Performance Max,None,PMAX cu remarketing, --,USD,0.00,0,1,0.00%,0,0.00,Performance Max,0.00%,0.00,0.00
house siding wash,Performance Max,None,PMAX cu remarketing, --,USD,0.00,0,1,0.00%,0,0.00,Performance Max,0.00%,0.00,0.00
manassas building supply,Performance Max,None,PMAX cu remarketing, --,USD,0.00,0,1,0.00%,0,0.00,Performance Max,0.00%,0.00,0.00
skippers construction,Performance Max,None,PMAX cu remarketing, --,USD,0.00,0,2,0.00%,0,0.00,Performance Max,0.00%,0.00,0.00
patio materials near me,Performance Max,None,PMAX cu remarketing, --,USD,0.00,0,1,0.00%,0,0.00,Performance Max,0.00%,0.00,0.00
how to install screened in porch,Performance Max,None,PMAX cu remarketing, --,USD,0.00,0,1,0.00%,0,0.00,Performance Max,0.00%,0.00,0.00
lumber yard,Performance Max,None,PMAX cu remarketing, --,USD,0.00,0,1,0.00%,0,0.00,Performance Max,0.00%,0.00,0.00
deck building plans,Performance Max,None,PMAX cu remarketing, --,USD,0.00,0,1,0.00%,0,0.00,Performance Max,0.00%,0.00,0.00
decks direct phone number,AI Max,None,loudoun decks,Deck Builder - Aldie,USD,0.00,0,1,0.00%,0,0.00,Search,0.00%,0.00,0.00
ipe decks,Phrase match (close variant),None,loudoun decks,Deck Builder - Brambleton,USD,0.00,0,1,0.00%,0,0.00,Search,0.00%,0.00,0.00
perennial construction,AI Max,None,loudoun decks,Deck Builder - Stone Ridge,USD,0.00,0,1,0.00%,0,0.00,Search,0.00%,0.00,0.00
trex millstone,AI Max,None,loudoun decks,Deck Builder - Middleburg,USD,0.00,0,1,0.00%,0,0.00,Search,0.00%,0.00,0.00
timbertech sea salt gray,AI Max,None,loudoun decks,Deck Builder - Middleburg,USD,0.00,0,1,0.00%,0,0.00,Search,0.00%,0.00,0.00
stonework company,Broad match,None,loudoun decks,Deck Builder - Brambleton,USD,0.00,0,1,0.00%,0,0.00,Search,0.00%,0.00,0.00
potros construction,Performance Max,None,Pmax - Dec4, --,USD,0.00,0,1,0.00%,0,0.00,Performance Max,0.00%,0.00,0.00
deck covers for privacy,AI Max,None,Deck Repair - Loudoun County,Deck Replacement,USD,0.00,0,1,0.00%,0,0.00,Search,0.00%,0.00,0.00
under deck skirting panels,AI Max,None,Deck Repair - Loudoun County,Deck Repair - Loudoun County,USD,0.00,0,1,0.00%,0,0.00,Search,0.00%,0.00,0.00
trex deck stains,AI Max,None,Deck Repair - Loudoun County,Composite - Trex Repair,USD,0.00,0,1,0.00%,0,0.00,Search,0.00%,0.00,0.00
composite deck installation,Exact match (close variant),None,SRCH | Composite | 3 Counties | Calls,Composite Deck Builder,USD,0.00,0,1,0.00%,0,0.00,Search,0.00%,0.00,0.00
backyard designs near me,AI Max,None,Fairfax-Search-Search - Deck Leads - VA - May 2025,Deck + Patio / Outdoor Living,USD,420.00,1,2,50.00%,0.84,0.84,Search,0.00%,0.00,0.00
stoneridge outdoor living,AI Max,None,Fairfax-Search-Search - Deck Leads - VA - May 2025,Deck Builders Near Me,USD,0.00,0,1,0.00%,0,0.00,Search,0.00%,0.00,0.00
pavers for patio near me,AI Max,None,Fairfax-Search-Search - Deck Leads - VA - May 2025,Deck + Patio / Outdoor Living,USD,0.00,0,1,0.00%,0,0.00,Search,0.00%,0.00,0.00
backyard transformation,AI Max,None,Fairfax-Search-Search - Deck Leads - VA - May 2025,Deck + Patio / Outdoor Living,USD,0.00,0,2,0.00%,0,0.00,Search,0.00%,0.00,0.00
trex decking showroom,AI Max,None,Fairfax-Search-Search - Deck Leads - VA - May 2025,Deck Builders Near Me,USD,0.00,0,1,0.00%,0,0.00,Search,0.00%,0.00,0.00
deck installation,AI Max,None,Fairfax-Search-Search - Deck Leads - VA - May 2025,Composite Decking,USD,0.00,0,1,0.00%,0,0.00,Search,0.00%,0.00,0.00
pergola builders near me,AI Max,None,Premium Composite Decks,Ad group 1,USD,5685.82,1,2,50.00%,11.37,11.37,Search,0.00%,0.00,0.00
deck kits for sale,AI Max,None,Premium Composite Decks,Ad group 1,USD,0.00,0,2,0.00%,0,0.00,Search,0.00%,0.00,0.00
how to do deck,AI Max,None,Premium Composite Decks,Ad group 1,USD,0.00,0,1,0.00%,0,0.00,Search,0.00%,0.00,0.00
decks manassas va,AI Max,None,Premium Composite Decks,Ad group 1,USD,0.00,0,1,0.00%,0,0.00,Search,0.00%,0.00,0.00
pergola,AI Max,None,Premium Composite Decks,Ad group 1,USD,0.00,0,2,0.00%,0,0.00,Search,0.00%,0.00,0.00
deck builders northern virginia,AI Max,None,Premium Composite Decks,Ad group 1,USD,0.00,0,3,0.00%,0,0.00,Search,0.00%,0.00,0.00
tw perry leesburg va,AI Max,None,Premium Composite Decks,Ad group 1,USD,0.00,0,5,0.00%,0,0.00,Search,0.00%,0.00,0.00
metzger decks framing and more,AI Max,None,Premium Composite Decks,Ad group 1,USD,0.00,0,1,0.00%,0,0.00,Search,0.00%,0.00,0.00
compañias de construction,AI Max,None,Premium Composite Decks,Ad group 1,USD,0.00,0,1,0.00%,0,0.00,Search,0.00%,0.00,0.00
douglas fir tongue and groove porch flooring,AI Max,None,Premium Composite Decks,Ad group 1,USD,0.00,0,1,0.00%,0,0.00,Search,0.00%,0.00,0.00
enclosed patio ideas,AI Max,None,Premium Composite Decks,Ad group 1,USD,0.00,0,1,0.00%,0,0.00,Search,0.00%,0.00,0.00
composite wood,AI Max,None,Premium Composite Decks,Ad group 1,USD,0.00,0,1,0.00%,0,0.00,Search,0.00%,0.00,0.00
deck beams and joists,AI Max,None,Premium Composite Decks,Ad group 1,USD,0.00,0,1,0.00%,0,0.00,Search,0.00%,0.00,0.00
deck remodeling near me,Performance Max,None,PMAX cu remarketing, --,USD,0.00,0,4,0.00%,0,0.00,Performance Max,0.00%,0.00,0.00
structure gazebo,Performance Max,None,PMAX cu remarketing, --,USD,0.00,0,1,0.00%,0,0.00,Performance Max,0.00%,0.00,0.00
fairfax county construction permits,Performance Max,None,PMAX cu remarketing, --,USD,0.00,0,1,0.00%,0,0.00,Performance Max,0.00%,0.00,0.00
how much does a 20x20 composite deck cost,Performance Max,None,PMAX cu remarketing, --,USD,266.59,2,5,40.00%,0.67,1.33,Performance Max,0.00%,0.00,0.00
backyard patio ideas,Performance Max,None,PMAX cu remarketing, --,USD,0.00,0,3,0.00%,0,0.00,Performance Max,0.00%,0.00,0.00
refinishing wood deck,Performance Max,None,PMAX cu remarketing, --,USD,0.00,0,1,0.00%,0,0.00,Performance Max,0.00%,0.00,0.00
trex decking border,Performance Max,None,PMAX cu remarketing, --,USD,0.00,0,1,0.00%,0,0.00,Performance Max,0.00%,0.00,0.00
how much does it cost to install a fence in your backyard,Performance Max,None,PMAX cu remarketing, --,USD,0.00,0,1,0.00%,0,0.00,Performance Max,0.00%,0.00,0.00
roof top deck ideas,Performance Max,None,PMAX cu remarketing, --,USD,0.00,0,1,0.00%,0,0.00,Performance Max,0.00%,0.00,0.00
fence sealing near me,Performance Max,None,PMAX cu remarketing, --,USD,0.00,0,2,0.00%,0,0.00,Performance Max,0.00%,0.00,0.00
back porch ideas,Performance Max,None,PMAX cu remarketing, --,USD,0.00,0,2,0.00%,0,0.00,Performance Max,0.00%,0.00,0.00
power washing companies in my area,Performance Max,None,PMAX cu remarketing, --,USD,0.00,0,1,0.00%,0,0.00,Performance Max,0.00%,0.00,0.00
true decks,Performance Max,None,PMAX cu remarketing, --,USD,0.00,0,20,0.00%,0,0.00,Performance Max,0.00%,0.00,0.00
stoneridge decks & outdoor living,Performance Max,None,PMAX cu remarketing, --,USD,0.00,0,3,0.00%,0,0.00,Performance Max,0.00%,0.00,0.00
deck cleaning with pressure washer,Performance Max,None,PMAX cu remarketing, --,USD,0.00,0,1,0.00%,0,0.00,Performance Max,0.00%,0.00,0.00
veterans choice deck and fence,Performance Max,None,PMAX cu remarketing, --,USD,0.00,0,1,0.00%,0,0.00,Performance Max,0.00%,0.00,0.00
front porch pergola,Performance Max,None,PMAX cu remarketing, --,USD,0.00,0,2,0.00%,0,0.00,Performance Max,0.00%,0.00,0.00
vintage lumber frederick md,Performance Max,None,PMAX cu remarketing, --,USD,0.00,0,1,0.00%,0,0.00,Performance Max,0.00%,0.00,0.00
capitol building supply washington dc,Performance Max,None,PMAX cu remarketing, --,USD,0.00,0,1,0.00%,0,0.00,Performance Max,0.00%,0.00,0.00
archadeck,Performance Max,None,PMAX cu remarketing, --,USD,0.00,0,16,0.00%,0,0.00,Performance Max,0.00%,0.00,0.00
distinctive deck designs by mark shriner contracting,Performance Max,None,PMAX cu remarketing, --,USD,0.00,0,2,0.00%,0,0.00,Performance Max,0.00%,0.00,0.00
84 lumber manassas,Performance Max,None,PMAX cu remarketing, --,USD,0.00,0,3,0.00%,0,0.00,Performance Max,0.00%,0.00,0.00
replace rotted deck joist,AI Max,None,loudoun decks,Deck Builder - Aldie,USD,0.00,0,1,0.00%,0,0.00,Search,0.00%,0.00,0.00
deck pro,AI Max,None,loudoun decks,Loudoun Decks,USD,0.00,0,1,0.00%,0,0.00,Search,0.00%,0.00,0.00
deck suppliers near me,Phrase match (close variant),None,loudoun decks,Deck Builder - Brambleton,USD,0.00,0,2,0.00%,0,0.00,Search,0.00%,0.00,0.00
deck contractors near me,AI Max,None,loudoun decks,Loudoun Decks,USD,0.00,0,1,0.00%,0,0.00,Search,0.00%,0.00,0.00
steps near me,AI Max,None,loudoun decks,Deck Builder - South Riding,USD,0.00,0,1,0.00%,0,0.00,Search,0.00%,0.00,0.00
legacy built exteriors,Broad match,None,loudoun decks,Deck Builder - Brambleton,USD,0.00,0,1,0.00%,0,0.00,Search,0.00%,0.00,0.00
bare deck,Phrase match (close variant),None,loudoun decks,Deck Builder - Brambleton,USD,0.00,0,1,0.00%,0,0.00,Search,0.00%,0.00,0.00
deck and fence depot gainesville,Performance Max,None,Pmax - Dec4, --,USD,0.00,0,1,0.00%,0,0.00,Performance Max,0.00%,0.00,0.00
deck experts,Performance Max,None,Pmax - Dec4, --,USD,0.00,0,1,0.00%,0,0.00,Performance Max,0.00%,0.00,0.00
patio and deck company,AI Max,None,Deck Repair - Loudoun County,Deck Replacement,USD,0.00,0,1,0.00%,0,0.00,Search,0.00%,0.00,0.00
trex cost,AI Max,None,Deck Repair - Loudoun County,Deck Replacement,USD,0.00,0,1,0.00%,0,0.00,Search,0.00%,0.00,0.00
timbertech deck,Phrase match (close variant),None,SRCH | Composite | 3 Counties | Calls,Composite Deck Cost,USD,0.00,0,2,0.00%,0,0.00,Search,0.00%,0.00,0.00
deckorators summit cliffside,AI Max,None,Fairfax-Search-Search - Deck Leads - VA - May 2025,Deck Builders Near Me,USD,0.00,0,1,0.00%,0,0.00,Search,0.00%,0.00,0.00
most popular trex deck colors,AI Max,None,Fairfax-Search-Search - Deck Leads - VA - May 2025,Deck Builders Near Me,USD,0.00,0,1,0.00%,0,0.00,Search,0.00%,0.00,0.00
backyard,AI Max,None,Fairfax-Search-Search - Deck Leads - VA - May 2025,Deck + Patio / Outdoor Living,USD,0.00,0,6,0.00%,0,0.00,Search,0.00%,0.00,0.00
pool deck coating near me,Phrase match (close variant),None,SRCH | Replacement + Resurfacing | 3 Counties | Calls,Deck Resurfacing,USD,0.00,0,1,0.00%,0,0.00,Search,0.00%,0.00,0.00
deck resurfacing options,Exact match (close variant),None,SRCH | Replacement + Resurfacing | 3 Counties | Calls,Deck Resurfacing,USD,0.00,0,1,0.00%,0,0.00,Search,0.00%,0.00,0.00
screened deck,AI Max,None,Premium Composite Decks,Ad group 1,USD,0.00,0,1,0.00%,0,0.00,Search,0.00%,0.00,0.00
small job contractors near me,AI Max,None,Premium Composite Decks,Ad group 1,USD,0.00,0,1,0.00%,0,0.00,Search,0.00%,0.00,0.00
best deck drainage system,AI Max,None,Premium Composite Decks,Ad group 1,USD,0.00,0,1,0.00%,0,0.00,Search,0.00%,0.00,0.00
outdoor stair railing replacement,AI Max,None,Premium Composite Decks,Ad group 1,USD,0.00,0,2,0.00%,0,0.00,Search,0.00%,0.00,0.00
timbertech dark oak,AI Max,None,Premium Composite Decks,Ad group 1,USD,0.00,0,1,0.00%,0,0.00,Search,0.00%,0.00,0.00
handyman near me,AI Max,None,Premium Composite Decks,Ad group 1,USD,0.00,0,4,0.00%,0,0.00,Search,0.00%,0.00,0.00
landscaping woodbridge va,AI Max,None,Premium Composite Decks,Ad group 1,USD,0.00,0,1,0.00%,0,0.00,Search,0.00%,0.00,0.00
loudoun county deck details,AI Max,None,Premium Composite Decks,Ad group 1,USD,0.00,0,1,0.00%,0,0.00,Search,0.00%,0.00,0.00
daddio needs a patio,AI Max,None,Premium Composite Decks,Ad group 1,USD,0.00,0,1,0.00%,0,0.00,Search,0.00%,0.00,0.00
david garcia landscaping,AI Max,None,Premium Composite Decks,Ad group 1,USD,0.00,0,2,0.00%,0,0.00,Search,0.00%,0.00,0.00
handyman washington dc,AI Max,None,Premium Composite Decks,Ad group 1,USD,0.00,0,1,0.00%,0,0.00,Search,0.00%,0.00,0.00
trex co,AI Max,None,Premium Composite Decks,Ad group 1,USD,0.00,0,1,0.00%,0,0.00,Search,0.00%,0.00,0.00
local construction companies,AI Max,None,Premium Composite Decks,Ad group 1,USD,0.00,0,1,0.00%,0,0.00,Search,0.00%,0.00,0.00
how to put fence,Performance Max,None,PMAX cu remarketing, --,USD,0.00,0,1,0.00%,0,0.00,Performance Max,0.00%,0.00,0.00
how to screened in porch,Performance Max,None,PMAX cu remarketing, --,USD,0.00,0,1,0.00%,0,0.00,Performance Max,0.00%,0.00,0.00
outdoor living company,Performance Max,None,PMAX cu remarketing, --,USD,0.00,0,7,0.00%,0,0.00,Performance Max,0.00%,0.00,0.00
decks and patios,Performance Max,None,PMAX cu remarketing, --,USD,0.00,0,1,0.00%,0,0.00,Performance Max,0.00%,0.00,0.00
composite deck restoration,Performance Max,None,PMAX cu remarketing, --,USD,0.00,0,4,0.00%,0,0.00,Performance Max,0.00%,0.00,0.00
renoa deck,Performance Max,None,PMAX cu remarketing, --,USD,0.00,0,1,0.00%,0,0.00,Performance Max,0.00%,0.00,0.00
hardscapers near me,Performance Max,None,PMAX cu remarketing, --,USD,0.00,0,2,0.00%,0,0.00,Performance Max,0.00%,0.00,0.00
how to get permit to build a deck,Performance Max,None,PMAX cu remarketing, --,USD,0.00,0,1,0.00%,0,0.00,Performance Max,0.00%,0.00,0.00
how to restore composite decking,Performance Max,None,PMAX cu remarketing, --,USD,0.00,0,3,0.00%,0,0.00,Performance Max,0.00%,0.00,0.00
maryland deck,Performance Max,None,PMAX cu remarketing, --,USD,0.00,0,2,0.00%,0,0.00,Performance Max,0.00%,0.00,0.00
deckscapes,Performance Max,None,PMAX cu remarketing, --,USD,0.00,0,3,0.00%,0,0.00,Performance Max,0.00%,0.00,0.00
landscaping near me,Performance Max,None,PMAX cu remarketing, --,USD,157.33,2,15,13.33%,1.18,2.36,Performance Max,0.00%,0.00,0.00
stamped concrete patio companies near me,Performance Max,None,PMAX cu remarketing, --,USD,0.00,0,1,0.00%,0,0.00,Performance Max,0.00%,0.00,0.00
deck composite installation,Performance Max,None,PMAX cu remarketing, --,USD,0.00,0,1,0.00%,0,0.00,Performance Max,0.00%,0.00,0.00
loudoun fence and deck,Performance Max,None,PMAX cu remarketing, --,USD,0.00,0,4,0.00%,0,0.00,Performance Max,0.00%,0.00,0.00
aristocrat awnings,Broad match,None,loudoun decks,Deck Builder - Brambleton,USD,0.00,0,1,0.00%,0,0.00,Search,0.00%,0.00,0.00
trex deck colors,AI Max,None,loudoun decks,Deck Builder - Hamilton,USD,0.00,0,1,0.00%,0,0.00,Search,0.00%,0.00,0.00
north american deck,AI Max,None,loudoun decks,Deck Builder - Aldie,USD,0.00,0,1,0.00%,0,0.00,Search,0.00%,0.00,0.00
masonry work near me,Broad match,None,loudoun decks,Deck Builder - Brambleton,USD,0.00,0,1,0.00%,0,0.00,Search,0.00%,0.00,0.00
d & j contracting inc,AI Max,None,loudoun decks,Deck Builder - Brambleton,USD,0.00,0,1,0.00%,0,0.00,Search,0.00%,0.00,0.00
which ladder ready deck is best,AI Max,None,loudoun decks,Deck Builder - Hamilton,USD,0.00,0,1,0.00%,0,0.00,Search,0.00%,0.00,0.00
patio deck replacement,AI Max,None,loudoun decks,Deck Builder - Leesburg,USD,0.00,0,1,0.00%,0,0.00,Search,0.00%,0.00,0.00
screened porch,Performance Max,None,Pmax - Dec4, --,USD,0.00,0,2,0.00%,0,0.00,Performance Max,0.00%,0.00,0.00
fence pro,Performance Max,None,Pmax - Dec4, --,USD,0.00,0,1,0.00%,0,0.00,Performance Max,0.00%,0.00,0.00
4x8 sheets composite decking,AI Max,None,Deck Repair - Loudoun County,Deck Renovation,USD,3130.00,1,1,100.00%,3.13,3.13,Search,0.00%,0.00,0.00
deck wood repair,AI Max,None,Deck Repair - Loudoun County,Deck Repair - Loudoun County,USD,0.00,0,2,0.00%,0,0.00,Search,0.00%,0.00,0.00
long decks,Phrase match (close variant),None,Fairfax-Search-Search - Deck Leads - VA - May 2025,Deck + Patio / Outdoor Living,USD,0.00,0,1,0.00%,0,0.00,Search,0.00%,0.00,0.00
gable roof patio extension,AI Max,None,Fairfax-Search-Search - Deck Leads - VA - May 2025,Deck Builders Near Me,USD,0.00,0,2,0.00%,0,0.00,Search,0.00%,0.00,0.00
refinish deck,AI Max,None,Fairfax-Search-Search - Deck Leads - VA - May 2025,Deck + Patio / Outdoor Living,USD,0.00,0,1,0.00%,0,0.00,Search,0.00%,0.00,0.00
ldn decks,Exact match,Added,SRCH | Branded | 3 Counties | Calls,Brand Exact,USD,13787.50,5,4,125.00%,11.03,55.15,Search,0.00%,0.00,0.00
trex deck furniture,AI Max,None,Premium Composite Decks,Ad group 1,USD,0.00,0,1,0.00%,0,0.00,Search,0.00%,0.00,0.00
virginia contractor,AI Max,None,Premium Composite Decks,Ad group 1,USD,0.00,0,1,0.00%,0,0.00,Search,0.00%,0.00,0.00
timber tec,AI Max,None,Premium Composite Decks,Ad group 1,USD,0.00,0,2,0.00%,0,0.00,Search,0.00%,0.00,0.00
docks and decks,AI Max,None,Premium Composite Decks,Ad group 1,USD,0.00,0,1,0.00%,0,0.00,Search,0.00%,0.00,0.00
front porch designs,AI Max,None,Premium Composite Decks,Ad group 1,USD,0.00,0,1,0.00%,0,0.00,Search,0.00%,0.00,0.00
deck with pool,Performance Max,None,PMAX cu remarketing, --,USD,0.00,0,1,0.00%,0,0.00,Performance Max,0.00%,0.00,0.00
stoneridge outdoor living winchester va,Performance Max,None,PMAX cu remarketing, --,USD,0.00,0,1,0.00%,0,0.00,Performance Max,0.00%,0.00,0.00
outdoor decks ideas,Performance Max,None,PMAX cu remarketing, --,USD,0.00,0,1,0.00%,0,0.00,Performance Max,0.00%,0.00,0.00
deck repair and restoration,Performance Max,None,PMAX cu remarketing, --,USD,0.00,0,2,0.00%,0,0.00,Performance Max,0.00%,0.00,0.00
fence contractor near me,Performance Max,None,PMAX cu remarketing, --,USD,0.00,0,10,0.00%,0,0.00,Performance Max,0.00%,0.00,0.00
fence installation,Performance Max,None,PMAX cu remarketing, --,USD,0.00,0,3,0.00%,0,0.00,Performance Max,0.00%,0.00,0.00
front patio diy,Performance Max,None,PMAX cu remarketing, --,USD,0.00,0,1,0.00%,0,0.00,Performance Max,0.00%,0.00,0.00
hd exteriors,Performance Max,None,PMAX cu remarketing, --,USD,0.00,0,54,0.00%,0,0.00,Performance Max,0.00%,0.00,0.00
decks ideas,Performance Max,None,PMAX cu remarketing, --,USD,0.00,0,1,0.00%,0,0.00,Performance Max,0.00%,0.00,0.00
contractor centreville,Performance Max,None,PMAX cu remarketing, --,USD,0.00,0,1,0.00%,0,0.00,Performance Max,0.00%,0.00,0.00
juniper construction,Performance Max,None,PMAX cu remarketing, --,USD,0.00,0,1,0.00%,0,0.00,Performance Max,0.00%,0.00,0.00
tw perry,Performance Max,None,PMAX cu remarketing, --,USD,0.00,0,14,0.00%,0,0.00,Performance Max,0.00%,0.00,0.00
deck and fence repair,Performance Max,None,PMAX cu remarketing, --,USD,0.00,0,3,0.00%,0,0.00,Performance Max,0.00%,0.00,0.00
sb pressure washing,Performance Max,None,PMAX cu remarketing, --,USD,0.00,0,2,0.00%,0,0.00,Performance Max,0.00%,0.00,0.00
replacing rotted deck post,Performance Max,None,PMAX cu remarketing, --,USD,0.00,0,1,0.00%,0,0.00,Performance Max,0.00%,0.00,0.00
herringbone decking,Performance Max,None,PMAX cu remarketing, --,USD,0.00,0,1,0.00%,0,0.00,Performance Max,0.00%,0.00,0.00
american fence company near me,Performance Max,None,PMAX cu remarketing, --,USD,0.00,0,1,0.00%,0,0.00,Performance Max,0.00%,0.00,0.00
rimble landscaping fairfax va,Performance Max,None,PMAX cu remarketing, --,USD,0.00,0,1,0.00%,0,0.00,Performance Max,0.00%,0.00,0.00
american fence and deck,Performance Max,None,PMAX cu remarketing, --,USD,0.00,0,2,0.00%,0,0.00,Performance Max,0.00%,0.00,0.00
carpentry handyman,Performance Max,None,PMAX cu remarketing, --,USD,0.00,0,1,0.00%,0,0.00,Performance Max,0.00%,0.00,0.00
dc landscaping companies,Performance Max,None,PMAX cu remarketing, --,USD,0.00,0,1,0.00%,0,0.00,Performance Max,0.00%,0.00,0.00
deck,AI Max,None,loudoun decks,Deck Builder - Leesburg,USD,0.00,0,5,0.00%,0,0.00,Search,0.00%,0.00,0.00
northern va deck builders,AI Max,None,loudoun decks,Deck Builder - Middleburg,USD,0.00,0,1,0.00%,0,0.00,Search,0.00%,0.00,0.00
patio quotes,Phrase match (close variant),None,loudoun decks,Deck Builder - Brambleton,USD,0.00,0,1,0.00%,0,0.00,Search,0.00%,0.00,0.00
deck builders near me near me,Exact match (close variant),None,loudoun decks,Deck Builder - Potomac Falls,USD,0.00,0,1,0.00%,0,0.00,Search,0.00%,0.00,0.00
cocktail rail,AI Max,None,loudoun decks,Loudoun Decks,USD,1307.51,1,1,100.00%,1.31,1.31,Search,0.00%,0.00,0.00
wooden deck repair near me,Exact match (close variant),None,Deck Repair - Loudoun County,Deck Repair - Loudoun County,USD,0.00,0,4,0.00%,0,0.00,Search,0.00%,0.00,0.00
deck usa,AI Max,None,Deck Repair - Loudoun County,Deck Repair - Loudoun County,USD,0.00,0,2,0.00%,0,0.00,Search,0.00%,0.00,0.00
simpson strong tie deck planner,AI Max,None,Deck Repair - Loudoun County,Composite - Trex Repair,USD,0.00,0,1,0.00%,0,0.00,Search,0.00%,0.00,0.00
wood trim rot repair,AI Max,None,Deck Repair - Loudoun County,Deck Repair - Loudoun County,USD,0.00,0,2,0.00%,0,0.00,Search,0.00%,0.00,0.00
sunroom contractors near me,AI Max,None,Deck Repair - Loudoun County,Deck Restoration - Refinishing,USD,0.00,0,1,0.00%,0,0.00,Search,0.00%,0.00,0.00
builders first source manassas,AI Max,None,Fairfax-Search-Search - Deck Leads - VA - May 2025,Deck + Patio / Outdoor Living,USD,0.00,0,1,0.00%,0,0.00,Search,0.00%,0.00,0.00
backyard makeover,AI Max,None,Fairfax-Search-Search - Deck Leads - VA - May 2025,Deck + Patio / Outdoor Living,USD,0.00,0,1,0.00%,0,0.00,Search,0.00%,0.00,0.00
carpenter,AI Max,None,Fairfax-Search-Search - Deck Leads - VA - May 2025,Deck + Patio / Outdoor Living,USD,0.00,0,1,0.00%,0,0.00,Search,0.00%,0.00,0.00
trex decking near me,AI Max,None,Fairfax-Search-Search - Deck Leads - VA - May 2025,Deck + Patio / Outdoor Living,USD,0.00,0,1,0.00%,0,0.00,Search,0.00%,0.00,0.00
pvc decking,AI Max,None,Fairfax-Search-Search - Deck Leads - VA - May 2025,Deck Builders Near Me,USD,0.00,0,1,0.00%,0,0.00,Search,0.00%,0.00,0.00
patio and deck construction,Exact match (close variant),None,Fairfax-Search-Search - Deck Leads - VA - May 2025,Deck + Patio / Outdoor Living,USD,0.00,0,3,0.00%,0,0.00,Search,0.00%,0.00,0.00
fairfax county deck details,AI Max,None,Fairfax-Search-Search - Deck Leads - VA - May 2025,Deck Builders Near Me,USD,0.00,0,2,0.00%,0,0.00,Search,0.00%,0.00,0.00
awnings for decks,AI Max,None,Fairfax-Search-Search - Deck Leads - VA - May 2025,Deck Builders Near Me,USD,0.00,0,1,0.00%,0,0.00,Search,0.00%,0.00,0.00
patio pavers,AI Max,None,Fairfax-Search-Search - Deck Leads - VA - May 2025,Deck + Patio / Outdoor Living,USD,0.00,0,2,0.00%,0,0.00,Search,0.00%,0.00,0.00
davis construction,AI Max,None,Fairfax-Search-Search - Deck Leads - VA - May 2025,Composite Decking,USD,0.00,0,1,0.00%,0,0.00,Search,0.00%,0.00,0.00
deck building near me,Exact match (close variant),None,Fairfax-Search-Search - Deck Leads - VA - May 2025,Deck + Patio / Outdoor Living,USD,1871.63,1,3,33.33%,5.61,5.61,Search,0.00%,0.00,0.00
picture frame deck,AI Max,None,Fairfax-Search-Search - Deck Leads - VA - May 2025,Deck Builders Near Me,USD,0.00,0,1,0.00%,0,0.00,Search,0.00%,0.00,0.00
deckman dc reviews,Phrase match (close variant),None,SRCH | Replacement + Resurfacing | 3 Counties | Calls,Deck Replacement,USD,0.00,0,1,0.00%,0,0.00,Search,0.00%,0.00,0.00
84 lumber near me,AI Max,None,Premium Composite Decks,Ad group 1,USD,0.00,0,7,0.00%,0,0.00,Search,0.00%,0.00,0.00
who installs railings near me,AI Max,None,Premium Composite Decks,Ad group 1,USD,0.00,0,4,0.00%,0,0.00,Search,0.00%,0.00,0.00
build deck over concrete porch,AI Max,None,Premium Composite Decks,Ad group 1,USD,0.00,0,1,0.00%,0,0.00,Search,0.00%,0.00,0.00
pergola builder,AI Max,None,Premium Composite Decks,Ad group 1,USD,0.00,0,1,0.00%,0,0.00,Search,0.00%,0.00,0.00
trex enhance naturals vs basics,AI Max,None,Premium Composite Decks,Ad group 1,USD,0.00,0,2,0.00%,0,0.00,Search,0.00%,0.00,0.00
rough cut cedar near me,AI Max,None,Premium Composite Decks,Ad group 1,USD,0.00,0,1,0.00%,0,0.00,Search,0.00%,0.00,0.00
deck repairs,AI Max,None,Premium Composite Decks,Ad group 1,USD,0.00,0,4,0.00%,0,0.00,Search,0.00%,0.00,0.00
average deck size in feet,AI Max,None,Premium Composite Decks,Ad group 1,USD,0.00,0,1,0.00%,0,0.00,Search,0.00%,0.00,0.00
installing trex rainescape,AI Max,None,Premium Composite Decks,Ad group 1,USD,0.00,0,1,0.00%,0,0.00,Search,0.00%,0.00,0.00
deck building services,AI Max,None,Premium Composite Decks,Ad group 1,USD,0.00,0,1,0.00%,0,0.00,Search,0.00%,0.00,0.00
barrons lumber near me,AI Max,None,Premium Composite Decks,Ad group 1,USD,0.00,0,3,0.00%,0,0.00,Search,0.00%,0.00,0.00
trex enhance basics tide pool,AI Max,None,Premium Composite Decks,Ad group 1,USD,0.00,0,1,0.00%,0,0.00,Search,0.00%,0.00,0.00
replacing wooden deck boards,AI Max,None,Premium Composite Decks,Ad group 1,USD,0.00,0,1,0.00%,0,0.00,Search,0.00%,0.00,0.00
deck repairs near me,Performance Max,None,PMAX cu remarketing, --,USD,0.00,0,3,0.00%,0,0.00,Performance Max,0.00%,0.00,0.00
backyard layout,Performance Max,None,PMAX cu remarketing, --,USD,0.00,0,1,0.00%,0,0.00,Performance Max,0.00%,0.00,0.00
wall trim installation cost,Performance Max,None,PMAX cu remarketing, --,USD,0.00,0,1,0.00%,0,0.00,Performance Max,0.00%,0.00,0.00
how to pressure wash a house with vinyl siding,Performance Max,None,PMAX cu remarketing, --,USD,0.00,0,1,0.00%,0,0.00,Performance Max,0.00%,0.00,0.00
deckorator decking installation,Performance Max,None,PMAX cu remarketing, --,USD,0.00,0,1,0.00%,0,0.00,Performance Max,0.00%,0.00,0.00
front porch,Performance Max,None,PMAX cu remarketing, --,USD,2.15,1,79,1.27%,0.17,0.17,Performance Max,0.00%,0.00,0.00
deck builders,Performance Max,None,PMAX cu remarketing, --,USD,0.00,0,1,0.00%,0,0.00,Performance Max,0.00%,0.00,0.00
screened in porch screen repair,Performance Max,None,PMAX cu remarketing, --,USD,0.00,0,1,0.00%,0,0.00,Performance Max,0.00%,0.00,0.00
fence contractors in maryland,Performance Max,None,PMAX cu remarketing, --,USD,0.00,0,1,0.00%,0,0.00,Performance Max,0.00%,0.00,0.00
capstone pool deck,Performance Max,None,PMAX cu remarketing, --,USD,0.00,0,1,0.00%,0,0.00,Performance Max,0.00%,0.00,0.00
deck staining companies near me,Performance Max,None,PMAX cu remarketing, --,USD,0.00,0,2,0.00%,0,0.00,Performance Max,0.00%,0.00,0.00
powerwash my house,Performance Max,None,PMAX cu remarketing, --,USD,0.00,0,1,0.00%,0,0.00,Performance Max,0.00%,0.00,0.00
best deck builders in northern virginia,Performance Max,None,PMAX cu remarketing, --,USD,0.00,0,2,0.00%,0,0.00,Performance Max,0.00%,0.00,0.00
shade garden design ideas,Performance Max,None,PMAX cu remarketing, --,USD,0.00,0,2,0.00%,0,0.00,Performance Max,0.00%,0.00,0.00
armor fence llc reviews,Performance Max,None,PMAX cu remarketing, --,USD,0.00,0,1,0.00%,0,0.00,Performance Max,0.00%,0.00,0.00
handyman and remodeling services,Performance Max,None,PMAX cu remarketing, --,USD,0.00,0,1,0.00%,0,0.00,Performance Max,0.00%,0.00,0.00
gazebo for sale,Performance Max,None,PMAX cu remarketing, --,USD,0.00,0,20,0.00%,0,0.00,Performance Max,0.00%,0.00,0.00
how to install trex decking,Performance Max,None,PMAX cu remarketing, --,USD,0.00,0,3,0.00%,0,0.00,Performance Max,0.00%,0.00,0.00
fencing northern virginia,Performance Max,None,PMAX cu remarketing, --,USD,0.00,0,1,0.00%,0,0.00,Performance Max,0.00%,0.00,0.00
the deck and fence depot,Performance Max,None,PMAX cu remarketing, --,USD,0.00,0,9,0.00%,0,0.00,Performance Max,0.00%,0.00,0.00
how to install deck fence,Performance Max,None,PMAX cu remarketing, --,USD,0.00,0,1,0.00%,0,0.00,Performance Max,0.00%,0.00,0.00
deck repair stafford va,Performance Max,None,PMAX cu remarketing, --,USD,0.00,0,4,0.00%,0,0.00,Performance Max,0.00%,0.00,0.00
potros construction,AI Max,None,loudoun decks,Deck Builder - Lansdowne,USD,0.00,0,2,0.00%,0,0.00,Search,0.00%,0.00,0.00
all construction,Broad match,None,loudoun decks,Deck Builder - Brambleton,USD,0.00,0,1,0.00%,0,0.00,Search,0.00%,0.00,0.00
decks designs,AI Max,None,loudoun decks,Deck Builder - Round Hill,USD,0.00,0,1,0.00%,0,0.00,Search,0.00%,0.00,0.00
floating patio deck,AI Max,None,loudoun decks,Deck Builder - Middleburg,USD,0.00,0,1,0.00%,0,0.00,Search,0.00%,0.00,0.00
imperial scapes llc,Broad match,None,loudoun decks,Deck Builder - Brambleton,USD,0.00,0,1,0.00%,0,0.00,Search,0.00%,0.00,0.00
hoppy design and build,AI Max,None,loudoun decks,Loudoun Decks,USD,0.00,0,1,0.00%,0,0.00,Search,0.00%,0.00,0.00
deck scape,Phrase match (close variant),None,loudoun decks,Deck Builder - Brambleton,USD,0.00,0,1,0.00%,0,0.00,Search,0.00%,0.00,0.00
second floor deck,Phrase match (close variant),None,loudoun decks,Deck Builder - Brambleton,USD,0.00,0,1,0.00%,0,0.00,Search,0.00%,0.00,0.00
loudoun property solutions,AI Max,None,loudoun decks,Loudoun Decks,USD,0.00,0,1,0.00%,0,0.00,Search,0.00%,0.00,0.00
the hardscape store,AI Max,None,loudoun decks,Deck Builder - Purcellville,USD,4721.99,1,2,50.00%,9.44,9.44,Search,0.00%,0.00,0.00
trex rainescape deck drainage system,Phrase match (close variant),None,loudoun decks,Deck Builder - Brambleton,USD,0.00,0,2,0.00%,0,0.00,Search,0.00%,0.00,0.00
blackstone hardscapes,Broad match,None,loudoun decks,Deck Builder - Brambleton,USD,0.00,0,1,0.00%,0,0.00,Search,0.00%,0.00,0.00
screen porch,Performance Max,None,Pmax - Dec4, --,USD,0.00,0,1,0.00%,0,0.00,Performance Max,0.00%,0.00,0.00
porch vibes,Performance Max,None,Pmax - Dec4, --,USD,0.00,0,1,0.00%,0,0.00,Performance Max,0.00%,0.00,0.00
battlefield custom decks and patios,Performance Max,None,Pmax - Dec4, --,USD,0.00,0,2,0.00%,0,0.00,Performance Max,0.00%,0.00,0.00
deck repair ashburn va,Exact match,Added,Deck Repair - Loudoun County,Deck Repair - Loudoun County,USD,0.00,0,3,0.00%,0,0.00,Search,0.00%,0.00,0.00
frame construction,AI Max,None,Deck Repair - Loudoun County,Deck Restoration - Refinishing,USD,0.00,0,1,0.00%,0,0.00,Search,0.00%,0.00,0.00
how much does a 12x12 composite deck cost,AI Max,None,Deck Repair - Loudoun County,Deck Repair - Loudoun County,USD,0.00,0,1,0.00%,0,0.00,Search,0.00%,0.00,0.00
rooftop deck contractors,AI Max,None,Deck Repair - Loudoun County,Deck Repair - Loudoun County,USD,0.00,0,1,0.00%,0,0.00,Search,0.00%,0.00,0.00
wood deck epoxy,AI Max,None,Deck Repair - Loudoun County,Deck Repair - Loudoun County,USD,0.00,0,1,0.00%,0,0.00,Search,0.00%,0.00,0.00
decking material,AI Max,None,Deck Repair - Loudoun County,Deck Repair - Loudoun County,USD,0.00,0,1,0.00%,0,0.00,Search,0.00%,0.00,0.00
hardscape,AI Max,None,Fairfax-Search-Search - Deck Leads - VA - May 2025,Deck + Patio / Outdoor Living,USD,0.00,0,3,0.00%,0,0.00,Search,0.00%,0.00,0.00
townhouse deck,AI Max,None,Fairfax-Search-Search - Deck Leads - VA - May 2025,Deck Builders Near Me,USD,0.00,0,1,0.00%,0,0.00,Search,0.00%,0.00,0.00
ground level deck,AI Max,None,Fairfax-Search-Search - Deck Leads - VA - May 2025,Deck Builders Near Me,USD,0.00,0,1,0.00%,0,0.00,Search,0.00%,0.00,0.00
patio overlay,AI Max,None,Fairfax-Search-Search - Deck Leads - VA - May 2025,Deck + Patio / Outdoor Living,USD,0.00,0,1,0.00%,0,0.00,Search,0.00%,0.00,0.00
floating deck,AI Max,None,Fairfax-Search-Search - Deck Leads - VA - May 2025,Deck + Patio / Outdoor Living,USD,0.00,0,1,0.00%,0,0.00,Search,0.00%,0.00,0.00
trex enhance,AI Max,None,Fairfax-Search-Search - Deck Leads - VA - May 2025,Composite Decking,USD,0.00,0,1,0.00%,0,0.00,Search,0.00%,0.00,0.00
pattern for pavers,AI Max,None,Fairfax-Search-Search - Deck Leads - VA - May 2025,Deck + Patio / Outdoor Living,USD,0.00,0,1,0.00%,0,0.00,Search,0.00%,0.00,0.00
aluminum screen enclosure,AI Max,None,Fairfax-Search-Search - Deck Leads - VA - May 2025,Deck + Patio / Outdoor Living,USD,0.00,0,1,0.00%,0,0.00,Search,0.00%,0.00,0.00
double deck construction,AI Max,None,Fairfax-Search-Search - Deck Leads - VA - May 2025,Deck Builders Near Me,USD,0.00,0,1,0.00%,0,0.00,Search,0.00%,0.00,0.00
anderson home construction,AI Max,None,Fairfax-Search-Search - Deck Leads - VA - May 2025,Deck Builders Near Me,USD,0.00,0,1,0.00%,0,0.00,Search,0.00%,0.00,0.00
decks store,AI Max,None,Premium Composite Decks,Ad group 1,USD,0.00,0,1,0.00%,0,0.00,Search,0.00%,0.00,0.00
timbertech,AI Max,None,Premium Composite Decks,Ad group 1,USD,0.00,0,46,0.00%,0,0.00,Search,0.00%,0.00,0.00
virginia decks,AI Max,None,Premium Composite Decks,Ad group 1,USD,0.00,0,2,0.00%,0,0.00,Search,0.00%,0.00,0.00
moisture shield composite decking,AI Max,None,Premium Composite Decks,Ad group 1,USD,0.00,0,1,0.00%,0,0.00,Search,0.00%,0.00,0.00
decking options,AI Max,None,Premium Composite Decks,Ad group 1,USD,0.00,0,1,0.00%,0,0.00,Search,0.00%,0.00,0.00
platinum construction,AI Max,None,Premium Composite Decks,Ad group 1,USD,0.00,0,1,0.00%,0,0.00,Search,0.00%,0.00,0.00
how to make deck,AI Max,None,Premium Composite Decks,Ad group 1,USD,0.00,0,3,0.00%,0,0.00,Search,0.00%,0.00,0.00
railing company near me,AI Max,None,Premium Composite Decks,Ad group 1,USD,0.00,0,1,0.00%,0,0.00,Search,0.00%,0.00,0.00
sundeck,AI Max,None,Premium Composite Decks,Ad group 1,USD,0.00,0,3,0.00%,0,0.00,Search,0.00%,0.00,0.00
handyman woodbridge va,AI Max,None,Premium Composite Decks,Ad group 1,USD,0.00,0,1,0.00%,0,0.00,Search,0.00%,0.00,0.00
how to make a deck into a screened in porch,AI Max,None,Premium Composite Decks,Ad group 1,USD,0.00,0,1,0.00%,0,0.00,Search,0.00%,0.00,0.00
awning for deck,AI Max,None,Premium Composite Decks,Ad group 1,USD,0.00,0,4,0.00%,0,0.00,Search,0.00%,0.00,0.00
decks and fences,AI Max,None,Premium Composite Decks,Ad group 1,USD,0.00,0,3,0.00%,0,0.00,Search,0.00%,0.00,0.00
costco deck installation,AI Max,None,Premium Composite Decks,Ad group 1,USD,0.00,0,2,0.00%,0,0.00,Search,0.00%,0.00,0.00
helical piles for decks,AI Max,None,Premium Composite Decks,Ad group 1,USD,0.00,0,1,0.00%,0,0.00,Search,0.00%,0.00,0.00
aluminum deck rails and posts,AI Max,None,Premium Composite Decks,Ad group 1,USD,0.00,0,1,0.00%,0,0.00,Search,0.00%,0.00,0.00
lumber shops near me,AI Max,None,Premium Composite Decks,Ad group 1,USD,0.00,0,2,0.00%,0,0.00,Search,0.00%,0.00,0.00
maryland decking,AI Max,None,Premium Composite Decks,Ad group 1,USD,0.00,0,1,0.00%,0,0.00,Search,0.00%,0.00,0.00
pavers patio,AI Max,None,Premium Composite Decks,Ad group 1,USD,0.00,0,2,0.00%,0,0.00,Search,0.00%,0.00,0.00
pressure wash company near me,Performance Max,None,PMAX cu remarketing, --,USD,0.00,0,1,0.00%,0,0.00,Performance Max,0.00%,0.00,0.00
deck armor,Performance Max,None,PMAX cu remarketing, --,USD,0.00,0,1,0.00%,0,0.00,Performance Max,0.00%,0.00,0.00
how to install a balcony,Performance Max,None,PMAX cu remarketing, --,USD,0.00,0,1,0.00%,0,0.00,Performance Max,0.00%,0.00,0.00
double wide porch construction,Performance Max,None,PMAX cu remarketing, --,USD,0.00,0,1,0.00%,0,0.00,Performance Max,0.00%,0.00,0.00
how much does a 6 foot privacy fence cost per foot,Performance Max,None,PMAX cu remarketing, --,USD,0.00,0,1,0.00%,0,0.00,Performance Max,0.00%,0.00,0.00
where to buy trex decking cheap,Performance Max,None,PMAX cu remarketing, --,USD,0.00,0,2,0.00%,0,0.00,Performance Max,0.00%,0.00,0.00
pressure washing leesburg va,Performance Max,None,PMAX cu remarketing, --,USD,0.00,0,3,0.00%,0,0.00,Performance Max,0.00%,0.00,0.00
best deck builders near me,Performance Max,None,PMAX cu remarketing, --,USD,0.00,0,1,0.00%,0,0.00,Performance Max,0.00%,0.00,0.00
the average cost to build a deck,Performance Max,None,PMAX cu remarketing, --,USD,0.00,0,1,0.00%,0,0.00,Performance Max,0.00%,0.00,0.00
restoring old deck,Performance Max,None,PMAX cu remarketing, --,USD,0.00,0,1,0.00%,0,0.00,Performance Max,0.00%,0.00,0.00
stoneman landscaping,Performance Max,None,PMAX cu remarketing, --,USD,0.00,0,3,0.00%,0,0.00,Performance Max,0.00%,0.00,0.00
handyman deck repair near me,Performance Max,None,PMAX cu remarketing, --,USD,0.00,0,2,0.00%,0,0.00,Performance Max,0.00%,0.00,0.00
decks with stairs,Performance Max,None,PMAX cu remarketing, --,USD,0.00,0,1,0.00%,0,0.00,Performance Max,0.00%,0.00,0.00
diy pea gravel patio,Performance Max,None,PMAX cu remarketing, --,USD,0.00,0,1,0.00%,0,0.00,Performance Max,0.00%,0.00,0.00
outdoor living virginia,Performance Max,None,PMAX cu remarketing, --,USD,0.00,0,1,0.00%,0,0.00,Performance Max,0.00%,0.00,0.00
deck hands llc,Performance Max,None,PMAX cu remarketing, --,USD,0.00,0,2,0.00%,0,0.00,Performance Max,0.00%,0.00,0.00
installing trex railing,Performance Max,None,PMAX cu remarketing, --,USD,0.00,0,1,0.00%,0,0.00,Performance Max,0.00%,0.00,0.00
sundowner awnings near me,Broad match,None,loudoun decks,Deck Builder - Brambleton,USD,0.00,0,2,0.00%,0,0.00,Search,0.00%,0.00,0.00
northern deck works,AI Max,None,loudoun decks,Deck Builder - Middleburg,USD,0.00,0,1,0.00%,0,0.00,Search,0.00%,0.00,0.00
carpenter,AI Max,None,loudoun decks,Deck Builder - Leesburg,USD,0.00,0,1,0.00%,0,0.00,Search,0.00%,0.00,0.00
trex transcend colors,AI Max,None,loudoun decks,Deck Builder - Sterling,USD,0.00,0,1,0.00%,0,0.00,Search,0.00%,0.00,0.00
comcruz construction,AI Max,None,loudoun decks,Deck Builder - Middleburg,USD,0.00,0,1,0.00%,0,0.00,Search,0.00%,0.00,0.00
covered patio attached to house,Broad match,None,loudoun decks,Deck Builder - Brambleton,USD,0.00,0,1,0.00%,0,0.00,Search,0.00%,0.00,0.00
local union carpenters near me,AI Max,None,loudoun decks,Deck Builder - South Riding,USD,0.00,0,1,0.00%,0,0.00,Search,0.00%,0.00,0.00
trex enhance rocky harbor,Phrase match (close variant),None,loudoun decks,Deck Builder - Brambleton,USD,0.00,0,1,0.00%,0,0.00,Search,0.00%,0.00,0.00
patio deck,Phrase match (close variant),None,loudoun decks,Deck Builder - Brambleton,USD,0.00,0,2,0.00%,0,0.00,Search,0.00%,0.00,0.00
hardscape cerca de mi,Broad match,None,loudoun decks,Deck Builder - Brambleton,USD,0.00,0,1,0.00%,0,0.00,Search,0.00%,0.00,0.00
stair rail installation,AI Max,None,loudoun decks,Deck Builder - Sterling,USD,0.00,0,1,0.00%,0,0.00,Search,0.00%,0.00,0.00
loudoun decks,AI Max,None,loudoun decks,Deck Builder - Broadlands,USD,0.00,0,2,0.00%,0,0.00,Search,0.00%,0.00,0.00
deck capping,AI Max,None,loudoun decks,Deck Builder - South Riding,USD,0.00,0,1,0.00%,0,0.00,Search,0.00%,0.00,0.00
lumberyard,Broad match,None,loudoun decks,Deck Builder - Brambleton,USD,0.00,0,1,0.00%,0,0.00,Search,0.00%,0.00,0.00
reliable railings,Broad match,None,loudoun decks,Deck Builder - Brambleton,USD,0.00,0,1,0.00%,0,0.00,Search,0.00%,0.00,0.00
jlm builders,AI Max,None,loudoun decks,Deck Builder - Aldie,USD,0.00,0,1,0.00%,0,0.00,Search,0.00%,0.00,0.00
deck construction,AI Max,None,loudoun decks,Deck Builder - Middleburg,USD,0.00,0,2,0.00%,0,0.00,Search,0.00%,0.00,0.00
decks and docks,AI Max,None,loudoun decks,Deck Builder - Aldie,USD,0.00,0,6,0.00%,0,0.00,Search,0.00%,0.00,0.00
deck company,AI Max,None,loudoun decks,Loudoun Decks,USD,0.00,0,1,0.00%,0,0.00,Search,0.00%,0.00,0.00
patio builders near me,AI Max,None,loudoun decks,Deck Builder - Lansdowne,USD,0.00,0,1,0.00%,0,0.00,Search,0.00%,0.00,0.00
jc fence,Performance Max,None,Pmax - Dec4, --,USD,0.00,0,1,0.00%,0,0.00,Performance Max,0.00%,0.00,0.00
deck sealing near me,AI Max,None,Deck Repair - Loudoun County,Deck Repair - Loudoun County,USD,0.00,0,2,0.00%,0,0.00,Search,0.00%,0.00,0.00
deck refinishing,Broad match,None,Deck Repair - Loudoun County,Deck Renovation,USD,0.00,0,1,0.00%,0,0.00,Search,0.00%,0.00,0.00
deck and docks,Broad match,None,Deck Repair - Loudoun County,Deck Renovation,USD,0.00,0,1,0.00%,0,0.00,Search,0.00%,0.00,0.00
decking supply,AI Max,None,Deck Repair - Loudoun County,Deck Repair - Loudoun County,USD,0.00,0,1,0.00%,0,0.00,Search,0.00%,0.00,0.00
timbertech legacy collection,Phrase match (close variant),None,SRCH | Composite | 3 Counties | Calls,Composite Deck Cost,USD,0.00,0,1,0.00%,0,0.00,Search,0.00%,0.00,0.00
cedar deck cleaners,AI Max,None,Fairfax-Search-Search - Deck Leads - VA - May 2025,Deck Repair & Refinishing,USD,0.00,0,1,0.00%,0,0.00,Search,0.00%,0.00,0.00
oasis construction company,AI Max,None,Fairfax-Search-Search - Deck Leads - VA - May 2025,Deck + Patio / Outdoor Living,USD,0.00,0,1,0.00%,0,0.00,Search,0.00%,0.00,0.00
pavers,AI Max,None,Fairfax-Search-Search - Deck Leads - VA - May 2025,Deck + Patio / Outdoor Living,USD,0.00,0,1,0.00%,0,0.00,Search,0.00%,0.00,0.00
install trex decking,AI Max,None,Fairfax-Search-Search - Deck Leads - VA - May 2025,Composite Decking,USD,0.00,0,1,0.00%,0,0.00,Search,0.00%,0.00,0.00
timbertech advanced pvc,AI Max,None,Premium Composite Decks,Ad group 1,USD,0.00,0,1,0.00%,0,0.00,Search,0.00%,0.00,0.00
patio stone stairs,AI Max,None,Premium Composite Decks,Ad group 1,USD,0.00,0,1,0.00%,0,0.00,Search,0.00%,0.00,0.00
deck nova,AI Max,None,Premium Composite Decks,Ad group 1,USD,0.00,0,1,0.00%,0,0.00,Search,0.00%,0.00,0.00
pavers in the backyard,AI Max,None,Premium Composite Decks,Ad group 1,USD,0.00,0,1,0.00%,0,0.00,Search,0.00%,0.00,0.00
trex transcend lineage salt flat,AI Max,None,Premium Composite Decks,Ad group 1,USD,0.00,0,1,0.00%,0,0.00,Search,0.00%,0.00,0.00
how much cost to replace a deck,AI Max,None,Premium Composite Decks,Ad group 1,USD,0.00,0,1,0.00%,0,0.00,Search,0.00%,0.00,0.00
pool construction company,AI Max,None,Premium Composite Decks,Ad group 1,USD,0.00,0,2,0.00%,0,0.00,Search,0.00%,0.00,0.00
deck building companies,Performance Max,None,PMAX cu remarketing, --,USD,0.00,0,1,0.00%,0,0.00,Performance Max,0.00%,0.00,0.00
landscaping services manassas va,Performance Max,None,PMAX cu remarketing, --,USD,0.00,0,2,0.00%,0,0.00,Performance Max,0.00%,0.00,0.00
how to sand and paint wood deck,Performance Max,None,PMAX cu remarketing, --,USD,0.00,0,3,0.00%,0,0.00,Performance Max,0.00%,0.00,0.00
install under deck drainage panels,Performance Max,None,PMAX cu remarketing, --,USD,0.00,0,1,0.00%,0,0.00,Performance Max,0.00%,0.00,0.00
bluestone,Performance Max,None,PMAX cu remarketing, --,USD,0.00,0,4,0.00%,0,0.00,Performance Max,0.00%,0.00,0.00
fence depot,Performance Max,None,PMAX cu remarketing, --,USD,0.00,0,1,0.00%,0,0.00,Performance Max,0.00%,0.00,0.00
contractors fairfax va,Performance Max,None,PMAX cu remarketing, --,USD,0.00,0,1,0.00%,0,0.00,Performance Max,0.00%,0.00,0.00
prince william home improvement reviews,Performance Max,None,PMAX cu remarketing, --,USD,0.00,0,1,0.00%,0,0.00,Performance Max,0.00%,0.00,0.00
how to repair trex decking,Performance Max,None,PMAX cu remarketing, --,USD,0.00,0,1,0.00%,0,0.00,Performance Max,0.00%,0.00,0.00
russett deck professionals inc,Performance Max,None,PMAX cu remarketing, --,USD,0.00,0,1,0.00%,0,0.00,Performance Max,0.00%,0.00,0.00
siteone stone center of manassas,Performance Max,None,PMAX cu remarketing, --,USD,0.00,0,9,0.00%,0,0.00,Performance Max,0.00%,0.00,0.00
how to install privacy fence panels,Performance Max,None,PMAX cu remarketing, --,USD,0.00,0,1,0.00%,0,0.00,Performance Max,0.00%,0.00,0.00
wooden fence installation cost,Performance Max,None,PMAX cu remarketing, --,USD,0.00,0,1,0.00%,0,0.00,Performance Max,0.00%,0.00,0.00
fairfax county deck detail,Performance Max,None,PMAX cu remarketing, --,USD,0.00,0,2,0.00%,0,0.00,Performance Max,0.00%,0.00,0.00
decks and fences,Performance Max,None,PMAX cu remarketing, --,USD,0.00,0,1,0.00%,0,0.00,Performance Max,0.00%,0.00,0.00
restore old painted deck,Performance Max,None,PMAX cu remarketing, --,USD,0.00,0,1,0.00%,0,0.00,Performance Max,0.00%,0.00,0.00
elevated decks with stairs,Performance Max,None,PMAX cu remarketing, --,USD,0.00,0,1,0.00%,0,0.00,Performance Max,0.00%,0.00,0.00
master stream power washing,Performance Max,None,PMAX cu remarketing, --,USD,0.00,0,1,0.00%,0,0.00,Performance Max,0.00%,0.00,0.00
composite decking clearance sale nearby,Performance Max,None,PMAX cu remarketing, --,USD,0.00,0,2,0.00%,0,0.00,Performance Max,0.00%,0.00,0.00
deck staircase ideas,Performance Max,None,PMAX cu remarketing, --,USD,0.00,0,1,0.00%,0,0.00,Performance Max,0.00%,0.00,0.00
building a second story deck,Performance Max,None,PMAX cu remarketing, --,USD,0.00,0,1,0.00%,0,0.00,Performance Max,0.00%,0.00,0.00
deckops,Performance Max,None,PMAX cu remarketing, --,USD,0.00,0,1,0.00%,0,0.00,Performance Max,0.00%,0.00,0.00
pavers for patio,Performance Max,None,PMAX cu remarketing, --,USD,0.00,0,3,0.00%,0,0.00,Performance Max,0.00%,0.00,0.00
rotten deck joist repair,Performance Max,None,PMAX cu remarketing, --,USD,0.00,0,1,0.00%,0,0.00,Performance Max,0.00%,0.00,0.00
barron's lumber,Performance Max,None,PMAX cu remarketing, --,USD,0.00,0,2,0.00%,0,0.00,Performance Max,0.00%,0.00,0.00
trex transcend lineage,AI Max,None,loudoun decks,Deck Builder - South Riding,USD,0.00,0,1,0.00%,0,0.00,Search,0.00%,0.00,0.00
deck extension,AI Max,None,loudoun decks,Deck Builder - South Riding,USD,0.00,0,1,0.00%,0,0.00,Search,0.00%,0.00,0.00
ameritech construction,AI Max,None,loudoun decks,Deck Builder - Purcellville,USD,0.00,0,1,0.00%,0,0.00,Search,0.00%,0.00,0.00
deck partitions,Broad match,None,loudoun decks,Deck Builder - Brambleton,USD,0.00,0,1,0.00%,0,0.00,Search,0.00%,0.00,0.00
wood carport builders near me,AI Max,None,loudoun decks,Deck Builder - Round Hill,USD,0.00,0,1,0.00%,0,0.00,Search,0.00%,0.00,0.00
14 by 16 deck,Phrase match (close variant),None,loudoun decks,Deck Builder - Brambleton,USD,0.00,0,1,0.00%,0,0.00,Search,0.00%,0.00,0.00
deck,AI Max,None,loudoun decks,Deck Builder - Round Hill,USD,0.00,0,1,0.00%,0,0.00,Search,0.00%,0.00,0.00
lumber store near me,Performance Max,None,Pmax - Dec4, --,USD,0.00,0,2,0.00%,0,0.00,Performance Max,0.00%,0.00,0.00
replace deck posts,Performance Max,None,Pmax - Dec4, --,USD,0.00,0,3,0.00%,0,0.00,Performance Max,0.00%,0.00,0.00
nova stone catharpin,Performance Max,None,Pmax - Dec4, --,USD,0.00,0,1,0.00%,0,0.00,Performance Max,0.00%,0.00,0.00
custom metal pergola near me,Performance Max,None,Pmax - Dec4, --,USD,7553.32,1,1,100.00%,7.55,7.55,Performance Max,0.00%,0.00,0.00
deck over,AI Max,None,Deck Repair - Loudoun County,Deck Repair - Loudoun County,USD,0.00,0,2,0.00%,0,0.00,Search,0.00%,0.00,0.00
deck balustrade,AI Max,None,Deck Repair - Loudoun County,Deck Repair - Loudoun County,USD,0.00,0,1,0.00%,0,0.00,Search,0.00%,0.00,0.00
trex decks cost,Broad match,None,Deck Repair - Loudoun County,Deck Replacement,USD,4600.00,1,1,100.00%,4.60,4.60,Search,0.00%,0.00,0.00
life deck specialty coatings,AI Max,None,Deck Repair - Loudoun County,Deck Repair - Loudoun County,USD,0.00,0,1,0.00%,0,0.00,Search,0.00%,0.00,0.00
comcruz construction,AI Max,None,Deck Repair - Loudoun County,Deck Repair - Loudoun County,USD,0.00,0,2,0.00%,0,0.00,Search,0.00%,0.00,0.00
stamped concrete patio,AI Max,None,Deck Repair - Loudoun County,Deck Restoration - Refinishing,USD,0.00,0,1,0.00%,0,0.00,Search,0.00%,0.00,0.00
nicolock pavers near me,AI Max,None,Deck Repair - Loudoun County,Deck Restoration - Refinishing,USD,0.00,0,1,0.00%,0,0.00,Search,0.00%,0.00,0.00
trex deck,AI Max,None,Deck Repair - Loudoun County,Composite - Trex Repair,USD,0.00,0,1,0.00%,0,0.00,Search,0.00%,0.00,0.00
rotted deck wood repair,AI Max,None,Deck Repair - Loudoun County,Deck Repair - Loudoun County,USD,0.00,0,1,0.00%,0,0.00,Search,0.00%,0.00,0.00
loudoun county decks,AI Max,None,Deck Repair - Loudoun County,Deck Repair - Loudoun County,USD,0.00,0,1,0.00%,0,0.00,Search,0.00%,0.00,0.00
composite deck,Phrase match (close variant),None,SRCH | Composite | 3 Counties | Calls,Composite Deck Cost,USD,2350.00,1,1,100.00%,2.35,2.35,Search,0.00%,0.00,0.00
timbertech cost per foot,Exact match (close variant),None,SRCH | Composite | 3 Counties | Calls,Composite Deck Cost,USD,2290.00,1,1,100.00%,2.29,2.29,Search,0.00%,0.00,0.00
traylor design and construction,AI Max,None,Fairfax-Search-Search - Deck Leads - VA - May 2025,Deck Builders Near Me,USD,0.00,0,1,0.00%,0,0.00,Search,0.00%,0.00,0.00
trex decking boards,AI Max,None,Fairfax-Search-Search - Deck Leads - VA - May 2025,Composite Decking,USD,0.00,0,1,0.00%,0,0.00,Search,0.00%,0.00,0.00
decks store,AI Max,None,Fairfax-Search-Search - Deck Leads - VA - May 2025,Deck Builders Near Me,USD,0.00,0,1,0.00%,0,0.00,Search,0.00%,0.00,0.00
trex decking,AI Max,None,Fairfax-Search-Search - Deck Leads - VA - May 2025,Deck Builders Near Me,USD,0.00,0,9,0.00%,0,0.00,Search,0.00%,0.00,0.00
deck contractor,Exact match (close variant),None,SRCH | Replacement + Resurfacing | 3 Counties | Calls,Deck Replacement,USD,0.00,0,1,0.00%,0,0.00,Search,0.00%,0.00,0.00
deck backyard,AI Max,None,Premium Composite Decks,Ad group 1,USD,0.00,0,2,0.00%,0,0.00,Search,0.00%,0.00,0.00
logan construction,AI Max,None,Premium Composite Decks,Ad group 1,USD,0.00,0,1,0.00%,0,0.00,Search,0.00%,0.00,0.00
trex suppliers near me,AI Max,None,Premium Composite Decks,Ad group 1,USD,0.00,0,3,0.00%,0,0.00,Search,0.00%,0.00,0.00
deck dudes,AI Max,None,Premium Composite Decks,Ad group 1,USD,0.00,0,2,0.00%,0,0.00,Search,0.00%,0.00,0.00
lumber company near my location,AI Max,None,Premium Composite Decks,Ad group 1,USD,0.00,0,1,0.00%,0,0.00,Search,0.00%,0.00,0.00
deck man reviews,AI Max,None,Premium Composite Decks,Ad group 1,USD,0.00,0,2,0.00%,0,0.00,Search,0.00%,0.00,0.00
hd decks,AI Max,None,Premium Composite Decks,Ad group 1,USD,0.00,0,1,0.00%,0,0.00,Search,0.00%,0.00,0.00
prodeck construction llc reviews,AI Max,None,Premium Composite Decks,Ad group 1,USD,0.00,0,5,0.00%,0,0.00,Search,0.00%,0.00,0.00
update front porch,AI Max,None,Premium Composite Decks,Ad group 1,USD,675.97,3,5,60.00%,1.13,3.38,Search,0.00%,0.00,0.00
decking showroom near me,AI Max,None,Premium Composite Decks,Ad group 1,USD,0.00,0,1,0.00%,0,0.00,Search,0.00%,0.00,0.00
decks and docks,AI Max,None,Premium Composite Decks,Ad group 1,USD,1978.51,1,12,8.33%,23.74,23.74,Search,0.00%,0.00,0.00
how to make a deck stairs,AI Max,None,Premium Composite Decks,Ad group 1,USD,0.00,0,1,0.00%,0,0.00,Search,0.00%,0.00,0.00
trident contracting,AI Max,None,Premium Composite Decks,Ad group 1,USD,0.00,0,2,0.00%,0,0.00,Search,0.00%,0.00,0.00
resin deck,AI Max,None,Premium Composite Decks,Ad group 1,USD,0.00,0,1,0.00%,0,0.00,Search,0.00%,0.00,0.00
patio and deck builder,Exact match (close variant),None,Premium Composite Decks,Ad group 1,USD,0.00,0,1,0.00%,0,0.00,Search,0.00%,0.00,0.00
moso bamboo decking installation,AI Max,None,Premium Composite Decks,Ad group 1,USD,132.00,1,5,20.00%,0.66,0.66,Search,0.00%,0.00,0.00
sun deck pool,AI Max,None,Premium Composite Decks,Ad group 1,USD,0.00,0,1,0.00%,0,0.00,Search,0.00%,0.00,0.00
stoneridge outdoor living,AI Max,None,Premium Composite Decks,Ad group 1,USD,0.00,0,2,0.00%,0,0.00,Search,0.00%,0.00,0.00
timbertech vintage decking,AI Max,None,Premium Composite Decks,Ad group 1,USD,0.00,0,1,0.00%,0,0.00,Search,0.00%,0.00,0.00
glk custom decking,AI Max,None,Premium Composite Decks,Ad group 1,USD,0.00,0,1,0.00%,0,0.00,Search,0.00%,0.00,0.00
timbertech prime plus decking,AI Max,None,Premium Composite Decks,Ad group 1,USD,0.00,0,1,0.00%,0,0.00,Search,0.00%,0.00,0.00
outdoor stair builders near me,AI Max,None,Premium Composite Decks,Ad group 1,USD,0.00,0,1,0.00%,0,0.00,Search,0.00%,0.00,0.00
builders first resource,AI Max,None,Premium Composite Decks,Ad group 1,USD,0.00,0,1,0.00%,0,0.00,Search,0.00%,0.00,0.00
where to buy trex,AI Max,None,Premium Composite Decks,Ad group 1,USD,0.00,0,1,0.00%,0,0.00,Search,0.00%,0.00,0.00
screened porch flooring,AI Max,None,Premium Composite Decks,Ad group 1,USD,0.00,0,3,0.00%,0,0.00,Search,0.00%,0.00,0.00
trex post sleeve 108,AI Max,None,Premium Composite Decks,Ad group 1,USD,0.00,0,1,0.00%,0,0.00,Search,0.00%,0.00,0.00
trex stairs,Performance Max,None,PMAX cu remarketing, --,USD,0.00,0,1,0.00%,0,0.00,Performance Max,0.00%,0.00,0.00
diy composite decking installation,Performance Max,None,PMAX cu remarketing, --,USD,0.00,0,3,0.00%,0,0.00,Performance Max,0.00%,0.00,0.00
small patio deck ideas,Performance Max,None,PMAX cu remarketing, --,USD,0.00,0,1,0.00%,0,0.00,Performance Max,0.00%,0.00,0.00
backyard near me,Performance Max,None,PMAX cu remarketing, --,USD,0.00,0,2,0.00%,0,0.00,Performance Max,0.00%,0.00,0.00
ipe wood where to buy,Performance Max,None,PMAX cu remarketing, --,USD,0.00,0,1,0.00%,0,0.00,Performance Max,0.00%,0.00,0.00
custom built gazebos near me,Performance Max,None,PMAX cu remarketing, --,USD,2525.00,1,2,50.00%,5.05,5.05,Performance Max,0.00%,0.00,0.00
house deck,Performance Max,None,PMAX cu remarketing, --,USD,0.00,0,1,0.00%,0,0.00,Performance Max,0.00%,0.00,0.00
deck staining manassas va,Performance Max,None,PMAX cu remarketing, --,USD,0.00,0,1,0.00%,0,0.00,Performance Max,0.00%,0.00,0.00
outdoor living lawn & garden,Performance Max,None,PMAX cu remarketing, --,USD,0.00,0,1,0.00%,0,0.00,Performance Max,0.00%,0.00,0.00
piso de deck pvc,Performance Max,None,PMAX cu remarketing, --,USD,0.00,0,1,0.00%,0,0.00,Performance Max,0.00%,0.00,0.00
slate patio repair,Performance Max,None,PMAX cu remarketing, --,USD,0.00,0,1,0.00%,0,0.00,Performance Max,0.00%,0.00,0.00
fence kings,Performance Max,None,PMAX cu remarketing, --,USD,0.00,0,1,0.00%,0,0.00,Performance Max,0.00%,0.00,0.00
porch screen replacement near me,Performance Max,None,PMAX cu remarketing, --,USD,0.00,0,1,0.00%,0,0.00,Performance Max,0.00%,0.00,0.00
how to refinish a deck,Performance Max,None,PMAX cu remarketing, --,USD,0.00,0,1,0.00%,0,0.00,Performance Max,0.00%,0.00,0.00
putting up a gazebo,Performance Max,None,PMAX cu remarketing, --,USD,0.00,0,2,0.00%,0,0.00,Performance Max,0.00%,0.00,0.00
deck sanding and staining,Performance Max,None,PMAX cu remarketing, --,USD,0.00,0,1,0.00%,0,0.00,Performance Max,0.00%,0.00,0.00
rock construction,Performance Max,None,PMAX cu remarketing, --,USD,0.00,0,1,0.00%,0,0.00,Performance Max,0.00%,0.00,0.00
installing horizontal fence,Performance Max,None,PMAX cu remarketing, --,USD,0.00,0,2,0.00%,0,0.00,Performance Max,0.00%,0.00,0.00
townhouse patio ideas,Performance Max,None,PMAX cu remarketing, --,USD,0.00,0,1,0.00%,0,0.00,Performance Max,0.00%,0.00,0.00
deck builder,Performance Max,None,PMAX cu remarketing, --,USD,25.00,1,14,7.14%,0.35,0.35,Performance Max,0.00%,0.00,0.00
deck builder near me,Exact match,Added,loudoun decks,Deck Builder - Broadlands,USD,8033.33,1,3,33.33%,24.10,24.10,Search,100.00%,1.00,24.10
elevated paver deck,AI Max,None,loudoun decks,Deck Builder - South Riding,USD,5597.18,1,1,100.00%,5.60,5.60,Search,0.00%,0.00,0.00
decks,AI Max,None,loudoun decks,Deck Builder - Lansdowne,USD,0.00,0,1,0.00%,0,0.00,Search,0.00%,0.00,0.00
deckwise,Broad match,None,loudoun decks,Deck Builder - Brambleton,USD,0.00,0,3,0.00%,0,0.00,Search,0.00%,0.00,0.00
backyard deck,AI Max,None,loudoun decks,Deck Builder - Middleburg,USD,0.00,0,1,0.00%,0,0.00,Search,0.00%,0.00,0.00
gazebo installers,Performance Max,None,Pmax - Dec4, --,USD,0.00,0,2,0.00%,0,0.00,Performance Max,0.00%,0.00,0.00
installing deck post for railing,Performance Max,None,Pmax - Dec4, --,USD,0.00,0,1,0.00%,0,0.00,Performance Max,0.00%,0.00,0.00
the deck hands llc,Performance Max,None,Pmax - Dec4, --,USD,0.00,0,2,0.00%,0,0.00,Performance Max,0.00%,0.00,0.00
deck and fence depot,Performance Max,None,Pmax - Dec4, --,USD,0.00,0,4,0.00%,0,0.00,Performance Max,0.00%,0.00,0.00
deck companies near me,Broad match,None,Deck Repair - Loudoun County,Deck Renovation,USD,0.00,0,1,0.00%,0,0.00,Search,0.00%,0.00,0.00
loudoun deck,AI Max,None,Deck Repair - Loudoun County,Deck Renovation,USD,0.00,0,1,0.00%,0,0.00,Search,0.00%,0.00,0.00
sand a deck,AI Max,None,Deck Repair - Loudoun County,Deck Repair - Loudoun County,USD,0.00,0,3,0.00%,0,0.00,Search,0.00%,0.00,0.00
washmydeck,AI Max,None,Deck Repair - Loudoun County,Deck Repair - Loudoun County,USD,0.00,0,1,0.00%,0,0.00,Search,0.00%,0.00,0.00
patio construction near me,AI Max,None,Deck Repair - Loudoun County,Deck Restoration - Refinishing,USD,0.00,0,1,0.00%,0,0.00,Search,0.00%,0.00,0.00
replace deck boards with composite,Broad match,None,Deck Repair - Loudoun County,Deck Replacement,USD,0.00,0,1,0.00%,0,0.00,Search,0.00%,0.00,0.00
deck and landscape contractors near me,AI Max,None,Deck Repair - Loudoun County,Deck Repair - Loudoun County,USD,0.00,0,1,0.00%,0,0.00,Search,0.00%,0.00,0.00
northern virginia deck builders,Broad match,None,Deck Repair - Loudoun County,Deck Renovation,USD,0.00,0,1,0.00%,0,0.00,Search,0.00%,0.00,0.00
sundeck medics,AI Max,None,Deck Repair - Loudoun County,Deck Repair - Loudoun County,USD,0.00,0,7,0.00%,0,0.00,Search,0.00%,0.00,0.00
premier home services inc,AI Max,None,Deck Repair - Loudoun County,Deck Repair - Loudoun County,USD,0.00,0,1,0.00%,0,0.00,Search,0.00%,0.00,0.00
dark oak timbertech,Phrase match (close variant),None,SRCH | Composite | 3 Counties | Calls,Composite Deck Cost,USD,0.00,0,1,0.00%,0,0.00,Search,0.00%,0.00,0.00
fortress construction,AI Max,None,Fairfax-Search-Search - Deck Leads - VA - May 2025,Composite Decking,USD,0.00,0,1,0.00%,0,0.00,Search,0.00%,0.00,0.00
deck fairfax,Exact match (close variant),None,Fairfax-Search-Search - Deck Leads - VA - May 2025,Deck Builders Near Me,USD,0.00,0,1,0.00%,0,0.00,Search,0.00%,0.00,0.00
premier backyard,AI Max,None,Fairfax-Search-Search - Deck Leads - VA - May 2025,Deck + Patio / Outdoor Living,USD,0.00,0,1,0.00%,0,0.00,Search,0.00%,0.00,0.00
brick patio,AI Max,None,Fairfax-Search-Search - Deck Leads - VA - May 2025,Deck + Patio / Outdoor Living,USD,0.00,0,7,0.00%,0,0.00,Search,0.00%,0.00,0.00
sundekofwashington com,AI Max,None,Premium Composite Decks,Ad group 1,USD,0.00,0,1,0.00%,0,0.00,Search,0.00%,0.00,0.00
how to replace a deck joist,AI Max,None,Premium Composite Decks,Ad group 1,USD,0.00,0,1,0.00%,0,0.00,Search,0.00%,0.00,0.00
trex select black aluminum railing,AI Max,None,Premium Composite Decks,Ad group 1,USD,0.00,0,1,0.00%,0,0.00,Search,0.00%,0.00,0.00
landscaping alexandria,AI Max,None,Premium Composite Decks,Ad group 1,USD,0.00,0,2,0.00%,0,0.00,Search,0.00%,0.00,0.00
j&j landscaping,AI Max,None,Premium Composite Decks,Ad group 1,USD,0.00,0,1,0.00%,0,0.00,Search,0.00%,0.00,0.00
deckwise ipe oil near me,AI Max,None,Premium Composite Decks,Ad group 1,USD,2675.00,1,2,50.00%,5.35,5.35,Search,0.00%,0.00,0.00
wrap around porch,AI Max,None,Premium Composite Decks,Ad group 1,USD,0.00,0,1,0.00%,0,0.00,Search,0.00%,0.00,0.00
fancy deck,AI Max,None,Premium Composite Decks,Ad group 1,USD,0.00,0,1,0.00%,0,0.00,Search,0.00%,0.00,0.00
screened on porch,AI Max,None,Premium Composite Decks,Ad group 1,USD,0.00,0,1,0.00%,0,0.00,Search,0.00%,0.00,0.00
building supply va,AI Max,None,Premium Composite Decks,Ad group 1,USD,0.00,0,1,0.00%,0,0.00,Search,0.00%,0.00,0.00
como hacer un deck de madera,AI Max,None,Premium Composite Decks,Ad group 1,USD,0.00,0,2,0.00%,0,0.00,Search,0.00%,0.00,0.00
construction in alexandria va,AI Max,None,Premium Composite Decks,Ad group 1,USD,0.00,0,2,0.00%,0,0.00,Search,0.00%,0.00,0.00
ipe deck vs trex,AI Max,None,Premium Composite Decks,Ad group 1,USD,0.00,0,1,0.00%,0,0.00,Search,0.00%,0.00,0.00
jeeves handyman,AI Max,None,Premium Composite Decks,Ad group 1,USD,0.00,0,1,0.00%,0,0.00,Search,0.00%,0.00,0.00
deck supplies near me,Performance Max,None,PMAX cu remarketing, --,USD,0.00,0,2,0.00%,0,0.00,Performance Max,0.00%,0.00,0.00
how to install porch ceiling,Performance Max,None,PMAX cu remarketing, --,USD,0.00,0,1,0.00%,0,0.00,Performance Max,0.00%,0.00,0.00
on front porch,Performance Max,None,PMAX cu remarketing, --,USD,0.00,0,1,0.00%,0,0.00,Performance Max,0.00%,0.00,0.00
deck accessories,Performance Max,None,PMAX cu remarketing, --,USD,0.00,0,1,0.00%,0,0.00,Performance Max,0.00%,0.00,0.00
atlas remodeling group,Performance Max,None,PMAX cu remarketing, --,USD,0.00,0,1,0.00%,0,0.00,Performance Max,0.00%,0.00,0.00
decks & docks lumber company cerca de mi,Performance Max,None,PMAX cu remarketing, --,USD,0.00,0,1,0.00%,0,0.00,Performance Max,0.00%,0.00,0.00
deck building for beginners,Performance Max,None,PMAX cu remarketing, --,USD,0.00,0,1,0.00%,0,0.00,Performance Max,0.00%,0.00,0.00
can you stain trex deck,Performance Max,None,PMAX cu remarketing, --,USD,0.00,0,1,0.00%,0,0.00,Performance Max,0.00%,0.00,0.00
lumber supplier near me,Performance Max,None,PMAX cu remarketing, --,USD,0.00,0,1,0.00%,0,0.00,Performance Max,0.00%,0.00,0.00
loudoun stairs,Performance Max,None,PMAX cu remarketing, --,USD,0.00,0,2,0.00%,0,0.00,Performance Max,0.00%,0.00,0.00
deck drawing,Performance Max,None,PMAX cu remarketing, --,USD,0.00,0,1,0.00%,0,0.00,Performance Max,0.00%,0.00,0.00
back yard,Performance Max,None,PMAX cu remarketing, --,USD,0.00,0,3,0.00%,0,0.00,Performance Max,0.00%,0.00,0.00
deck builders alexandria va,Performance Max,None,PMAX cu remarketing, --,USD,0.00,0,1,0.00%,0,0.00,Performance Max,0.00%,0.00,0.00
hardscape construction,Performance Max,None,PMAX cu remarketing, --,USD,0.00,0,5,0.00%,0,0.00,Performance Max,0.00%,0.00,0.00
under deck cleaning service,Performance Max,None,PMAX cu remarketing, --,USD,0.00,0,1,0.00%,0,0.00,Performance Max,0.00%,0.00,0.00
j&j handyman services,Performance Max,None,PMAX cu remarketing, --,USD,0.00,0,1,0.00%,0,0.00,Performance Max,0.00%,0.00,0.00
zavala fence,Performance Max,None,PMAX cu remarketing, --,USD,0.00,0,1,0.00%,0,0.00,Performance Max,0.00%,0.00,0.00
coconut husk timbertech,AI Max,None,loudoun decks,Deck Builder - Round Hill,USD,0.00,0,1,0.00%,0,0.00,Search,0.00%,0.00,0.00
construction systems of virginia,Broad match,None,loudoun decks,Deck Builder - Brambleton,USD,0.00,0,4,0.00%,0,0.00,Search,0.00%,0.00,0.00
american home contractors,AI Max,None,loudoun decks,Deck Builder - South Riding,USD,0.00,0,1,0.00%,0,0.00,Search,0.00%,0.00,0.00
brothers construction,Broad match,None,loudoun decks,Deck Builder - Brambleton,USD,0.00,0,1,0.00%,0,0.00,Search,0.00%,0.00,0.00
outdoor pavilion builders near me,AI Max,None,loudoun decks,Deck Builder - South Riding,USD,0.00,0,1,0.00%,0,0.00,Search,0.00%,0.00,0.00
how much is a trex deck,AI Max,None,loudoun decks,Deck Builder - Middleburg,USD,0.00,0,1,0.00%,0,0.00,Search,0.00%,0.00,0.00
custom decks and patios,Broad match,None,loudoun decks,Deck Builder - Brambleton,USD,0.00,0,2,0.00%,0,0.00,Search,0.00%,0.00,0.00
deck company,Exact match (close variant),None,loudoun decks,Deck Builder - Round Hill,USD,0.00,0,1,0.00%,0,0.00,Search,0.00%,0.00,0.00
outdoor deck builders,Exact match (close variant),None,loudoun decks,Deck Builder - South Riding,USD,0.00,0,1,0.00%,0,0.00,Search,0.00%,0.00,0.00
deck installers near me,Exact match (close variant),None,loudoun decks,Deck Builder - Stone Ridge,USD,7755.00,1,2,50.00%,15.51,15.51,Search,0.00%,0.00,0.00
sundeck,Performance Max,None,Pmax - Dec4, --,USD,0.00,0,1,0.00%,0,0.00,Performance Max,0.00%,0.00,0.00
porch screen replacement,Performance Max,None,Pmax - Dec4, --,USD,0.00,0,1,0.00%,0,0.00,Performance Max,0.00%,0.00,0.00
under deck drainage system cost,AI Max,None,Deck Repair - Loudoun County,Deck Repair - Loudoun County,USD,0.00,0,2,0.00%,0,0.00,Search,0.00%,0.00,0.00
trex deck framing,Broad match,None,Deck Repair - Loudoun County,Deck Replacement,USD,0.00,0,1,0.00%,0,0.00,Search,0.00%,0.00,0.00
trex tiki torch deck,AI Max,None,Deck Repair - Loudoun County,Deck Replacement,USD,0.00,0,1,0.00%,0,0.00,Search,0.00%,0.00,0.00
nova deck,AI Max,None,Deck Repair - Loudoun County,Deck Replacement,USD,0.00,0,1,0.00%,0,0.00,Search,0.00%,0.00,0.00
decks,AI Max,None,Deck Repair - Loudoun County,Deck Repair - Loudoun County,USD,0.00,0,6,0.00%,0,0.00,Search,0.00%,0.00,0.00
install composite decking,Broad match,None,Deck Repair - Loudoun County,Deck Replacement,USD,0.00,0,1,0.00%,0,0.00,Search,0.00%,0.00,0.00
deck designer,AI Max,None,Deck Repair - Loudoun County,Deck Repair - Loudoun County,USD,0.00,0,1,0.00%,0,0.00,Search,0.00%,0.00,0.00
trex decking,Broad match,None,Deck Repair - Loudoun County,Deck Replacement,USD,0.00,0,6,0.00%,0,0.00,Search,0.00%,0.00,0.00
deck restoration near me,Exact match,Added,Deck Repair - Loudoun County,Deck Repair - Loudoun County,USD,0.00,0,1,0.00%,0,0.00,Search,0.00%,0.00,0.00
patio covers near me,AI Max,None,Deck Repair - Loudoun County,Deck Restoration - Refinishing,USD,0.00,0,1,0.00%,0,0.00,Search,0.00%,0.00,0.00
dura deck flooring,AI Max,None,Fairfax-Search-Search - Deck Leads - VA - May 2025,Deck Repair & Refinishing,USD,0.00,0,1,0.00%,0,0.00,Search,0.00%,0.00,0.00
deck company,AI Max,None,Fairfax-Search-Search - Deck Leads - VA - May 2025,Deck Builders Near Me,USD,0.00,0,2,0.00%,0,0.00,Search,0.00%,0.00,0.00
flagstone concrete overlay,AI Max,None,Fairfax-Search-Search - Deck Leads - VA - May 2025,Deck + Patio / Outdoor Living,USD,0.00,0,1,0.00%,0,0.00,Search,0.00%,0.00,0.00
awning for deck,AI Max,None,Fairfax-Search-Search - Deck Leads - VA - May 2025,Deck + Patio / Outdoor Living,USD,0.00,0,1,0.00%,0,0.00,Search,0.00%,0.00,0.00
patios,AI Max,None,Fairfax-Search-Search - Deck Leads - VA - May 2025,Deck + Patio / Outdoor Living,USD,0.00,0,2,0.00%,0,0.00,Search,0.00%,0.00,0.00
front door deck,AI Max,None,Fairfax-Search-Search - Deck Leads - VA - May 2025,Deck Builders Near Me,USD,0.00,0,1,0.00%,0,0.00,Search,0.00%,0.00,0.00
trex decking material near me,AI Max,None,Fairfax-Search-Search - Deck Leads - VA - May 2025,Composite Decking,USD,0.00,0,1,0.00%,0,0.00,Search,0.00%,0.00,0.00
professional carpenter near me,AI Max,None,Fairfax-Search-Search - Deck Leads - VA - May 2025,Deck Builders Near Me,USD,0.00,0,1,0.00%,0,0.00,Search,0.00%,0.00,0.00
screen in porch,Performance Max,None,PMAX cu remarketing, --,USD,0.00,0,1,0.00%,0,0.00,Performance Max,0.00%,0.00,0.00
patio companies near me,Performance Max,None,PMAX cu remarketing, --,USD,0.00,0,2,0.00%,0,0.00,Performance Max,0.00%,0.00,0.00
deck and patio cleaner,Performance Max,None,PMAX cu remarketing, --,USD,0.00,0,1,0.00%,0,0.00,Performance Max,0.00%,0.00,0.00
patio near me,Performance Max,None,PMAX cu remarketing, --,USD,0.00,0,11,0.00%,0,0.00,Performance Max,0.00%,0.00,0.00
replace deck boards with trex cost,Performance Max,None,PMAX cu remarketing, --,USD,0.00,0,1,0.00%,0,0.00,Performance Max,0.00%,0.00,0.00
virginia builders,Performance Max,None,PMAX cu remarketing, --,USD,0.00,0,1,0.00%,0,0.00,Performance Max,0.00%,0.00,0.00
backyard ideas,Performance Max,None,PMAX cu remarketing, --,USD,0.00,0,1,0.00%,0,0.00,Performance Max,0.00%,0.00,0.00
extend deck,Performance Max,None,PMAX cu remarketing, --,USD,0.00,0,1,0.00%,0,0.00,Performance Max,0.00%,0.00,0.00
dupont decks & patios,Performance Max,None,PMAX cu remarketing, --,USD,0.00,0,1,0.00%,0,0.00,Performance Max,0.00%,0.00,0.00
how to stain your deck,Performance Max,None,PMAX cu remarketing, --,USD,0.00,0,1,0.00%,0,0.00,Performance Max,0.00%,0.00,0.00
how to make backyard floor,Performance Max,None,PMAX cu remarketing, --,USD,0.00,0,1,0.00%,0,0.00,Performance Max,0.00%,0.00,0.00
trex decking repair,Performance Max,None,PMAX cu remarketing, --,USD,0.00,0,2,0.00%,0,0.00,Performance Max,0.00%,0.00,0.00
screen patio installation,Performance Max,None,PMAX cu remarketing, --,USD,0.00,0,1,0.00%,0,0.00,Performance Max,0.00%,0.00,0.00
deck steps ideas,Performance Max,None,PMAX cu remarketing, --,USD,0.00,0,1,0.00%,0,0.00,Performance Max,0.00%,0.00,0.00
deck stairs,AI Max,None,Premium Composite Decks,Ad group 1,USD,0.00,0,5,0.00%,0,0.00,Search,0.00%,0.00,0.00
pergolas for decks,AI Max,None,Premium Composite Decks,Ad group 1,USD,0.00,0,1,0.00%,0,0.00,Search,0.00%,0.00,0.00
best deck builders in northern virginia,AI Max,None,Premium Composite Decks,Ad group 1,USD,0.00,0,1,0.00%,0,0.00,Search,0.00%,0.00,0.00
pea gravel patio,AI Max,None,Premium Composite Decks,Ad group 1,USD,0.00,0,1,0.00%,0,0.00,Search,0.00%,0.00,0.00
holloway company,AI Max,None,Premium Composite Decks,Ad group 1,USD,0.00,0,4,0.00%,0,0.00,Search,0.00%,0.00,0.00
wood rot repair contractors,AI Max,None,Premium Composite Decks,Ad group 1,USD,0.00,0,1,0.00%,0,0.00,Search,0.00%,0.00,0.00
screen tight installation,AI Max,None,Premium Composite Decks,Ad group 1,USD,0.00,0,1,0.00%,0,0.00,Search,0.00%,0.00,0.00
front porch company,AI Max,None,Premium Composite Decks,Ad group 1,USD,0.00,0,1,0.00%,0,0.00,Search,0.00%,0.00,0.00
deckscapes,AI Max,None,Premium Composite Decks,Ad group 1,USD,0.00,0,12,0.00%,0,0.00,Search,0.00%,0.00,0.00
hardscaping,AI Max,None,Premium Composite Decks,Ad group 1,USD,2297.50,1,4,25.00%,9.19,9.19,Search,0.00%,0.00,0.00
deck framing around bay window,AI Max,None,Premium Composite Decks,Ad group 1,USD,0.00,0,1,0.00%,0,0.00,Search,0.00%,0.00,0.00
outlast design build,AI Max,None,Premium Composite Decks,Ad group 1,USD,0.00,0,1,0.00%,0,0.00,Search,0.00%,0.00,0.00
deck rails near me,AI Max,None,Premium Composite Decks,Ad group 1,USD,0.00,0,1,0.00%,0,0.00,Search,0.00%,0.00,0.00
manassas home improvement,AI Max,Excluded,Premium Composite Decks,Ad group 1,USD,44160.00,2,1,200.00%,22.08,44.16,Search,0.00%,0.00,0.00
aluminum rail installation,AI Max,None,Premium Composite Decks,Ad group 1,USD,0.00,0,1,0.00%,0,0.00,Search,0.00%,0.00,0.00
deck company,Exact match (close variant),None,loudoun decks,Deck Builder - Potomac Falls,USD,0.00,0,1,0.00%,0,0.00,Search,0.00%,0.00,0.00
trex deck estimate,Phrase match (close variant),None,loudoun decks,Deck Builder - Brambleton,USD,0.00,0,1,0.00%,0,0.00,Search,0.00%,0.00,0.00
deck cover,AI Max,None,loudoun decks,Deck Builder - Middleburg,USD,0.00,0,1,0.00%,0,0.00,Search,0.00%,0.00,0.00
high deck designs,AI Max,None,loudoun decks,Deck Builder - South Riding,USD,0.00,0,1,0.00%,0,0.00,Search,0.00%,0.00,0.00
deckorators,AI Max,None,loudoun decks,Loudoun Decks,USD,0.00,0,1,0.00%,0,0.00,Search,0.00%,0.00,0.00
timbertech advanced pvc,AI Max,None,loudoun decks,Deck Builder - Middleburg,USD,0.00,0,1,0.00%,0,0.00,Search,0.00%,0.00,0.00
construction sales,AI Max,None,loudoun decks,Deck Builder - Arcola,USD,0.00,0,1,0.00%,0,0.00,Search,0.00%,0.00,0.00
deck coating,AI Max,None,loudoun decks,Deck Builder - Middleburg,USD,0.00,0,2,0.00%,0,0.00,Search,0.00%,0.00,0.00
clark construction,AI Max,None,loudoun decks,Deck Builder - Potomac Falls,USD,0.00,0,1,0.00%,0,0.00,Search,0.00%,0.00,0.00
compañia de construccion,AI Max,None,loudoun decks,Deck Builder - Broadlands,USD,0.00,0,1,0.00%,0,0.00,Search,0.00%,0.00,0.00
hardscape supply near me,Broad match,None,loudoun decks,Deck Builder - Brambleton,USD,0.00,0,1,0.00%,0,0.00,Search,0.00%,0.00,0.00
new fence,Performance Max,None,Pmax - Dec4, --,USD,0.00,0,1,0.00%,0,0.00,Performance Max,0.00%,0.00,0.00
foam cannon vinyl siding,Performance Max,None,Pmax - Dec4, --,USD,0.00,0,1,0.00%,0,0.00,Performance Max,0.00%,0.00,0.00
decks,Performance Max,None,Pmax - Dec4, --,USD,0.00,0,2,0.00%,0,0.00,Performance Max,0.00%,0.00,0.00
deck upgrade,Exact match,Added,Deck Repair - Loudoun County,Deck Repair - Loudoun County,USD,0.00,0,1,0.00%,0,0.00,Search,0.00%,0.00,0.00
deck contractor,AI Max,None,Deck Repair - Loudoun County,Deck Repair - Loudoun County,USD,0.00,0,1,0.00%,0,0.00,Search,0.00%,0.00,0.00
trex decking,AI Max,None,Deck Repair - Loudoun County,Deck Replacement,USD,0.00,0,3,0.00%,0,0.00,Search,0.00%,0.00,0.00
10x20 deck cost,AI Max,None,Deck Repair - Loudoun County,Deck Replacement,USD,0.00,0,1,0.00%,0,0.00,Search,0.00%,0.00,0.00
trex spiced rum decking,AI Max,None,Fairfax-Search-Search - Deck Leads - VA - May 2025,Deck + Patio / Outdoor Living,USD,0.00,0,2,0.00%,0,0.00,Search,0.00%,0.00,0.00
easy patio idea,AI Max,None,Fairfax-Search-Search - Deck Leads - VA - May 2025,Deck + Patio / Outdoor Living,USD,0.00,0,1,0.00%,0,0.00,Search,0.00%,0.00,0.00
replace deck boards,AI Max,None,Fairfax-Search-Search - Deck Leads - VA - May 2025,Deck + Patio / Outdoor Living,USD,0.00,0,1,0.00%,0,0.00,Search,0.00%,0.00,0.00
outdoor contractors near me,Performance Max,None,PMAX cu remarketing, --,USD,0.00,0,1,0.00%,0,0.00,Performance Max,0.00%,0.00,0.00
how to wash the siding on my house,Performance Max,None,PMAX cu remarketing, --,USD,0.00,0,1,0.00%,0,0.00,Performance Max,0.00%,0.00,0.00
deck and drive solutions,Performance Max,None,PMAX cu remarketing, --,USD,0.00,0,1,0.00%,0,0.00,Performance Max,0.00%,0.00,0.00
dc deck builder,Performance Max,None,PMAX cu remarketing, --,USD,0.00,0,1,0.00%,0,0.00,Performance Max,0.00%,0.00,0.00
deck repair woodbridge va,Performance Max,None,PMAX cu remarketing, --,USD,0.00,0,3,0.00%,0,0.00,Performance Max,0.00%,0.00,0.00
carter lumber frederick maryland,Performance Max,None,PMAX cu remarketing, --,USD,0.00,0,1,0.00%,0,0.00,Performance Max,0.00%,0.00,0.00
gazbo,Performance Max,None,PMAX cu remarketing, --,USD,0.00,0,1,0.00%,0,0.00,Performance Max,0.00%,0.00,0.00
best power washing services near me,Performance Max,None,PMAX cu remarketing, --,USD,0.00,0,3,0.00%,0,0.00,Performance Max,0.00%,0.00,0.00
patio and deck ideas pictures,Performance Max,None,PMAX cu remarketing, --,USD,0.00,0,1,0.00%,0,0.00,Performance Max,0.00%,0.00,0.00
railing installation,Performance Max,None,PMAX cu remarketing, --,USD,0.00,0,2,0.00%,0,0.00,Performance Max,0.00%,0.00,0.00
deck sealing,Performance Max,None,PMAX cu remarketing, --,USD,0.00,0,1,0.00%,0,0.00,Performance Max,0.00%,0.00,0.00
nova installations,Performance Max,None,PMAX cu remarketing, --,USD,0.00,0,1,0.00%,0,0.00,Performance Max,0.00%,0.00,0.00
fence for free,Performance Max,None,PMAX cu remarketing, --,USD,0.00,0,1,0.00%,0,0.00,Performance Max,0.00%,0.00,0.00
deck refinishing,Performance Max,None,PMAX cu remarketing, --,USD,0.00,0,2,0.00%,0,0.00,Performance Max,0.00%,0.00,0.00
pool deck resurfacing,Performance Max,None,PMAX cu remarketing, --,USD,0.00,0,3,0.00%,0,0.00,Performance Max,0.00%,0.00,0.00
gazebos near me,Performance Max,None,PMAX cu remarketing, --,USD,0.00,0,4,0.00%,0,0.00,Performance Max,0.00%,0.00,0.00
screened in deck,AI Max,None,Premium Composite Decks,Ad group 1,USD,0.00,0,1,0.00%,0,0.00,Search,0.00%,0.00,0.00
vinyl deck,AI Max,None,Premium Composite Decks,Ad group 1,USD,0.00,0,1,0.00%,0,0.00,Search,0.00%,0.00,0.00
timbertech composite decking,AI Max,None,Premium Composite Decks,Ad group 1,USD,0.00,0,3,0.00%,0,0.00,Search,0.00%,0.00,0.00
patios,AI Max,None,Premium Composite Decks,Ad group 1,USD,0.00,0,1,0.00%,0,0.00,Search,0.00%,0.00,0.00
5 4 tongue and groove porch flooring,AI Max,None,Premium Composite Decks,Ad group 1,USD,0.00,0,3,0.00%,0,0.00,Search,0.00%,0.00,0.00
small home repairs,AI Max,None,Premium Composite Decks,Ad group 1,USD,0.00,0,1,0.00%,0,0.00,Search,0.00%,0.00,0.00
trex vs wood cost,AI Max,None,Premium Composite Decks,Ad group 1,USD,0.00,0,1,0.00%,0,0.00,Search,0.00%,0.00,0.00
lumber supply,AI Max,None,Premium Composite Decks,Ad group 1,USD,0.00,0,1,0.00%,0,0.00,Search,0.00%,0.00,0.00
timbertech reserve,AI Max,None,Premium Composite Decks,Ad group 1,USD,0.00,0,1,0.00%,0,0.00,Search,0.00%,0.00,0.00
loudoun county deck code,AI Max,None,Premium Composite Decks,Ad group 1,USD,0.00,0,1,0.00%,0,0.00,Search,0.00%,0.00,0.00
contractors in northern virginia,AI Max,None,Premium Composite Decks,Ad group 1,USD,0.00,0,1,0.00%,0,0.00,Search,0.00%,0.00,0.00
duradek,AI Max,None,loudoun decks,Loudoun Decks,USD,0.00,0,1,0.00%,0,0.00,Search,0.00%,0.00,0.00
premier deck builders,AI Max,None,loudoun decks,Deck Builder - Aldie,USD,0.00,0,1,0.00%,0,0.00,Search,0.00%,0.00,0.00
how much for deck replacement,AI Max,None,loudoun decks,Deck Builder - Leesburg,USD,0.00,0,1,0.00%,0,0.00,Search,0.00%,0.00,0.00
bright side exteriors,Broad match,None,loudoun decks,Deck Builder - Brambleton,USD,0.00,0,1,0.00%,0,0.00,Search,0.00%,0.00,0.00
red sun construction,AI Max,None,loudoun decks,Deck Builder - Hamilton,USD,0.00,0,1,0.00%,0,0.00,Search,0.00%,0.00,0.00
trex heat mitigating technology,AI Max,None,loudoun decks,Deck Builder - Hamilton,USD,0.00,0,1,0.00%,0,0.00,Search,0.00%,0.00,0.00
arc construction & remodeling,AI Max,None,loudoun decks,Deck Builder - Purcellville,USD,0.00,0,1,0.00%,0,0.00,Search,0.00%,0.00,0.00
chain link fence installers near me,Performance Max,None,Pmax - Dec4, --,USD,0.00,0,1,0.00%,0,0.00,Performance Max,0.00%,0.00,0.00
deck companies near me,AI Max,None,Deck Repair - Loudoun County,Deck Restoration - Refinishing,USD,24920.00,1,1,100.00%,24.92,24.92,Search,100.00%,1.00,24.92
low deck building,AI Max,None,Deck Repair - Loudoun County,Deck Repair - Loudoun County,USD,0.00,0,1,0.00%,0,0.00,Search,0.00%,0.00,0.00
repair deck post,Broad match,None,Deck Repair - Loudoun County,Deck Renovation,USD,0.00,0,1,0.00%,0,0.00,Search,0.00%,0.00,0.00
deck waterproofing,AI Max,None,Deck Repair - Loudoun County,Deck Repair - Loudoun County,USD,0.00,0,1,0.00%,0,0.00,Search,0.00%,0.00,0.00
where to buy trex decking near me,Phrase match (close variant),None,SRCH | Composite | 3 Counties | Calls,Composite Deck Cost,USD,0.00,0,1,0.00%,0,0.00,Search,0.00%,0.00,0.00
12x12x1 concrete pavers,AI Max,None,Fairfax-Search-Search - Deck Leads - VA - May 2025,Deck + Patio / Outdoor Living,USD,0.00,0,1,0.00%,0,0.00,Search,0.00%,0.00,0.00
trex deck,AI Max,None,Fairfax-Search-Search - Deck Leads - VA - May 2025,Deck Builders Near Me,USD,0.00,0,2,0.00%,0,0.00,Search,0.00%,0.00,0.00
newkirk services inc,AI Max,None,Fairfax-Search-Search - Deck Leads - VA - May 2025,Deck + Patio / Outdoor Living,USD,0.00,0,1,0.00%,0,0.00,Search,0.00%,0.00,0.00
deck renovation cost,AI Max,None,Premium Composite Decks,Ad group 1,USD,0.00,0,2,0.00%,0,0.00,Search,0.00%,0.00,0.00
deck remodelers reviews,AI Max,None,Premium Composite Decks,Ad group 1,USD,0.00,0,2,0.00%,0,0.00,Search,0.00%,0.00,0.00
decking supplies,AI Max,None,Premium Composite Decks,Ad group 1,USD,0.00,0,1,0.00%,0,0.00,Search,0.00%,0.00,0.00
deck resurfacing products,AI Max,None,Premium Composite Decks,Ad group 1,USD,0.00,0,1,0.00%,0,0.00,Search,0.00%,0.00,0.00
how to attach trex decking,AI Max,None,Premium Composite Decks,Ad group 1,USD,0.00,0,1,0.00%,0,0.00,Search,0.00%,0.00,0.00
concrete contractors manassas va,AI Max,None,Premium Composite Decks,Ad group 1,USD,0.00,0,2,0.00%,0,0.00,Search,0.00%,0.00,0.00
big deck,AI Max,None,Premium Composite Decks,Ad group 1,USD,0.00,0,1,0.00%,0,0.00,Search,0.00%,0.00,0.00
pvc deck,AI Max,None,Premium Composite Decks,Ad group 1,USD,0.00,0,1,0.00%,0,0.00,Search,0.00%,0.00,0.00
deck design software,AI Max,None,Premium Composite Decks,Ad group 1,USD,0.00,0,1,0.00%,0,0.00,Search,0.00%,0.00,0.00
correct deck,AI Max,None,Premium Composite Decks,Ad group 1,USD,0.00,0,2,0.00%,0,0.00,Search,0.00%,0.00,0.00
decks and docks company,AI Max,None,Premium Composite Decks,Ad group 1,USD,0.00,0,1,0.00%,0,0.00,Search,0.00%,0.00,0.00
decks direct,AI Max,None,Premium Composite Decks,Ad group 1,USD,0.00,0,5,0.00%,0,0.00,Search,0.00%,0.00,0.00
jesus master handyman llc,AI Max,None,Premium Composite Decks,Ad group 1,USD,0.00,0,2,0.00%,0,0.00,Search,0.00%,0.00,0.00
installing trex decking,AI Max,None,Premium Composite Decks,Ad group 1,USD,0.00,0,1,0.00%,0,0.00,Search,0.00%,0.00,0.00
outdoor spaces design,AI Max,None,Premium Composite Decks,Ad group 1,USD,3770.00,1,1,100.00%,3.77,3.77,Search,0.00%,0.00,0.00
deck treatment,AI Max,None,Premium Composite Decks,Ad group 1,USD,0.00,0,1,0.00%,0,0.00,Search,0.00%,0.00,0.00
prowood,AI Max,None,Premium Composite Decks,Ad group 1,USD,0.00,0,1,0.00%,0,0.00,Search,0.00%,0.00,0.00
trex deck board installation,AI Max,None,Premium Composite Decks,Ad group 1,USD,0.00,0,1,0.00%,0,0.00,Search,0.00%,0.00,0.00
composite,AI Max,None,Premium Composite Decks,Ad group 1,USD,0.00,0,1,0.00%,0,0.00,Search,0.00%,0.00,0.00
lowes near me,Performance Max,None,PMAX cu remarketing, --,USD,0.00,0,1,0.00%,0,0.00,Performance Max,0.00%,0.00,0.00
decking near me,Performance Max,None,PMAX cu remarketing, --,USD,7610.00,1,1,100.00%,7.61,7.61,Performance Max,0.00%,0.00,0.00
stone patio,Performance Max,None,PMAX cu remarketing, --,USD,0.00,0,4,0.00%,0,0.00,Performance Max,0.00%,0.00,0.00
pergola patio,Performance Max,None,PMAX cu remarketing, --,USD,0.00,0,1,0.00%,0,0.00,Performance Max,0.00%,0.00,0.00
wood filler on deck boards,Performance Max,None,PMAX cu remarketing, --,USD,0.00,0,1,0.00%,0,0.00,Performance Max,0.00%,0.00,0.00
builders fence,Performance Max,None,PMAX cu remarketing, --,USD,0.00,0,3,0.00%,0,0.00,Performance Max,0.00%,0.00,0.00
how to build a floating deck,Performance Max,None,PMAX cu remarketing, --,USD,0.00,0,1,0.00%,0,0.00,Performance Max,0.00%,0.00,0.00
armour fence,Performance Max,None,PMAX cu remarketing, --,USD,0.00,0,3,0.00%,0,0.00,Performance Max,0.00%,0.00,0.00
stone patios,Performance Max,None,PMAX cu remarketing, --,USD,0.00,0,1,0.00%,0,0.00,Performance Max,0.00%,0.00,0.00
tart lumber,Performance Max,None,PMAX cu remarketing, --,USD,0.00,0,10,0.00%,0,0.00,Performance Max,0.00%,0.00,0.00
deck warehouse near me,Performance Max,None,PMAX cu remarketing, --,USD,0.00,0,1,0.00%,0,0.00,Performance Max,0.00%,0.00,0.00
do it yourself porch,Performance Max,None,PMAX cu remarketing, --,USD,0.00,0,1,0.00%,0,0.00,Performance Max,0.00%,0.00,0.00
john wilson lumber,Performance Max,None,PMAX cu remarketing, --,USD,0.00,0,1,0.00%,0,0.00,Performance Max,0.00%,0.00,0.00
trex deck cleaning,Performance Max,None,PMAX cu remarketing, --,USD,0.00,0,1,0.00%,0,0.00,Performance Max,0.00%,0.00,0.00
iron rails reliable,Performance Max,None,PMAX cu remarketing, --,USD,0.00,0,2,0.00%,0,0.00,Performance Max,0.00%,0.00,0.00
georgetown deck,Performance Max,None,PMAX cu remarketing, --,USD,0.00,0,1,0.00%,0,0.00,Performance Max,0.00%,0.00,0.00
phoenix home services,Performance Max,None,PMAX cu remarketing, --,USD,0.00,0,1,0.00%,0,0.00,Performance Max,0.00%,0.00,0.00
barrette outdoor,Performance Max,None,PMAX cu remarketing, --,USD,0.00,0,1,0.00%,0,0.00,Performance Max,0.00%,0.00,0.00
deck and fence repair near me,Performance Max,None,PMAX cu remarketing, --,USD,0.00,0,3,0.00%,0,0.00,Performance Max,0.00%,0.00,0.00
woodscape construction,Broad match,None,loudoun decks,Deck Builder - Brambleton,USD,0.00,0,2,0.00%,0,0.00,Search,0.00%,0.00,0.00
dmv contracting,AI Max,None,loudoun decks,Deck Builder - Leesburg,USD,0.00,0,1,0.00%,0,0.00,Search,0.00%,0.00,0.00
deck armour,Broad match,None,loudoun decks,Deck Builder - Brambleton,USD,0.00,0,1,0.00%,0,0.00,Search,0.00%,0.00,0.00
deck builder near me,Exact match,Added,loudoun decks,Deck Builder - Stone Ridge,USD,0.00,0,5,0.00%,0,0.00,Search,0.00%,0.00,0.00
homestead building solutions,AI Max,None,loudoun decks,Deck Builder - Brambleton,USD,0.00,0,1,0.00%,0,0.00,Search,0.00%,0.00,0.00
trex deck estimator,AI Max,None,loudoun decks,Deck Builder - Hamilton,USD,0.00,0,1,0.00%,0,0.00,Search,0.00%,0.00,0.00
lansingbp,Broad match,None,loudoun decks,Deck Builder - Brambleton,USD,0.00,0,2,0.00%,0,0.00,Search,0.00%,0.00,0.00
coastal deck,AI Max,None,loudoun decks,Deck Builder - Middleburg,USD,0.00,0,1,0.00%,0,0.00,Search,0.00%,0.00,0.00
deck and fence superstore,Performance Max,None,Pmax - Dec4, --,USD,0.00,0,1,0.00%,0,0.00,Performance Max,0.00%,0.00,0.00
rooftop design,Performance Max,None,Pmax - Dec4, --,USD,0.00,0,1,0.00%,0,0.00,Performance Max,0.00%,0.00,0.00
b&a power washing,Performance Max,None,Pmax - Dec4, --,USD,0.00,0,1,0.00%,0,0.00,Performance Max,0.00%,0.00,0.00
all american fences,Performance Max,None,Pmax - Dec4, --,USD,0.00,0,1,0.00%,0,0.00,Performance Max,0.00%,0.00,0.00
deck restoration,Exact match (close variant),Added,Deck Repair - Loudoun County,Deck Renovation,USD,0.00,0,1,0.00%,0,0.00,Search,0.00%,0.00,0.00
decks with style,AI Max,None,Deck Repair - Loudoun County,Deck Repair - Loudoun County,USD,0.00,0,1,0.00%,0,0.00,Search,0.00%,0.00,0.00
deck restoration cost,AI Max,None,Deck Repair - Loudoun County,Deck Repair - Loudoun County,USD,0.00,0,1,0.00%,0,0.00,Search,0.00%,0.00,0.00
metal deck railings,AI Max,None,Deck Repair - Loudoun County,Composite - Trex Repair,USD,0.00,0,1,0.00%,0,0.00,Search,0.00%,0.00,0.00
trex enhance,AI Max,None,Deck Repair - Loudoun County,Composite - Trex Repair,USD,0.00,0,1,0.00%,0,0.00,Search,0.00%,0.00,0.00
sundeck medics,AI Max,None,Fairfax-Search-Search - Deck Leads - VA - May 2025,Composite Decking,USD,0.00,0,2,0.00%,0,0.00,Search,0.00%,0.00,0.00
deck builders manassas va,AI Max,None,Fairfax-Search-Search - Deck Leads - VA - May 2025,Deck Builders Near Me,USD,0.00,0,3,0.00%,0,0.00,Search,0.00%,0.00,0.00
sundeck,AI Max,None,Fairfax-Search-Search - Deck Leads - VA - May 2025,Deck + Patio / Outdoor Living,USD,0.00,0,2,0.00%,0,0.00,Search,0.00%,0.00,0.00
building a house in virginia,AI Max,None,Fairfax-Search-Search - Deck Leads - VA - May 2025,Deck + Patio / Outdoor Living,USD,0.00,0,1,0.00%,0,0.00,Search,0.00%,0.00,0.00
under deck barrier,Performance Max,None,PMAX cu remarketing, --,USD,0.00,0,2,0.00%,0,0.00,Performance Max,0.00%,0.00,0.00
grazbo,Performance Max,None,PMAX cu remarketing, --,USD,0.00,0,1,0.00%,0,0.00,Performance Max,0.00%,0.00,0.00
dream deck,Performance Max,None,PMAX cu remarketing, --,USD,0.00,0,1,0.00%,0,0.00,Performance Max,0.00%,0.00,0.00
golden select composite deck tiles,Performance Max,None,PMAX cu remarketing, --,USD,0.00,0,1,0.00%,0,0.00,Performance Max,0.00%,0.00,0.00
deck gazebo,Performance Max,None,PMAX cu remarketing, --,USD,0.00,0,1,0.00%,0,0.00,Performance Max,0.00%,0.00,0.00
gazebo over deck,Performance Max,None,PMAX cu remarketing, --,USD,0.00,0,1,0.00%,0,0.00,Performance Max,0.00%,0.00,0.00
screeneze installation,Performance Max,None,PMAX cu remarketing, --,USD,0.00,0,1,0.00%,0,0.00,Performance Max,0.00%,0.00,0.00
roofdeck,Performance Max,None,PMAX cu remarketing, --,USD,0.00,0,1,0.00%,0,0.00,Performance Max,0.00%,0.00,0.00
deck builders fairfax va,Performance Max,None,PMAX cu remarketing, --,USD,0.00,0,1,0.00%,0,0.00,Performance Max,0.00%,0.00,0.00
how much does a screen porch cost,Performance Max,None,PMAX cu remarketing, --,USD,0.00,0,1,0.00%,0,0.00,Performance Max,0.00%,0.00,0.00
prince william county deck permit,Performance Max,None,PMAX cu remarketing, --,USD,0.00,0,1,0.00%,0,0.00,Performance Max,0.00%,0.00,0.00
power wash outdoor rug,Performance Max,None,PMAX cu remarketing, --,USD,0.00,0,1,0.00%,0,0.00,Performance Max,0.00%,0.00,0.00
hoppy design and build,Performance Max,None,PMAX cu remarketing, --,USD,0.00,0,26,0.00%,0,0.00,Performance Max,0.00%,0.00,0.00
fencing,Performance Max,None,PMAX cu remarketing, --,USD,0.00,0,19,0.00%,0,0.00,Performance Max,0.00%,0.00,0.00
how to build a deck gate out of wood,Performance Max,None,PMAX cu remarketing, --,USD,0.00,0,1,0.00%,0,0.00,Performance Max,0.00%,0.00,0.00
walkway ideas,Performance Max,None,PMAX cu remarketing, --,USD,0.00,0,1,0.00%,0,0.00,Performance Max,0.00%,0.00,0.00
how to make a patio in your backyard,Performance Max,None,PMAX cu remarketing, --,USD,0.00,0,2,0.00%,0,0.00,Performance Max,0.00%,0.00,0.00
how to build a front porch on a mobile home,Performance Max,None,PMAX cu remarketing, --,USD,0.00,0,1,0.00%,0,0.00,Performance Max,0.00%,0.00,0.00
mill to you,Broad match,None,loudoun decks,Deck Builder - Brambleton,USD,0.00,0,1,0.00%,0,0.00,Search,0.00%,0.00,0.00
backyard steps,Broad match,None,loudoun decks,Deck Builder - Brambleton,USD,0.00,0,1,0.00%,0,0.00,Search,0.00%,0.00,0.00
typical deck details,AI Max,None,loudoun decks,Loudoun Decks,USD,0.00,0,1,0.00%,0,0.00,Search,0.00%,0.00,0.00
deck contractor,Exact match (close variant),None,loudoun decks,Deck Builder - Middleburg,USD,0.00,0,1,0.00%,0,0.00,Search,0.00%,0.00,0.00
tec dec,Broad match,None,loudoun decks,Deck Builder - Brambleton,USD,0.00,0,1,0.00%,0,0.00,Search,0.00%,0.00,0.00
loudoun decks,AI Max,None,loudoun decks,Deck Builder - Leesburg,USD,0.00,0,2,0.00%,0,0.00,Search,0.00%,0.00,0.00
newkirk services inc,Broad match,None,loudoun decks,Deck Builder - Brambleton,USD,0.00,0,1,0.00%,0,0.00,Search,0.00%,0.00,0.00
holloway patio,Broad match,None,loudoun decks,Deck Builder - Brambleton,USD,0.00,0,1,0.00%,0,0.00,Search,0.00%,0.00,0.00
vinyl deck membrane,Phrase match (close variant),None,loudoun decks,Deck Builder - Brambleton,USD,0.00,0,1,0.00%,0,0.00,Search,0.00%,0.00,0.00
toasted sand trex,AI Max,None,loudoun decks,Deck Builder - Hamilton,USD,0.00,0,1,0.00%,0,0.00,Search,0.00%,0.00,0.00
patio deck builders near me,Exact match (close variant),None,loudoun decks,Loudoun Decks,USD,0.00,0,1,0.00%,0,0.00,Search,0.00%,0.00,0.00
refinishing concrete porch,AI Max,None,Premium Composite Decks,Ad group 1,USD,0.00,0,1,0.00%,0,0.00,Search,0.00%,0.00,0.00
timbertech retailers,AI Max,None,Premium Composite Decks,Ad group 1,USD,0.00,0,1,0.00%,0,0.00,Search,0.00%,0.00,0.00
fairway railing catalog,AI Max,None,Premium Composite Decks,Ad group 1,USD,0.00,0,1,0.00%,0,0.00,Search,0.00%,0.00,0.00
prince william home improvement reviews,AI Max,None,Premium Composite Decks,Ad group 1,USD,20618.70,2,3,66.67%,30.93,61.86,Search,50.00%,1.00,61.86
deck tech for decks,AI Max,None,Premium Composite Decks,Ad group 1,USD,0.00,0,1,0.00%,0,0.00,Search,0.00%,0.00,0.00
timbertech kona,AI Max,None,Premium Composite Decks,Ad group 1,USD,0.00,0,1,0.00%,0,0.00,Search,0.00%,0.00,0.00
timbertech gallery,AI Max,None,Premium Composite Decks,Ad group 1,USD,0.00,0,2,0.00%,0,0.00,Search,0.00%,0.00,0.00
12x12 paver patio designs,AI Max,None,Premium Composite Decks,Ad group 1,USD,0.00,0,1,0.00%,0,0.00,Search,0.00%,0.00,0.00
wood railing outdoor,AI Max,None,Premium Composite Decks,Ad group 1,USD,0.00,0,1,0.00%,0,0.00,Search,0.00%,0.00,0.00
pvc para deck,AI Max,None,Premium Composite Decks,Ad group 1,USD,0.00,0,1,0.00%,0,0.00,Search,0.00%,0.00,0.00
longevity railing,AI Max,None,Premium Composite Decks,Ad group 1,USD,0.00,0,1,0.00%,0,0.00,Search,0.00%,0.00,0.00
laying bluestone patio,AI Max,None,Premium Composite Decks,Ad group 1,USD,0.00,0,1,0.00%,0,0.00,Search,0.00%,0.00,0.00
porch repair contractors,AI Max,None,Premium Composite Decks,Ad group 1,USD,0.00,0,1,0.00%,0,0.00,Search,0.00%,0.00,0.00
under deck ceiling,AI Max,None,Premium Composite Decks,Ad group 1,USD,0.00,0,4,0.00%,0,0.00,Search,0.00%,0.00,0.00
pavers for patio,AI Max,None,Premium Composite Decks,Ad group 1,USD,0.00,0,1,0.00%,0,0.00,Search,0.00%,0.00,0.00
resurfacing deck boards,AI Max,None,Premium Composite Decks,Ad group 1,USD,0.00,0,2,0.00%,0,0.00,Search,0.00%,0.00,0.00
family contracting,AI Max,None,Premium Composite Decks,Ad group 1,USD,0.00,0,1,0.00%,0,0.00,Search,0.00%,0.00,0.00
fletcher decks,AI Max,None,Premium Composite Decks,Ad group 1,USD,0.00,0,1,0.00%,0,0.00,Search,0.00%,0.00,0.00
decks and docks,Performance Max,None,Pmax - Dec4, --,USD,8234.92,1,1,100.00%,8.23,8.23,Performance Max,0.00%,0.00,0.00
loudoun deck,Performance Max,None,Pmax - Dec4, --,USD,0.00,0,1,0.00%,0,0.00,Performance Max,0.00%,0.00,0.00
below grade deck,AI Max,None,Deck Repair - Loudoun County,Deck Repair - Loudoun County,USD,0.00,0,1,0.00%,0,0.00,Search,0.00%,0.00,0.00
how much does a 20x20 composite deck cost,Broad match,None,Deck Repair - Loudoun County,Deck Replacement,USD,1820.00,1,1,100.00%,1.82,1.82,Search,0.00%,0.00,0.00
remodelaciones de patios,AI Max,None,Deck Repair - Loudoun County,Deck Renovation,USD,0.00,0,1,0.00%,0,0.00,Search,0.00%,0.00,0.00
deck board replacement,Exact match,Added,Deck Repair - Loudoun County,Deck Replacement,USD,0.00,0,3,0.00%,0,0.00,Search,0.00%,0.00,0.00
screen for patios,AI Max,None,Deck Repair - Loudoun County,Deck Restoration - Refinishing,USD,0.00,0,1,0.00%,0,0.00,Search,0.00%,0.00,0.00
timbertech,AI Max,None,Deck Repair - Loudoun County,Deck Repair - Loudoun County,USD,0.00,0,1,0.00%,0,0.00,Search,0.00%,0.00,0.00
new decks,AI Max,None,Fairfax-Search-Search - Deck Leads - VA - May 2025,Deck + Patio / Outdoor Living,USD,0.00,0,2,0.00%,0,0.00,Search,0.00%,0.00,0.00
near me construction company,AI Max,None,Fairfax-Search-Search - Deck Leads - VA - May 2025,Deck Builders Near Me,USD,0.00,0,1,0.00%,0,0.00,Search,0.00%,0.00,0.00
trex select saddle deck,AI Max,None,Fairfax-Search-Search - Deck Leads - VA - May 2025,Composite Decking,USD,0.00,0,1,0.00%,0,0.00,Search,0.00%,0.00,0.00
backyard gravel patio,AI Max,None,Fairfax-Search-Search - Deck Leads - VA - May 2025,Deck + Patio / Outdoor Living,USD,0.00,0,1,0.00%,0,0.00,Search,0.00%,0.00,0.00
concrete contractor near me,AI Max,None,Fairfax-Search-Search - Deck Leads - VA - May 2025,Deck + Patio / Outdoor Living,USD,0.00,0,1,0.00%,0,0.00,Search,0.00%,0.00,0.00
flagstone patio,AI Max,None,Fairfax-Search-Search - Deck Leads - VA - May 2025,Deck + Patio / Outdoor Living,USD,0.00,0,2,0.00%,0,0.00,Search,0.00%,0.00,0.00
patio builders near me,Exact match (close variant),None,Fairfax-Search-Search - Deck Leads - VA - May 2025,Deck + Patio / Outdoor Living,USD,0.00,0,1,0.00%,0,0.00,Search,0.00%,0.00,0.00
deck trex installation,Exact match (close variant),None,Premium Composite Decks,Ad group 1,USD,0.00,0,2,0.00%,0,0.00,Search,0.00%,0.00,0.00
timbertech samples,AI Max,None,Premium Composite Decks,Ad group 1,USD,0.00,0,1,0.00%,0,0.00,Search,0.00%,0.00,0.00
residential carpentry,AI Max,None,Premium Composite Decks,Ad group 1,USD,0.00,0,1,0.00%,0,0.00,Search,0.00%,0.00,0.00
timbertech suppliers,AI Max,None,Premium Composite Decks,Ad group 1,USD,0.00,0,1,0.00%,0,0.00,Search,0.00%,0.00,0.00
deck and restoration dmv,AI Max,None,Premium Composite Decks,Ad group 1,USD,0.00,0,4,0.00%,0,0.00,Search,0.00%,0.00,0.00
84 lumber alexandria va,AI Max,None,Premium Composite Decks,Ad group 1,USD,0.00,0,1,0.00%,0,0.00,Search,0.00%,0.00,0.00
trex rainescape system,AI Max,None,Premium Composite Decks,Ad group 1,USD,0.00,0,1,0.00%,0,0.00,Search,0.00%,0.00,0.00
timbertech terrain colors,AI Max,None,Premium Composite Decks,Ad group 1,USD,0.00,0,1,0.00%,0,0.00,Search,0.00%,0.00,0.00
landscaping loudoun county va,AI Max,None,Premium Composite Decks,Ad group 1,USD,0.00,0,1,0.00%,0,0.00,Search,0.00%,0.00,0.00
lansing building products sterling va,AI Max,None,Premium Composite Decks,Ad group 1,USD,0.00,0,2,0.00%,0,0.00,Search,0.00%,0.00,0.00
lowe's trex,AI Max,None,Premium Composite Decks,Ad group 1,USD,0.00,0,2,0.00%,0,0.00,Search,0.00%,0.00,0.00
how much to refinish deck,Performance Max,None,PMAX cu remarketing, --,USD,0.00,0,1,0.00%,0,0.00,Performance Max,0.00%,0.00,0.00
balcony repair contractors,Performance Max,None,PMAX cu remarketing, --,USD,0.00,0,1,0.00%,0,0.00,Performance Max,0.00%,0.00,0.00
loudoun deck repair,Performance Max,None,PMAX cu remarketing, --,USD,749.94,4,14,28.57%,2.62,10.50,Performance Max,0.00%,0.00,0.00
under porch,Performance Max,None,PMAX cu remarketing, --,USD,0.00,0,2,0.00%,0,0.00,Performance Max,0.00%,0.00,0.00
lumber yard manassas va,Performance Max,None,PMAX cu remarketing, --,USD,0.00,0,5,0.00%,0,0.00,Performance Max,0.00%,0.00,0.00
deck contractor fairfax va,Performance Max,None,PMAX cu remarketing, --,USD,0.00,0,10,0.00%,0,0.00,Performance Max,0.00%,0.00,0.00
dream deck fence patio,Performance Max,None,PMAX cu remarketing, --,USD,0.00,0,2,0.00%,0,0.00,Performance Max,0.00%,0.00,0.00
screened porch,Performance Max,None,PMAX cu remarketing, --,USD,0.00,0,6,0.00%,0,0.00,Performance Max,0.00%,0.00,0.00
best material for under deck ceiling,Performance Max,None,PMAX cu remarketing, --,USD,0.00,0,1,0.00%,0,0.00,Performance Max,0.00%,0.00,0.00
deck building near me,Exact match (close variant),None,loudoun decks,Deck Builder - Lansdowne,USD,0.00,0,1,0.00%,0,0.00,Search,0.00%,0.00,0.00
deck work,AI Max,None,loudoun decks,Deck Builder - Middleburg,USD,0.00,0,1,0.00%,0,0.00,Search,0.00%,0.00,0.00
deck townhouse,AI Max,None,loudoun decks,Deck Builder - Aldie,USD,0.00,0,1,0.00%,0,0.00,Search,0.00%,0.00,0.00
patio deck,AI Max,None,loudoun decks,Deck Builder - Aldie,USD,0.00,0,1,0.00%,0,0.00,Search,0.00%,0.00,0.00
custom deck builders near me,Exact match (close variant),None,loudoun decks,Deck Builder - Aldie,USD,0.00,0,1,0.00%,0,0.00,Search,0.00%,0.00,0.00
fence builder centreville va,Performance Max,None,Pmax - Dec4, --,USD,0.00,0,2,0.00%,0,0.00,Performance Max,0.00%,0.00,0.00
deck board replacement,Performance Max,None,Pmax - Dec4, --,USD,0.00,0,1,0.00%,0,0.00,Performance Max,0.00%,0.00,0.00
wood deck repair,AI Max,None,Deck Repair - Loudoun County,Deck Repair - Loudoun County,USD,0.00,0,2,0.00%,0,0.00,Search,0.00%,0.00,0.00
cutek extreme,AI Max,None,Deck Repair - Loudoun County,Deck Repair - Loudoun County,USD,0.00,0,1,0.00%,0,0.00,Search,0.00%,0.00,0.00
archadeck of northern virginia west,Broad match,None,Deck Repair - Loudoun County,Deck Renovation,USD,0.00,0,2,0.00%,0,0.00,Search,0.00%,0.00,0.00
deck repair sterling va,Phrase match (close variant),None,Deck Repair - Loudoun County,Deck Renovation,USD,0.00,0,1,0.00%,0,0.00,Search,0.00%,0.00,0.00
northern va deck builders,AI Max,None,Deck Repair - Loudoun County,Deck Repair - Loudoun County,USD,0.00,0,1,0.00%,0,0.00,Search,0.00%,0.00,0.00
deck work near me,AI Max,None,Deck Repair - Loudoun County,Deck Repair - Loudoun County,USD,0.00,0,1,0.00%,0,0.00,Search,0.00%,0.00,0.00
deck wood replacement,Exact match,Added,Deck Repair - Loudoun County,Deck Repair - Loudoun County,USD,0.00,0,1,0.00%,0,0.00,Search,0.00%,0.00,0.00
deck cost,AI Max,None,Deck Repair - Loudoun County,Deck Repair - Loudoun County,USD,0.00,0,1,0.00%,0,0.00,Search,0.00%,0.00,0.00
custom contractor,AI Max,None,Fairfax-Search-Search - Deck Leads - VA - May 2025,Deck Builders Near Me,USD,0.00,0,1,0.00%,0,0.00,Search,0.00%,0.00,0.00
wear deck distributors,AI Max,None,Fairfax-Search-Search - Deck Leads - VA - May 2025,Deck + Patio / Outdoor Living,USD,0.00,0,1,0.00%,0,0.00,Search,0.00%,0.00,0.00
walkway installation,AI Max,None,Fairfax-Search-Search - Deck Leads - VA - May 2025,Deck + Patio / Outdoor Living,USD,0.00,0,1,0.00%,0,0.00,Search,0.00%,0.00,0.00
deck installers near me,Exact match,Added,Fairfax-Search-Search - Deck Leads - VA - May 2025,Deck Builders Near Me,USD,0.00,0,2,0.00%,0,0.00,Search,0.00%,0.00,0.00
va deck and patio,AI Max,None,Fairfax-Search-Search - Deck Leads - VA - May 2025,Deck Builders Near Me,USD,0.00,0,1,0.00%,0,0.00,Search,0.00%,0.00,0.00
timberdeck,AI Max,None,Premium Composite Decks,Ad group 1,USD,0.00,0,1,0.00%,0,0.00,Search,0.00%,0.00,0.00
tj decking,AI Max,None,Premium Composite Decks,Ad group 1,USD,0.00,0,1,0.00%,0,0.00,Search,0.00%,0.00,0.00
under deck drainage system cost,AI Max,None,Premium Composite Decks,Ad group 1,USD,0.00,0,1,0.00%,0,0.00,Search,0.00%,0.00,0.00
trex enhanced,AI Max,None,Premium Composite Decks,Ad group 1,USD,0.00,0,2,0.00%,0,0.00,Search,0.00%,0.00,0.00
stone backyard,AI Max,None,Premium Composite Decks,Ad group 1,USD,0.00,0,1,0.00%,0,0.00,Search,0.00%,0.00,0.00
patio deck repairs,AI Max,None,Premium Composite Decks,Ad group 1,USD,0.00,0,1,0.00%,0,0.00,Search,0.00%,0.00,0.00
tiki torch trex,AI Max,None,Premium Composite Decks,Ad group 1,USD,1566.67,1,3,33.33%,4.70,4.70,Search,0.00%,0.00,0.00
deck installation process,AI Max,None,Premium Composite Decks,Ad group 1,USD,0.00,0,1,0.00%,0,0.00,Search,0.00%,0.00,0.00
pergola builders,AI Max,None,Premium Composite Decks,Ad group 1,USD,0.00,0,1,0.00%,0,0.00,Search,0.00%,0.00,0.00
repair deck post,Performance Max,None,PMAX cu remarketing, --,USD,0.00,0,1,0.00%,0,0.00,Performance Max,0.00%,0.00,0.00
deck builder washington dc,Performance Max,None,PMAX cu remarketing, --,USD,0.00,0,1,0.00%,0,0.00,Performance Max,0.00%,0.00,0.00
how to replace wood deck boards,Performance Max,None,PMAX cu remarketing, --,USD,0.00,0,1,0.00%,0,0.00,Performance Max,0.00%,0.00,0.00
companies that build gazebos,Performance Max,None,PMAX cu remarketing, --,USD,0.00,0,1,0.00%,0,0.00,Performance Max,0.00%,0.00,0.00
patio diy ideas,Performance Max,None,PMAX cu remarketing, --,USD,0.00,0,1,0.00%,0,0.00,Performance Max,0.00%,0.00,0.00
wooden deck ideas,Performance Max,None,PMAX cu remarketing, --,USD,0.00,0,1,0.00%,0,0.00,Performance Max,0.00%,0.00,0.00
deck ready reviews,Performance Max,None,PMAX cu remarketing, --,USD,0.00,0,1,0.00%,0,0.00,Performance Max,0.00%,0.00,0.00
fiberon composite decking installation,Performance Max,None,PMAX cu remarketing, --,USD,0.00,0,1,0.00%,0,0.00,Performance Max,0.00%,0.00,0.00
colonial hardwoods,Performance Max,None,PMAX cu remarketing, --,USD,0.00,0,2,0.00%,0,0.00,Performance Max,0.00%,0.00,0.00
timbertech decking,Performance Max,None,PMAX cu remarketing, --,USD,0.00,0,2,0.00%,0,0.00,Performance Max,0.00%,0.00,0.00
decks store,Performance Max,None,PMAX cu remarketing, --,USD,0.00,0,2,0.00%,0,0.00,Performance Max,0.00%,0.00,0.00
patio enclosures near me,Performance Max,None,PMAX cu remarketing, --,USD,0.00,0,1,0.00%,0,0.00,Performance Max,0.00%,0.00,0.00
screened deck,Performance Max,None,PMAX cu remarketing, --,USD,2090.00,1,1,100.00%,2.09,2.09,Performance Max,0.00%,0.00,0.00
home improvement near me,Performance Max,None,PMAX cu remarketing, --,USD,0.00,0,1,0.00%,0,0.00,Performance Max,0.00%,0.00,0.00
brookeville pressure cleaning and deck restoration,Performance Max,None,PMAX cu remarketing, --,USD,0.00,0,1,0.00%,0,0.00,Performance Max,0.00%,0.00,0.00
trex cocktail rail install,Performance Max,None,PMAX cu remarketing, --,USD,0.00,0,1,0.00%,0,0.00,Performance Max,0.00%,0.00,0.00
deck prices,Performance Max,None,PMAX cu remarketing, --,USD,0.00,0,1,0.00%,0,0.00,Performance Max,0.00%,0.00,0.00
how much is trex,AI Max,None,loudoun decks,Loudoun Decks,USD,0.00,0,1,0.00%,0,0.00,Search,0.00%,0.00,0.00
deck builders near me,Exact match,Added,loudoun decks,Deck Builder - Brambleton,USD,0.00,0,2,0.00%,0,0.00,Search,0.00%,0.00,0.00
fcs construction services,AI Max,None,loudoun decks,Deck Builder - Lovettsville,USD,0.00,0,1,0.00%,0,0.00,Search,0.00%,0.00,0.00
luxdeck,AI Max,None,loudoun decks,Deck Builder - Aldie,USD,0.00,0,1,0.00%,0,0.00,Search,0.00%,0.00,0.00
wood deck resurfacing options,AI Max,None,loudoun decks,Loudoun Decks,USD,0.00,0,1,0.00%,0,0.00,Search,0.00%,0.00,0.00
timber framing,AI Max,None,loudoun decks,Deck Builder - Ashburn,USD,0.00,0,2,0.00%,0,0.00,Search,0.00%,0.00,0.00
trex enhance basics,AI Max,None,loudoun decks,Deck Builder - Middleburg,USD,0.00,0,1,0.00%,0,0.00,Search,0.00%,0.00,0.00
sunsetter awnings near me,Broad match,None,loudoun decks,Deck Builder - Brambleton,USD,0.00,0,1,0.00%,0,0.00,Search,0.00%,0.00,0.00
fence installer,Performance Max,None,Pmax - Dec4, --,USD,0.00,0,1,0.00%,0,0.00,Performance Max,0.00%,0.00,0.00
diseños de deck,Performance Max,None,Pmax - Dec4, --,USD,0.00,0,1,0.00%,0,0.00,Performance Max,0.00%,0.00,0.00
holloway company,AI Max,None,Deck Repair - Loudoun County,Composite - Trex Repair,USD,0.00,0,1,0.00%,0,0.00,Search,0.00%,0.00,0.00
exterior stair repair,AI Max,None,Deck Repair - Loudoun County,Deck Repair - Loudoun County,USD,0.00,0,1,0.00%,0,0.00,Search,0.00%,0.00,0.00
deck over,AI Max,None,Deck Repair - Loudoun County,Deck Restoration - Refinishing,USD,0.00,0,1,0.00%,0,0.00,Search,0.00%,0.00,0.00
building trex deck,AI Max,None,Deck Repair - Loudoun County,Composite - Trex Repair,USD,0.00,0,1,0.00%,0,0.00,Search,0.00%,0.00,0.00
loudon construction,AI Max,None,Deck Repair - Loudoun County,Deck Restoration - Refinishing,USD,0.00,0,1,0.00%,0,0.00,Search,0.00%,0.00,0.00
sundek virginia,AI Max,None,Deck Repair - Loudoun County,Deck Renovation,USD,0.00,0,1,0.00%,0,0.00,Search,0.00%,0.00,0.00
concealoc,AI Max,None,Deck Repair - Loudoun County,Deck Repair - Loudoun County,USD,0.00,0,1,0.00%,0,0.00,Search,0.00%,0.00,0.00
deck repair dc,AI Max,None,Deck Repair - Loudoun County,Deck Repair - Loudoun County,USD,0.00,0,1,0.00%,0,0.00,Search,0.00%,0.00,0.00
trex transcend spiced rum,Phrase match (close variant),None,SRCH | Composite | 3 Counties | Calls,Composite Deck Cost,USD,0.00,0,1,0.00%,0,0.00,Search,0.00%,0.00,0.00
trex decks,AI Max,None,Fairfax-Search-Search - Deck Leads - VA - May 2025,Composite Decks,USD,0.00,0,1,0.00%,0,0.00,Search,0.00%,0.00,0.00
iron railings outdoor,AI Max,None,Premium Composite Decks,Ad group 1,USD,0.00,0,1,0.00%,0,0.00,Search,0.00%,0.00,0.00
timbertech classic railing,AI Max,None,Premium Composite Decks,Ad group 1,USD,0.00,0,1,0.00%,0,0.00,Search,0.00%,0.00,0.00
fairfax county deck details,AI Max,None,Premium Composite Decks,Ad group 1,USD,0.00,0,1,0.00%,0,0.00,Search,0.00%,0.00,0.00
trex vs timbertech,AI Max,None,Premium Composite Decks,Ad group 1,USD,2530.00,1,1,100.00%,2.53,2.53,Search,0.00%,0.00,0.00
ecodecks design & build,AI Max,None,Premium Composite Decks,Ad group 1,USD,0.00,0,2,0.00%,0,0.00,Search,0.00%,0.00,0.00
outdoor backyard pergola,AI Max,None,Premium Composite Decks,Ad group 1,USD,0.00,0,1,0.00%,0,0.00,Search,0.00%,0.00,0.00
deck builders in loudoun county va,AI Max,None,Premium Composite Decks,Ad group 1,USD,0.00,0,1,0.00%,0,0.00,Search,0.00%,0.00,0.00
deck and gazebo builders near me,AI Max,None,Premium Composite Decks,Ad group 1,USD,0.00,0,1,0.00%,0,0.00,Search,0.00%,0.00,0.00
deck builder,Exact match (close variant),None,Premium Composite Decks,Ad group 1,USD,677.11,1,13,7.69%,8.80,8.80,Search,0.00%,0.00,0.00
ground deck,AI Max,None,Premium Composite Decks,Ad group 1,USD,0.00,0,1,0.00%,0,0.00,Search,0.00%,0.00,0.00
trek deck,AI Max,None,Premium Composite Decks,Ad group 1,USD,0.00,0,1,0.00%,0,0.00,Search,0.00%,0.00,0.00
h&c construction design & build,AI Max,None,Premium Composite Decks,Ad group 1,USD,0.00,0,1,0.00%,0,0.00,Search,0.00%,0.00,0.00
deck repairs near me,AI Max,None,Premium Composite Decks,Ad group 1,USD,0.00,0,1,0.00%,0,0.00,Search,0.00%,0.00,0.00
pergola for deck,AI Max,None,Premium Composite Decks,Ad group 1,USD,0.00,0,1,0.00%,0,0.00,Search,0.00%,0.00,0.00
dryspace timbertech,AI Max,None,Premium Composite Decks,Ad group 1,USD,0.00,0,1,0.00%,0,0.00,Search,0.00%,0.00,0.00
who to hire to replace porch columns,Performance Max,None,PMAX cu remarketing, --,USD,0.00,0,1,0.00%,0,0.00,Performance Max,0.00%,0.00,0.00
jones deck and fence,Performance Max,None,PMAX cu remarketing, --,USD,0.00,0,10,0.00%,0,0.00,Performance Max,0.00%,0.00,0.00
front porch rebuild,Performance Max,None,PMAX cu remarketing, --,USD,0.00,0,2,0.00%,0,0.00,Performance Max,0.00%,0.00,0.00
deck decorating ideas with plants,Performance Max,None,PMAX cu remarketing, --,USD,0.00,0,1,0.00%,0,0.00,Performance Max,0.00%,0.00,0.00
basic screened in porch,Performance Max,None,PMAX cu remarketing, --,USD,0.00,0,1,0.00%,0,0.00,Performance Max,0.00%,0.00,0.00
gazebo deck,Performance Max,None,PMAX cu remarketing, --,USD,0.00,0,1,0.00%,0,0.00,Performance Max,0.00%,0.00,0.00
replace 6x6 deck post,Performance Max,None,PMAX cu remarketing, --,USD,0.00,0,1,0.00%,0,0.00,Performance Max,0.00%,0.00,0.00
how to screen in under a deck,Performance Max,None,PMAX cu remarketing, --,USD,0.00,0,1,0.00%,0,0.00,Performance Max,0.00%,0.00,0.00
how much does it cost to stain a deck,Performance Max,None,PMAX cu remarketing, --,USD,0.00,0,1,0.00%,0,0.00,Performance Max,0.00%,0.00,0.00
deck painting tips,Performance Max,None,PMAX cu remarketing, --,USD,0.00,0,1,0.00%,0,0.00,Performance Max,0.00%,0.00,0.00
building a deck for beginners,Performance Max,None,PMAX cu remarketing, --,USD,0.00,0,1,0.00%,0,0.00,Performance Max,0.00%,0.00,0.00
composite deck,Performance Max,None,PMAX cu remarketing, --,USD,0.00,0,3,0.00%,0,0.00,Performance Max,0.00%,0.00,0.00
deck construction near me,Performance Max,None,PMAX cu remarketing, --,USD,993.33,3,6,50.00%,1.99,5.96,Performance Max,0.00%,0.00,0.00
custom woodworking near me,Performance Max,None,PMAX cu remarketing, --,USD,0.00,0,1,0.00%,0,0.00,Performance Max,0.00%,0.00,0.00
wood deck with composite railing,Performance Max,None,PMAX cu remarketing, --,USD,0.00,0,1,0.00%,0,0.00,Performance Max,0.00%,0.00,0.00
handyman near me,Performance Max,None,PMAX cu remarketing, --,USD,0.00,0,1,0.00%,0,0.00,Performance Max,0.00%,0.00,0.00
deck washing near me,Performance Max,None,PMAX cu remarketing, --,USD,0.00,0,1,0.00%,0,0.00,Performance Max,0.00%,0.00,0.00
deckguru,Performance Max,None,PMAX cu remarketing, --,USD,0.00,0,4,0.00%,0,0.00,Performance Max,0.00%,0.00,0.00
sunroom near me,Performance Max,None,PMAX cu remarketing, --,USD,0.00,0,2,0.00%,0,0.00,Performance Max,0.00%,0.00,0.00
modern decks,Performance Max,None,PMAX cu remarketing, --,USD,0.00,0,5,0.00%,0,0.00,Performance Max,0.00%,0.00,0.00
trex company inc,Performance Max,None,PMAX cu remarketing, --,USD,0.00,0,1,0.00%,0,0.00,Performance Max,0.00%,0.00,0.00
prince william county building permits,Performance Max,None,PMAX cu remarketing, --,USD,0.00,0,9,0.00%,0,0.00,Performance Max,0.00%,0.00,0.00
wood epoxy deck,Performance Max,None,PMAX cu remarketing, --,USD,0.00,0,1,0.00%,0,0.00,Performance Max,0.00%,0.00,0.00
fairfax county building code requirements,Performance Max,None,PMAX cu remarketing, --,USD,0.00,0,1,0.00%,0,0.00,Performance Max,0.00%,0.00,0.00
loudoun construction,Performance Max,None,PMAX cu remarketing, --,USD,0.00,0,5,0.00%,0,0.00,Performance Max,0.00%,0.00,0.00
breaker board installation,Performance Max,None,PMAX cu remarketing, --,USD,0.00,0,1,0.00%,0,0.00,Performance Max,0.00%,0.00,0.00
pressure washing near me,Performance Max,None,PMAX cu remarketing, --,USD,0.00,0,2,0.00%,0,0.00,Performance Max,0.00%,0.00,0.00
valley deck and patio,Performance Max,None,PMAX cu remarketing, --,USD,0.00,0,1,0.00%,0,0.00,Performance Max,0.00%,0.00,0.00
how to refinish a painted wood deck,Performance Max,None,PMAX cu remarketing, --,USD,0.00,0,1,0.00%,0,0.00,Performance Max,0.00%,0.00,0.00
screening in a porch,Performance Max,None,PMAX cu remarketing, --,USD,0.00,0,2,0.00%,0,0.00,Performance Max,0.00%,0.00,0.00
deck builders,Exact match (close variant),None,loudoun decks,Deck Builder - Round Hill,USD,0.00,0,1,0.00%,0,0.00,Search,0.00%,0.00,0.00
outdoor deck,Phrase match (close variant),None,loudoun decks,Deck Builder - Brambleton,USD,0.00,0,1,0.00%,0,0.00,Search,0.00%,0.00,0.00
trex spacing between joists,AI Max,None,loudoun decks,Deck Builder - Lansdowne,USD,0.00,0,1,0.00%,0,0.00,Search,0.00%,0.00,0.00
deck stainers near me,AI Max,None,loudoun decks,Deck Builder - Lansdowne,USD,0.00,0,1,0.00%,0,0.00,Search,0.00%,0.00,0.00
outdoor deck,AI Max,None,loudoun decks,Deck Builder - Round Hill,USD,0.00,0,1,0.00%,0,0.00,Search,0.00%,0.00,0.00
teel construction,AI Max,None,loudoun decks,Loudoun Decks,USD,0.00,0,1,0.00%,0,0.00,Search,0.00%,0.00,0.00
armor fence deck & patio winchester,Performance Max,None,Pmax - Dec4, --,USD,0.00,0,2,0.00%,0,0.00,Performance Max,0.00%,0.00,0.00
mc deck and fence,Performance Max,None,Pmax - Dec4, --,USD,0.00,0,1,0.00%,0,0.00,Performance Max,0.00%,0.00,0.00
decks near me,Performance Max,None,Pmax - Dec4, --,USD,0.00,0,1,0.00%,0,0.00,Performance Max,0.00%,0.00,0.00
refinishing concrete porch,Performance Max,None,Pmax - Dec4, --,USD,0.00,0,1,0.00%,0,0.00,Performance Max,0.00%,0.00,0.00
deck builders centreville va,Broad match,None,Deck Repair - Loudoun County,Deck Renovation,USD,0.00,0,1,0.00%,0,0.00,Search,0.00%,0.00,0.00
decking for uneven ground,AI Max,None,Deck Repair - Loudoun County,Deck Repair - Loudoun County,USD,0.00,0,1,0.00%,0,0.00,Search,0.00%,0.00,0.00
outdoor deck oasis,AI Max,None,Deck Repair - Loudoun County,Deck Renovation,USD,0.00,0,1,0.00%,0,0.00,Search,0.00%,0.00,0.00
trex transcend lineage rainier,AI Max,None,Deck Repair - Loudoun County,Composite - Trex Repair,USD,0.00,0,1,0.00%,0,0.00,Search,0.00%,0.00,0.00
timbertech decking,Phrase match (close variant),None,SRCH | Composite | 3 Counties | Calls,Composite Deck Cost,USD,1033.85,2,13,15.38%,6.72,13.44,Search,50.00%,1.00,13.44
livingstone construction,AI Max,None,Fairfax-Search-Search - Deck Leads - VA - May 2025,Deck Builders Near Me,USD,0.00,0,3,0.00%,0,0.00,Search,0.00%,0.00,0.00
trex,AI Max,None,Fairfax-Search-Search - Deck Leads - VA - May 2025,Composite Decking,USD,0.00,0,2,0.00%,0,0.00,Search,0.00%,0.00,0.00
awning for deck near me,AI Max,None,Fairfax-Search-Search - Deck Leads - VA - May 2025,Deck + Patio / Outdoor Living,USD,0.00,0,1,0.00%,0,0.00,Search,0.00%,0.00,0.00
builders supply near me,AI Max,None,Premium Composite Decks,Ad group 1,USD,0.00,0,1,0.00%,0,0.00,Search,0.00%,0.00,0.00
trex select aluminum railing,AI Max,None,Premium Composite Decks,Ad group 1,USD,0.00,0,1,0.00%,0,0.00,Search,0.00%,0.00,0.00
patio overhang attached to house,AI Max,None,Premium Composite Decks,Ad group 1,USD,477.84,2,2,100.00%,0.48,0.96,Search,0.00%,0.00,0.00
tw perry locations,AI Max,None,Premium Composite Decks,Ad group 1,USD,0.00,0,1,0.00%,0,0.00,Search,0.00%,0.00,0.00
2 step deck stairs,AI Max,None,Premium Composite Decks,Ad group 1,USD,0.00,0,1,0.00%,0,0.00,Search,0.00%,0.00,0.00
timbertech composite prime+ collection,AI Max,None,Premium Composite Decks,Ad group 1,USD,0.00,0,1,0.00%,0,0.00,Search,0.00%,0.00,0.00
trex deck boards,AI Max,None,Premium Composite Decks,Ad group 1,USD,0.00,0,3,0.00%,0,0.00,Search,0.00%,0.00,0.00
cost of deck installation,AI Max,None,Premium Composite Decks,Ad group 1,USD,0.00,0,1,0.00%,0,0.00,Search,0.00%,0.00,0.00
how long does a deck last,AI Max,None,Premium Composite Decks,Ad group 1,USD,0.00,0,1,0.00%,0,0.00,Search,0.00%,0.00,0.00
advantage lumber,AI Max,None,Premium Composite Decks,Ad group 1,USD,0.00,0,3,0.00%,0,0.00,Search,0.00%,0.00,0.00
sunburst construction reviews,AI Max,None,Premium Composite Decks,Ad group 1,USD,0.00,0,2,0.00%,0,0.00,Search,0.00%,0.00,0.00
repainting deck,Performance Max,None,PMAX cu remarketing, --,USD,0.00,0,1,0.00%,0,0.00,Performance Max,0.00%,0.00,0.00
phoenix home services inc,Performance Max,None,PMAX cu remarketing, --,USD,0.00,0,1,0.00%,0,0.00,Performance Max,0.00%,0.00,0.00
potomac fences,Performance Max,None,PMAX cu remarketing, --,USD,0.00,0,2,0.00%,0,0.00,Performance Max,0.00%,0.00,0.00
how to stain a deck,Performance Max,None,PMAX cu remarketing, --,USD,0.00,0,1,0.00%,0,0.00,Performance Max,0.00%,0.00,0.00
elevated deck construction,Performance Max,None,PMAX cu remarketing, --,USD,0.00,0,1,0.00%,0,0.00,Performance Max,0.00%,0.00,0.00
deck companies near me,Performance Max,None,PMAX cu remarketing, --,USD,0.00,0,3,0.00%,0,0.00,Performance Max,0.00%,0.00,0.00
deck companies that offer financing,Performance Max,None,PMAX cu remarketing, --,USD,0.00,0,1,0.00%,0,0.00,Performance Max,0.00%,0.00,0.00
avanza landscaping,Performance Max,None,PMAX cu remarketing, --,USD,0.00,0,6,0.00%,0,0.00,Performance Max,0.00%,0.00,0.00
fairfax county deck permits,Performance Max,None,PMAX cu remarketing, --,USD,0.00,0,3,0.00%,0,0.00,Performance Max,0.00%,0.00,0.00
outdoor patio repair,Performance Max,None,PMAX cu remarketing, --,USD,11420.00,1,1,100.00%,11.42,11.42,Performance Max,0.00%,0.00,0.00
cfc fences & decks,Performance Max,None,PMAX cu remarketing, --,USD,0.00,0,2,0.00%,0,0.00,Performance Max,0.00%,0.00,0.00
timber tech,Performance Max,None,PMAX cu remarketing, --,USD,0.00,0,2,0.00%,0,0.00,Performance Max,0.00%,0.00,0.00
deck pavers,Performance Max,None,PMAX cu remarketing, --,USD,0.00,0,1,0.00%,0,0.00,Performance Max,0.00%,0.00,0.00
outdoor living supply near me,Broad match,None,loudoun decks,Deck Builder - Brambleton,USD,0.00,0,1,0.00%,0,0.00,Search,0.00%,0.00,0.00
covering a deck,Phrase match (close variant),None,loudoun decks,Deck Builder - Brambleton,USD,0.00,0,1,0.00%,0,0.00,Search,0.00%,0.00,0.00
trex flooring deck,AI Max,None,loudoun decks,Deck Builder - Middleburg,USD,0.00,0,1,0.00%,0,0.00,Search,0.00%,0.00,0.00
construction near me,AI Max,None,loudoun decks,Deck Builder - South Riding,USD,0.00,0,1,0.00%,0,0.00,Search,0.00%,0.00,0.00
decks & plus,AI Max,None,loudoun decks,Deck Builder - South Riding,USD,0.00,0,1,0.00%,0,0.00,Search,0.00%,0.00,0.00
deck support beams,AI Max,None,loudoun decks,Deck Builder - South Riding,USD,0.00,0,1,0.00%,0,0.00,Search,0.00%,0.00,0.00
tsg construction,Broad match,None,loudoun decks,Deck Builder - Brambleton,USD,0.00,0,1,0.00%,0,0.00,Search,0.00%,0.00,0.00
deck capping,AI Max,None,loudoun decks,Deck Builder - Leesburg,USD,0.00,0,1,0.00%,0,0.00,Search,0.00%,0.00,0.00
outdoor structures for backyard,Broad match,None,loudoun decks,Deck Builder - Brambleton,USD,0.00,0,1,0.00%,0,0.00,Search,0.00%,0.00,0.00
deck max,Performance Max,None,Pmax - Dec4, --,USD,0.00,0,1,0.00%,0,0.00,Performance Max,0.00%,0.00,0.00
contractor near me,Performance Max,None,Pmax - Dec4, --,USD,0.00,0,1,0.00%,0,0.00,Performance Max,0.00%,0.00,0.00
patio systems inc,Performance Max,None,Pmax - Dec4, --,USD,0.00,0,4,0.00%,0,0.00,Performance Max,0.00%,0.00,0.00
contractor,AI Max,None,Deck Repair - Loudoun County,Deck Repair - Loudoun County,USD,0.00,0,4,0.00%,0,0.00,Search,0.00%,0.00,0.00
what is the best deck material,Broad match,None,Deck Repair - Loudoun County,Deck Replacement,USD,0.00,0,1,0.00%,0,0.00,Search,0.00%,0.00,0.00
carpentry,Broad match,None,Deck Repair - Loudoun County,Deck Replacement,USD,0.00,0,1,0.00%,0,0.00,Search,0.00%,0.00,0.00
decks and docks,AI Max,None,Deck Repair - Loudoun County,Deck Repair - Loudoun County,USD,0.00,0,3,0.00%,0,0.00,Search,0.00%,0.00,0.00
retractable awning company near me,AI Max,None,Fairfax-Search-Search - Deck Leads - VA - May 2025,Deck + Patio / Outdoor Living,USD,0.00,0,1,0.00%,0,0.00,Search,0.00%,0.00,0.00
rendon remodeling & design llc,AI Max,None,Fairfax-Search-Search - Deck Leads - VA - May 2025,Deck Builders Near Me,USD,0.00,0,1,0.00%,0,0.00,Search,0.00%,0.00,0.00
design pro remodeling,AI Max,None,Premium Composite Decks,Ad group 1,USD,0.00,0,1,0.00%,0,0.00,Search,0.00%,0.00,0.00
boxed deck stairs,AI Max,None,Premium Composite Decks,Ad group 1,USD,0.00,0,1,0.00%,0,0.00,Search,0.00%,0.00,0.00
deck replacement cost,AI Max,None,Premium Composite Decks,Ad group 1,USD,0.00,0,3,0.00%,0,0.00,Search,0.00%,0.00,0.00
sj construction,AI Max,None,Premium Composite Decks,Ad group 1,USD,0.00,0,2,0.00%,0,0.00,Search,0.00%,0.00,0.00
deckman reviews,AI Max,None,Premium Composite Decks,Ad group 1,USD,0.00,0,4,0.00%,0,0.00,Search,0.00%,0.00,0.00
pro deck construction,AI Max,None,Premium Composite Decks,Ad group 1,USD,0.00,0,2,0.00%,0,0.00,Search,0.00%,0.00,0.00
lowe's lumber yard near me,AI Max,None,Premium Composite Decks,Ad group 1,USD,0.00,0,1,0.00%,0,0.00,Search,0.00%,0.00,0.00
abc building supply manassas va,AI Max,None,Premium Composite Decks,Ad group 1,USD,0.00,0,1,0.00%,0,0.00,Search,0.00%,0.00,0.00
trex landing,AI Max,None,Premium Composite Decks,Ad group 1,USD,0.00,0,1,0.00%,0,0.00,Search,0.00%,0.00,0.00
red oak construction,AI Max,None,Premium Composite Decks,Ad group 1,USD,0.00,0,1,0.00%,0,0.00,Search,0.00%,0.00,0.00
build a deck on the ground,AI Max,None,Premium Composite Decks,Ad group 1,USD,0.00,0,1,0.00%,0,0.00,Search,0.00%,0.00,0.00
84 lumber composite decking,AI Max,None,Premium Composite Decks,Ad group 1,USD,0.00,0,1,0.00%,0,0.00,Search,0.00%,0.00,0.00
construction washington dc,AI Max,None,Premium Composite Decks,Ad group 1,USD,0.00,0,4,0.00%,0,0.00,Search,0.00%,0.00,0.00
deckscapes reviews,Performance Max,None,PMAX cu remarketing, --,USD,0.00,0,1,0.00%,0,0.00,Performance Max,0.00%,0.00,0.00
structural contractors near me,Performance Max,None,PMAX cu remarketing, --,USD,0.00,0,1,0.00%,0,0.00,Performance Max,0.00%,0.00,0.00
how much does the average deck cost,Performance Max,None,PMAX cu remarketing, --,USD,0.00,0,1,0.00%,0,0.00,Performance Max,0.00%,0.00,0.00
front porch restoration,Performance Max,None,PMAX cu remarketing, --,USD,0.00,0,1,0.00%,0,0.00,Performance Max,0.00%,0.00,0.00
phoenix fencing,Performance Max,None,PMAX cu remarketing, --,USD,0.00,0,1,0.00%,0,0.00,Performance Max,0.00%,0.00,0.00
how to build a 10x10 deck,Performance Max,None,PMAX cu remarketing, --,USD,0.00,0,2,0.00%,0,0.00,Performance Max,0.00%,0.00,0.00
abm front porch,Performance Max,None,PMAX cu remarketing, --,USD,0.00,0,2,0.00%,0,0.00,Performance Max,0.00%,0.00,0.00
trex deck installers near me,Performance Max,None,PMAX cu remarketing, --,USD,0.00,0,1,0.00%,0,0.00,Performance Max,0.00%,0.00,0.00
deck doctor,Performance Max,None,PMAX cu remarketing, --,USD,0.00,0,1,0.00%,0,0.00,Performance Max,0.00%,0.00,0.00
bt grey and associates,Performance Max,None,PMAX cu remarketing, --,USD,0.00,0,1,0.00%,0,0.00,Performance Max,0.00%,0.00,0.00
pvc patio railing,Performance Max,None,PMAX cu remarketing, --,USD,0.00,0,1,0.00%,0,0.00,Performance Max,0.00%,0.00,0.00
maclane power washing,Performance Max,None,PMAX cu remarketing, --,USD,0.00,0,1,0.00%,0,0.00,Performance Max,0.00%,0.00,0.00
patio and landscaping companies near me,Performance Max,None,PMAX cu remarketing, --,USD,0.00,0,1,0.00%,0,0.00,Performance Max,0.00%,0.00,0.00
deck cleaner trex,Performance Max,None,PMAX cu remarketing, --,USD,0.00,0,2,0.00%,0,0.00,Performance Max,0.00%,0.00,0.00
screened patio,Performance Max,None,PMAX cu remarketing, --,USD,0.00,0,2,0.00%,0,0.00,Performance Max,0.00%,0.00,0.00
how to build composite deck,Performance Max,None,PMAX cu remarketing, --,USD,0.00,0,1,0.00%,0,0.00,Performance Max,0.00%,0.00,0.00
fence companies northern virginia,Performance Max,None,PMAX cu remarketing, --,USD,0.00,0,1,0.00%,0,0.00,Performance Max,0.00%,0.00,0.00
austin front porch,Performance Max,None,PMAX cu remarketing, --,USD,0.00,0,1,0.00%,0,0.00,Performance Max,0.00%,0.00,0.00
decks cheap,Performance Max,None,PMAX cu remarketing, --,USD,0.00,0,1,0.00%,0,0.00,Performance Max,0.00%,0.00,0.00
powerhouse remodeling,AI Max,None,loudoun decks,Deck Builder - South Riding,USD,0.00,0,1,0.00%,0,0.00,Search,0.00%,0.00,0.00
wooden structure over patio,Broad match,None,loudoun decks,Deck Builder - Brambleton,USD,0.00,0,1,0.00%,0,0.00,Search,0.00%,0.00,0.00
american deck and patio bethesda,Broad match,None,loudoun decks,Deck Builder - Brambleton,USD,0.00,0,1,0.00%,0,0.00,Search,0.00%,0.00,0.00
distinctive decks,AI Max,None,loudoun decks,Deck Builder - Round Hill,USD,0.00,0,1,0.00%,0,0.00,Search,0.00%,0.00,0.00
hai joe,AI Max,None,loudoun decks,Loudoun Decks,USD,0.00,0,1,0.00%,0,0.00,Search,0.00%,0.00,0.00
cassella design and build,AI Max,None,loudoun decks,Deck Builder - Middleburg,USD,0.00,0,1,0.00%,0,0.00,Search,0.00%,0.00,0.00
precision deck builders,Broad match,None,loudoun decks,Deck Builder - Brambleton,USD,0.00,0,1,0.00%,0,0.00,Search,0.00%,0.00,0.00
pergolux installation,AI Max,None,loudoun decks,Deck Builder - South Riding,USD,0.00,0,1,0.00%,0,0.00,Search,0.00%,0.00,0.00
best outdoor deck material,AI Max,None,loudoun decks,Deck Builder - Round Hill,USD,0.00,0,1,0.00%,0,0.00,Search,0.00%,0.00,0.00
foxterra design,Broad match,None,loudoun decks,Deck Builder - Brambleton,USD,0.00,0,1,0.00%,0,0.00,Search,0.00%,0.00,0.00
loudoun decks,AI Max,None,loudoun decks,Deck Builder - Lansdowne,USD,7220.00,1,1,100.00%,7.22,7.22,Search,0.00%,0.00,0.00
deck painter near me,Performance Max,None,Pmax - Dec4, --,USD,0.00,0,1,0.00%,0,0.00,Performance Max,0.00%,0.00,0.00
deckrite,Performance Max,None,Pmax - Dec4, --,USD,0.00,0,1,0.00%,0,0.00,Performance Max,0.00%,0.00,0.00
trex colors,Performance Max,None,Pmax - Dec4, --,USD,0.00,0,1,0.00%,0,0.00,Performance Max,0.00%,0.00,0.00
deck board removal,Performance Max,None,Pmax - Dec4, --,USD,0.00,0,1,0.00%,0,0.00,Performance Max,0.00%,0.00,0.00
house pressure washing near me,Performance Max,None,Pmax - Dec4, --,USD,0.00,0,1,0.00%,0,0.00,Performance Max,0.00%,0.00,0.00
trex cocktail rail,AI Max,None,Deck Repair - Loudoun County,Deck Replacement,USD,0.00,0,1,0.00%,0,0.00,Search,0.00%,0.00,0.00
composite deck construction,AI Max,None,Deck Repair - Loudoun County,Deck Replacement,USD,0.00,0,1,0.00%,0,0.00,Search,0.00%,0.00,0.00
deck tiles over wood deck,AI Max,None,Deck Repair - Loudoun County,Composite - Trex Repair,USD,0.00,0,1,0.00%,0,0.00,Search,0.00%,0.00,0.00
trex company inc,AI Max,None,Deck Repair - Loudoun County,Composite - Trex Repair,USD,0.00,0,2,0.00%,0,0.00,Search,0.00%,0.00,0.00
basic deck construction,AI Max,None,Deck Repair - Loudoun County,Deck Repair - Loudoun County,USD,0.00,0,1,0.00%,0,0.00,Search,0.00%,0.00,0.00
deck joists,AI Max,None,Deck Repair - Loudoun County,Deck Replacement,USD,0.00,0,2,0.00%,0,0.00,Search,0.00%,0.00,0.00
extending a deck,AI Max,None,Deck Repair - Loudoun County,Deck Replacement,USD,0.00,0,2,0.00%,0,0.00,Search,0.00%,0.00,0.00
trex select composite deck board,Phrase match (close variant),None,SRCH | Composite | 3 Counties | Calls,Composite Deck Cost,USD,0.00,0,1,0.00%,0,0.00,Search,0.00%,0.00,0.00
american deck and patio,AI Max,None,Fairfax-Search-Search - Deck Leads - VA - May 2025,Deck Builders Near Me,USD,0.00,0,1,0.00%,0,0.00,Search,0.00%,0.00,0.00
fairfax county typical deck details,AI Max,None,Fairfax-Search-Search - Deck Leads - VA - May 2025,Composite Decking,USD,0.00,0,1,0.00%,0,0.00,Search,0.00%,0.00,0.00
mark meredith llc,AI Max,None,Fairfax-Search-Search - Deck Leads - VA - May 2025,Deck Builders Near Me,USD,0.00,0,1,0.00%,0,0.00,Search,0.00%,0.00,0.00
mark anthony construction,AI Max,None,Premium Composite Decks,Ad group 1,USD,0.00,0,1,0.00%,0,0.00,Search,0.00%,0.00,0.00
deck resurfacing near me,AI Max,None,Premium Composite Decks,Ad group 1,USD,0.00,0,10,0.00%,0,0.00,Search,0.00%,0.00,0.00
custom home builders near me,AI Max,None,Premium Composite Decks,Ad group 1,USD,0.00,0,1,0.00%,0,0.00,Search,0.00%,0.00,0.00
porch beam,AI Max,None,Premium Composite Decks,Ad group 1,USD,3860.00,1,2,50.00%,7.72,7.72,Search,0.00%,0.00,0.00
floor decking outdoor,AI Max,None,Premium Composite Decks,Ad group 1,USD,0.00,0,1,0.00%,0,0.00,Search,0.00%,0.00,0.00
architect for deck,AI Max,None,Premium Composite Decks,Ad group 1,USD,0.00,0,1,0.00%,0,0.00,Search,0.00%,0.00,0.00
screened porch images,AI Max,None,Premium Composite Decks,Ad group 1,USD,0.00,0,1,0.00%,0,0.00,Search,0.00%,0.00,0.00
trex railing with cocktail rail,AI Max,None,Premium Composite Decks,Ad group 1,USD,0.00,0,1,0.00%,0,0.00,Search,0.00%,0.00,0.00
ned's deck,Performance Max,None,PMAX cu remarketing, --,USD,0.00,0,1,0.00%,0,0.00,Performance Max,0.00%,0.00,0.00
best deck boards,Performance Max,None,PMAX cu remarketing, --,USD,0.00,0,1,0.00%,0,0.00,Performance Max,0.00%,0.00,0.00
battlefield decks and patios,Performance Max,None,PMAX cu remarketing, --,USD,0.00,0,24,0.00%,0,0.00,Performance Max,0.00%,0.00,0.00
tamko evergrain composite decking,Performance Max,None,PMAX cu remarketing, --,USD,0.00,0,1,0.00%,0,0.00,Performance Max,0.00%,0.00,0.00
building a 20x20 deck,Performance Max,None,PMAX cu remarketing, --,USD,0.00,0,1,0.00%,0,0.00,Performance Max,0.00%,0.00,0.00
nova fence company,Performance Max,None,PMAX cu remarketing, --,USD,0.00,0,1,0.00%,0,0.00,Performance Max,0.00%,0.00,0.00
alexandria landscaping,Performance Max,None,PMAX cu remarketing, --,USD,0.00,0,1,0.00%,0,0.00,Performance Max,0.00%,0.00,0.00
washing siding,Performance Max,None,PMAX cu remarketing, --,USD,0.00,0,1,0.00%,0,0.00,Performance Max,0.00%,0.00,0.00
how to rescreen a porch,Performance Max,None,PMAX cu remarketing, --,USD,0.00,0,1,0.00%,0,0.00,Performance Max,0.00%,0.00,0.00
stamped concrete patio ideas,Performance Max,None,PMAX cu remarketing, --,USD,0.00,0,1,0.00%,0,0.00,Performance Max,0.00%,0.00,0.00
reliable rails,Performance Max,None,PMAX cu remarketing, --,USD,4374.00,1,5,20.00%,21.87,21.87,Performance Max,0.00%,0.00,0.00
prodeck construction,Performance Max,None,PMAX cu remarketing, --,USD,0.00,0,5,0.00%,0,0.00,Performance Max,0.00%,0.00,0.00
harmony outdoors,Performance Max,None,PMAX cu remarketing, --,USD,0.00,0,4,0.00%,0,0.00,Performance Max,0.00%,0.00,0.00
landscape companies near me,Performance Max,None,PMAX cu remarketing, --,USD,0.00,0,1,0.00%,0,0.00,Performance Max,0.00%,0.00,0.00
best landscapers near me,Performance Max,None,PMAX cu remarketing, --,USD,0.00,0,2,0.00%,0,0.00,Performance Max,0.00%,0.00,0.00
american deck inc,Performance Max,None,PMAX cu remarketing, --,USD,0.00,0,2,0.00%,0,0.00,Performance Max,0.00%,0.00,0.00
backyard renovation ideas,Performance Max,None,PMAX cu remarketing, --,USD,0.00,0,1,0.00%,0,0.00,Performance Max,0.00%,0.00,0.00
hardscape,Performance Max,None,PMAX cu remarketing, --,USD,0.00,0,2,0.00%,0,0.00,Performance Max,0.00%,0.00,0.00
trex installation,AI Max,None,loudoun decks,Deck Builder - Broadlands,USD,0.00,0,1,0.00%,0,0.00,Search,0.00%,0.00,0.00
deck builder near me,Exact match,Added,loudoun decks,Deck Builder - Aldie,USD,0.00,0,1,0.00%,0,0.00,Search,0.00%,0.00,0.00
trex showroom near me,Phrase match (close variant),None,loudoun decks,Deck Builder - Brambleton,USD,0.00,0,1,0.00%,0,0.00,Search,0.00%,0.00,0.00
electric awnings for decks,Broad match,None,loudoun decks,Deck Builder - Brambleton,USD,0.00,0,1,0.00%,0,0.00,Search,0.00%,0.00,0.00
b&m outdoor services,Broad match,None,loudoun decks,Deck Builder - Brambleton,USD,0.00,0,1,0.00%,0,0.00,Search,0.00%,0.00,0.00
deck builders,Exact match (close variant),None,loudoun decks,Deck Builder - Middleburg,USD,0.00,0,2,0.00%,0,0.00,Search,0.00%,0.00,0.00
outdoor patio design,Performance Max,None,Pmax - Dec4, --,USD,0.00,0,1,0.00%,0,0.00,Performance Max,0.00%,0.00,0.00
deck pro,Performance Max,None,Pmax - Dec4, --,USD,0.00,0,1,0.00%,0,0.00,Performance Max,0.00%,0.00,0.00
deck supplies,Performance Max,None,Pmax - Dec4, --,USD,1920.00,1,1,100.00%,1.92,1.92,Performance Max,0.00%,0.00,0.00
fencing contractors near me prices,Performance Max,None,Pmax - Dec4, --,USD,0.00,0,2,0.00%,0,0.00,Performance Max,0.00%,0.00,0.00
patioslife,Performance Max,None,Pmax - Dec4, --,USD,0.00,0,1,0.00%,0,0.00,Performance Max,0.00%,0.00,0.00
virginia decks,Broad match,None,Deck Repair - Loudoun County,Deck Renovation,USD,0.00,0,1,0.00%,0,0.00,Search,0.00%,0.00,0.00
hatteras trex decking,AI Max,None,Deck Repair - Loudoun County,Composite - Trex Repair,USD,0.00,0,2,0.00%,0,0.00,Search,0.00%,0.00,0.00
excellent exteriors va,AI Max,None,Deck Repair - Loudoun County,Deck Repair - Loudoun County,USD,0.00,0,1,0.00%,0,0.00,Search,0.00%,0.00,0.00
deck building,AI Max,None,Deck Repair - Loudoun County,Deck Repair - Loudoun County,USD,0.00,0,2,0.00%,0,0.00,Search,0.00%,0.00,0.00
deck contractor,Exact match (close variant),None,Deck Repair - Loudoun County,Deck Replacement,USD,0.00,0,3,0.00%,0,0.00,Search,0.00%,0.00,0.00
archadeck,AI Max,None,Deck Repair - Loudoun County,Deck Repair - Loudoun County,USD,0.00,0,3,0.00%,0,0.00,Search,0.00%,0.00,0.00
atlantic deck,AI Max,None,Deck Repair - Loudoun County,Deck Repair - Loudoun County,USD,0.00,0,1,0.00%,0,0.00,Search,0.00%,0.00,0.00
cornerstone deck company,AI Max,None,Fairfax-Search-Search - Deck Leads - VA - May 2025,Composite Decking,USD,0.00,0,1,0.00%,0,0.00,Search,0.00%,0.00,0.00
decks vienna va,Exact match (close variant),None,Fairfax-Search-Search - Deck Leads - VA - May 2025,Deck Builders Near Me,USD,17220.00,1,1,100.00%,17.22,17.22,Search,0.00%,0.00,0.00
design and build,AI Max,None,Fairfax-Search-Search - Deck Leads - VA - May 2025,Deck Builders Near Me,USD,0.00,0,1,0.00%,0,0.00,Search,0.00%,0.00,0.00
outdoor solutions,AI Max,None,Fairfax-Search-Search - Deck Leads - VA - May 2025,Deck + Patio / Outdoor Living,USD,0.00,0,1,0.00%,0,0.00,Search,0.00%,0.00,0.00
t w perry springfield,AI Max,None,Premium Composite Decks,Ad group 1,USD,0.00,0,3,0.00%,0,0.00,Search,0.00%,0.00,0.00
decks & docks photos,AI Max,None,Premium Composite Decks,Ad group 1,USD,0.00,0,1,0.00%,0,0.00,Search,0.00%,0.00,0.00
custom made pergola,AI Max,None,Premium Composite Decks,Ad group 1,USD,0.00,0,1,0.00%,0,0.00,Search,0.00%,0.00,0.00
constructions,AI Max,None,Premium Composite Decks,Ad group 1,USD,0.00,0,1,0.00%,0,0.00,Search,0.00%,0.00,0.00
covered porch,AI Max,None,Premium Composite Decks,Ad group 1,USD,0.00,0,1,0.00%,0,0.00,Search,0.00%,0.00,0.00
azek pvc,AI Max,None,Premium Composite Decks,Ad group 1,USD,0.00,0,1,0.00%,0,0.00,Search,0.00%,0.00,0.00
deck 20,AI Max,None,Premium Composite Decks,Ad group 1,USD,0.00,0,1,0.00%,0,0.00,Search,0.00%,0.00,0.00
how many deck boards do i need for a 12x12 deck,AI Max,None,Premium Composite Decks,Ad group 1,USD,0.00,0,1,0.00%,0,0.00,Search,0.00%,0.00,0.00
construction companies near me,AI Max,None,Premium Composite Decks,Ad group 1,USD,814.44,1,9,11.11%,7.33,7.33,Search,0.00%,0.00,0.00
solid construction inc,AI Max,None,Premium Composite Decks,Ad group 1,USD,0.00,0,1,0.00%,0,0.00,Search,0.00%,0.00,0.00
american custom contractors reviews,AI Max,None,Premium Composite Decks,Ad group 1,USD,0.00,0,1,0.00%,0,0.00,Search,0.00%,0.00,0.00
decking companies near me,Exact match (close variant),None,Premium Composite Decks,Ad group 1,USD,598.77,1,3,33.33%,1.80,1.80,Search,0.00%,0.00,0.00
outdoor living company,AI Max,None,Premium Composite Decks,Ad group 1,USD,0.00,0,1,0.00%,0,0.00,Search,0.00%,0.00,0.00
entry door companies near me,Performance Max,None,PMAX cu remarketing, --,USD,0.00,0,1,0.00%,0,0.00,Performance Max,0.00%,0.00,0.00
side porch,Performance Max,None,PMAX cu remarketing, --,USD,0.00,0,3,0.00%,0,0.00,Performance Max,0.00%,0.00,0.00
composite deck tiles pros and cons,Performance Max,None,PMAX cu remarketing, --,USD,0.00,0,1,0.00%,0,0.00,Performance Max,0.00%,0.00,0.00
deck cleaning vienna va,Performance Max,None,PMAX cu remarketing, --,USD,0.00,0,2,0.00%,0,0.00,Performance Max,0.00%,0.00,0.00
wood patio,Performance Max,None,PMAX cu remarketing, --,USD,0.00,0,3,0.00%,0,0.00,Performance Max,0.00%,0.00,0.00
hardscape near me,Performance Max,None,PMAX cu remarketing, --,USD,0.00,0,1,0.00%,0,0.00,Performance Max,0.00%,0.00,0.00
deck building codes,Performance Max,None,PMAX cu remarketing, --,USD,0.00,0,1,0.00%,0,0.00,Performance Max,0.00%,0.00,0.00
nova stone ashburn va,Performance Max,None,PMAX cu remarketing, --,USD,0.00,0,1,0.00%,0,0.00,Performance Max,0.00%,0.00,0.00
porch deck,Performance Max,None,PMAX cu remarketing, --,USD,0.00,0,1,0.00%,0,0.00,Performance Max,0.00%,0.00,0.00
waterproof under deck ceiling,Performance Max,None,PMAX cu remarketing, --,USD,0.00,0,1,0.00%,0,0.00,Performance Max,0.00%,0.00,0.00
how to replace deck beams,Performance Max,None,PMAX cu remarketing, --,USD,0.00,0,1,0.00%,0,0.00,Performance Max,0.00%,0.00,0.00
deck material,AI Max,None,loudoun decks,Deck Builder - Broadlands,USD,0.00,0,1,0.00%,0,0.00,Search,0.00%,0.00,0.00
bl jenkins construction,AI Max,None,loudoun decks,Deck Builder - Stone Ridge,USD,0.00,0,1,0.00%,0,0.00,Search,0.00%,0.00,0.00
deck builder,Exact match (close variant),Added,loudoun decks,Loudoun Decks,USD,0.00,0,1,0.00%,0,0.00,Search,0.00%,0.00,0.00
decks,AI Max,None,loudoun decks,Deck Builder - Leesburg,USD,0.00,0,2,0.00%,0,0.00,Search,0.00%,0.00,0.00
decks,Broad match,None,loudoun decks,Deck Builder - Brambleton,USD,0.00,0,10,0.00%,0,0.00,Search,0.00%,0.00,0.00
ipe wood decks,AI Max,None,loudoun decks,Deck Builder - South Riding,USD,0.00,0,1,0.00%,0,0.00,Search,0.00%,0.00,0.00
outdoor handrails for concrete steps,Broad match,None,loudoun decks,Deck Builder - Brambleton,USD,0.00,0,1,0.00%,0,0.00,Search,0.00%,0.00,0.00
salzano custom concrete,Broad match,None,loudoun decks,Deck Builder - Brambleton,USD,0.00,0,1,0.00%,0,0.00,Search,0.00%,0.00,0.00
deck solutions,Exact match (close variant),None,loudoun decks,Deck Builder - Brambleton,USD,0.00,0,1,0.00%,0,0.00,Search,0.00%,0.00,0.00
truedecks,AI Max,None,loudoun decks,Deck Builder - Middleburg,USD,0.00,0,2,0.00%,0,0.00,Search,0.00%,0.00,0.00
handymen near me,AI Max,None,loudoun decks,Deck Builder - Middleburg,USD,0.00,0,1,0.00%,0,0.00,Search,0.00%,0.00,0.00
builders fence company,Performance Max,None,Pmax - Dec4, --,USD,0.00,0,2,0.00%,0,0.00,Performance Max,0.00%,0.00,0.00
covered decks,Performance Max,None,Pmax - Dec4, --,USD,0.00,0,1,0.00%,0,0.00,Performance Max,0.00%,0.00,0.00
deck design,Performance Max,None,Pmax - Dec4, --,USD,1300.00,1,1,100.00%,1.30,1.30,Performance Max,0.00%,0.00,0.00
deck restoration,Performance Max,None,Pmax - Dec4, --,USD,0.00,0,3,0.00%,0,0.00,Performance Max,0.00%,0.00,0.00
deck refinishing near me,Exact match,Added,Deck Repair - Loudoun County,Deck Restoration - Refinishing,USD,0.00,0,1,0.00%,0,0.00,Search,0.00%,0.00,0.00
timbertech tropical,AI Max,None,Deck Repair - Loudoun County,Deck Replacement,USD,5500.00,1,1,100.00%,5.50,5.50,Search,0.00%,0.00,0.00
ground level deck building,AI Max,None,Deck Repair - Loudoun County,Deck Repair - Loudoun County,USD,0.00,0,1,0.00%,0,0.00,Search,0.00%,0.00,0.00
decorator decking,AI Max,None,Deck Repair - Loudoun County,Deck Renovation,USD,0.00,0,1,0.00%,0,0.00,Search,0.00%,0.00,0.00
paver patio design,AI Max,None,Fairfax-Search-Search - Deck Leads - VA - May 2025,Deck + Patio / Outdoor Living,USD,0.00,0,2,0.00%,0,0.00,Search,0.00%,0.00,0.00
fiberon decking,AI Max,None,Fairfax-Search-Search - Deck Leads - VA - May 2025,Deck + Patio / Outdoor Living,USD,0.00,0,2,0.00%,0,0.00,Search,0.00%,0.00,0.00
patio kingdom near me,AI Max,None,Fairfax-Search-Search - Deck Leads - VA - May 2025,Deck + Patio / Outdoor Living,USD,0.00,0,1,0.00%,0,0.00,Search,0.00%,0.00,0.00
patio deck builders near me,Phrase match (close variant),None,SRCH | Replacement + Resurfacing | 3 Counties | Calls,Deck Replacement,USD,0.00,0,1,0.00%,0,0.00,Search,0.00%,0.00,0.00
timbertech vs trex,AI Max,None,Premium Composite Decks,Ad group 1,USD,0.00,0,7,0.00%,0,0.00,Search,0.00%,0.00,0.00
trex toasted sand decking,AI Max,None,Premium Composite Decks,Ad group 1,USD,0.00,0,1,0.00%,0,0.00,Search,0.00%,0.00,0.00
edmond decks,AI Max,None,Premium Composite Decks,Ad group 1,USD,0.00,0,2,0.00%,0,0.00,Search,0.00%,0.00,0.00
patio design,AI Max,None,Premium Composite Decks,Ad group 1,USD,0.00,0,3,0.00%,0,0.00,Search,0.00%,0.00,0.00
pergola with roof attached to house,AI Max,None,Premium Composite Decks,Ad group 1,USD,0.00,0,1,0.00%,0,0.00,Search,0.00%,0.00,0.00
contractor in my area,AI Max,None,Premium Composite Decks,Ad group 1,USD,9260.00,1,1,100.00%,9.26,9.26,Search,0.00%,0.00,0.00
build on your lot virginia,AI Max,None,Premium Composite Decks,Ad group 1,USD,0.00,0,2,0.00%,0,0.00,Search,0.00%,0.00,0.00
deck contractors near me,Exact match (close variant),None,Premium Composite Decks,Ad group 1,USD,0.00,0,19,0.00%,0,0.00,Search,0.00%,0.00,0.00
deck installation cost,AI Max,None,Premium Composite Decks,Ad group 1,USD,1850.00,1,1,100.00%,1.85,1.85,Search,0.00%,0.00,0.00
exterior outdoor panels,AI Max,None,Premium Composite Decks,Ad group 1,USD,389.01,1,1,100.00%,0.39,0.39,Search,0.00%,0.00,0.00
deckbusters,AI Max,None,Premium Composite Decks,Ad group 1,USD,0.00,0,1,0.00%,0,0.00,Search,0.00%,0.00,0.00
how much to add a porch to a house,Performance Max,None,PMAX cu remarketing, --,USD,0.00,0,1,0.00%,0,0.00,Performance Max,0.00%,0.00,0.00
pergolas near me,Performance Max,None,PMAX cu remarketing, --,USD,0.00,0,1,0.00%,0,0.00,Performance Max,0.00%,0.00,0.00
atlantis design and build,Performance Max,None,PMAX cu remarketing, --,USD,1056.67,1,3,33.33%,3.17,3.17,Performance Max,0.00%,0.00,0.00
deck bracing,Performance Max,None,PMAX cu remarketing, --,USD,0.00,0,1,0.00%,0,0.00,Performance Max,0.00%,0.00,0.00
best deck contractors near me,Performance Max,None,PMAX cu remarketing, --,USD,0.00,0,1,0.00%,0,0.00,Performance Max,0.00%,0.00,0.00
eastern deck and concrete,Performance Max,None,PMAX cu remarketing, --,USD,0.00,0,1,0.00%,0,0.00,Performance Max,0.00%,0.00,0.00
true deck,Performance Max,None,PMAX cu remarketing, --,USD,0.00,0,4,0.00%,0,0.00,Performance Max,0.00%,0.00,0.00
resurfacing pool deck,Performance Max,None,PMAX cu remarketing, --,USD,0.00,0,1,0.00%,0,0.00,Performance Max,0.00%,0.00,0.00
trex near me,Performance Max,None,PMAX cu remarketing, --,USD,0.00,0,4,0.00%,0,0.00,Performance Max,0.00%,0.00,0.00
pressure washing washington dc,Performance Max,None,PMAX cu remarketing, --,USD,0.00,0,2,0.00%,0,0.00,Performance Max,0.00%,0.00,0.00
deck,Performance Max,None,PMAX cu remarketing, --,USD,0.00,0,34,0.00%,0,0.00,Performance Max,0.00%,0.00,0.00
washington dc fencing,Performance Max,None,PMAX cu remarketing, --,USD,0.00,0,1,0.00%,0,0.00,Performance Max,0.00%,0.00,0.00
insta deck system,Performance Max,None,PMAX cu remarketing, --,USD,0.00,0,3,0.00%,0,0.00,Performance Max,0.00%,0.00,0.00
covered patio,Performance Max,None,PMAX cu remarketing, --,USD,0.00,0,1,0.00%,0,0.00,Performance Max,0.00%,0.00,0.00
elite decks & patios,Performance Max,None,PMAX cu remarketing, --,USD,0.00,0,1,0.00%,0,0.00,Performance Max,0.00%,0.00,0.00
deck wood replacement,Performance Max,None,PMAX cu remarketing, --,USD,0.00,0,2,0.00%,0,0.00,Performance Max,0.00%,0.00,0.00
wood deck cleaning,Performance Max,None,PMAX cu remarketing, --,USD,0.00,0,1,0.00%,0,0.00,Performance Max,0.00%,0.00,0.00
nova deck doctor,Performance Max,None,PMAX cu remarketing, --,USD,0.00,0,5,0.00%,0,0.00,Performance Max,0.00%,0.00,0.00
deck power washing services,Performance Max,None,PMAX cu remarketing, --,USD,0.00,0,1,0.00%,0,0.00,Performance Max,0.00%,0.00,0.00
lee fence company,Performance Max,None,PMAX cu remarketing, --,USD,0.00,0,2,0.00%,0,0.00,Performance Max,0.00%,0.00,0.00
deck man,Performance Max,None,PMAX cu remarketing, --,USD,0.00,0,9,0.00%,0,0.00,Performance Max,0.00%,0.00,0.00
loudoun valley floors,AI Max,None,loudoun decks,Deck Builder - Brambleton,USD,0.00,0,1,0.00%,0,0.00,Search,0.00%,0.00,0.00
min home improvement,Broad match,None,loudoun decks,Deck Builder - Brambleton,USD,0.00,0,2,0.00%,0,0.00,Search,0.00%,0.00,0.00
how much for a trex deck,AI Max,None,loudoun decks,Deck Builder - Leesburg,USD,0.00,0,1,0.00%,0,0.00,Search,0.00%,0.00,0.00
patio cover,AI Max,None,loudoun decks,Loudoun Decks,USD,0.00,0,1,0.00%,0,0.00,Search,0.00%,0.00,0.00
patio,AI Max,None,loudoun decks,Deck Builder - South Riding,USD,0.00,0,1,0.00%,0,0.00,Search,0.00%,0.00,0.00
patio covers,Broad match,None,loudoun decks,Deck Builder - Brambleton,USD,0.00,0,1,0.00%,0,0.00,Search,0.00%,0.00,0.00
deck armor,AI Max,None,loudoun decks,Loudoun Decks,USD,0.00,0,1,0.00%,0,0.00,Search,0.00%,0.00,0.00
patio shade,Broad match,None,loudoun decks,Deck Builder - Brambleton,USD,0.00,0,1,0.00%,0,0.00,Search,0.00%,0.00,0.00
washington dc deck builders,AI Max,None,loudoun decks,Deck Builder - Lovettsville,USD,0.00,0,1,0.00%,0,0.00,Search,0.00%,0.00,0.00
trex deck examples,AI Max,None,loudoun decks,Deck Builder - Aldie,USD,0.00,0,1,0.00%,0,0.00,Search,0.00%,0.00,0.00
deck sanding near me,Performance Max,None,Pmax - Dec4, --,USD,0.00,0,1,0.00%,0,0.00,Performance Max,0.00%,0.00,0.00
curb appeal designers near me,Performance Max,None,Pmax - Dec4, --,USD,0.00,0,1,0.00%,0,0.00,Performance Max,0.00%,0.00,0.00
carpenter near me for repair work,AI Max,None,Deck Repair - Loudoun County,Deck Repair - Loudoun County,USD,0.00,0,1,0.00%,0,0.00,Search,0.00%,0.00,0.00
redecking a dock,Phrase match (close variant),None,Deck Repair - Loudoun County,Deck Renovation,USD,0.00,0,1,0.00%,0,0.00,Search,0.00%,0.00,0.00
trex deck replacement cost,Exact match (close variant),None,SRCH | Composite | 3 Counties | Calls,Composite Deck Cost,USD,0.00,0,1,0.00%,0,0.00,Search,0.00%,0.00,0.00
timbertech dark roast,Phrase match (close variant),None,SRCH | Composite | 3 Counties | Calls,Composite Deck Cost,USD,0.00,0,1,0.00%,0,0.00,Search,0.00%,0.00,0.00
construccion de porche,AI Max,None,Fairfax-Search-Search - Deck Leads - VA - May 2025,Deck Builders Near Me,USD,0.00,0,1,0.00%,0,0.00,Search,0.00%,0.00,0.00
trex cocktail rail,AI Max,None,Fairfax-Search-Search - Deck Leads - VA - May 2025,Deck + Patio / Outdoor Living,USD,0.00,0,1,0.00%,0,0.00,Search,0.00%,0.00,0.00
custom home builders virginia,AI Max,None,Fairfax-Search-Search - Deck Leads - VA - May 2025,Deck Builders Near Me,USD,0.00,0,1,0.00%,0,0.00,Search,0.00%,0.00,0.00
local contractor near me,AI Max,None,Fairfax-Search-Search - Deck Leads - VA - May 2025,Composite Decking,USD,0.00,0,1,0.00%,0,0.00,Search,0.00%,0.00,0.00
mid atlantic construction,AI Max,None,Fairfax-Search-Search - Deck Leads - VA - May 2025,Deck Builders Near Me,USD,0.00,0,1,0.00%,0,0.00,Search,0.00%,0.00,0.00
trex headquarters,AI Max,None,Fairfax-Search-Search - Deck Leads - VA - May 2025,Composite Decking,USD,0.00,0,1,0.00%,0,0.00,Search,0.00%,0.00,0.00
how much does it cost to resurface a deck,Phrase match,None,SRCH | Replacement + Resurfacing | 3 Counties | Calls,Deck Resurfacing,USD,0.00,0,1,0.00%,0,0.00,Search,0.00%,0.00,0.00
how much should a deck replacement cost,Phrase match,None,SRCH | Replacement + Resurfacing | 3 Counties | Calls,Deck Replacement,USD,0.00,0,1,0.00%,0,0.00,Search,0.00%,0.00,0.00
trex deck resurfacing,AI Max,None,Premium Composite Decks,Ad group 1,USD,0.00,0,1,0.00%,0,0.00,Search,0.00%,0.00,0.00
deking,AI Max,None,Premium Composite Decks,Ad group 1,USD,0.00,0,1,0.00%,0,0.00,Search,0.00%,0.00,0.00
nova stone ashburn,AI Max,None,Premium Composite Decks,Ad group 1,USD,5937.82,1,6,16.67%,35.63,35.63,Search,0.00%,0.00,0.00
what is deck resurfacing,AI Max,None,Premium Composite Decks,Ad group 1,USD,0.00,0,2,0.00%,0,0.00,Search,0.00%,0.00,0.00
trex winchester va phone number,AI Max,None,Premium Composite Decks,Ad group 1,USD,0.00,0,1,0.00%,0,0.00,Search,0.00%,0.00,0.00
trek board,AI Max,None,Premium Composite Decks,Ad group 1,USD,0.00,0,1,0.00%,0,0.00,Search,0.00%,0.00,0.00
under deck patio,AI Max,None,Premium Composite Decks,Ad group 1,USD,0.00,0,2,0.00%,0,0.00,Search,0.00%,0.00,0.00
deck and,AI Max,None,Premium Composite Decks,Ad group 1,USD,0.00,0,1,0.00%,0,0.00,Search,0.00%,0.00,0.00
i&r construction,AI Max,None,Premium Composite Decks,Ad group 1,USD,0.00,0,1,0.00%,0,0.00,Search,0.00%,0.00,0.00
blue sky exteriors,AI Max,None,Premium Composite Decks,Ad group 1,USD,0.00,0,1,0.00%,0,0.00,Search,0.00%,0.00,0.00
simpson strong tie deck,AI Max,None,Premium Composite Decks,Ad group 1,USD,0.00,0,1,0.00%,0,0.00,Search,0.00%,0.00,0.00
deck ready,AI Max,None,Premium Composite Decks,Ad group 1,USD,0.00,0,1,0.00%,0,0.00,Search,0.00%,0.00,0.00
homedesign inc,AI Max,None,Premium Composite Decks,Ad group 1,USD,0.00,0,1,0.00%,0,0.00,Search,0.00%,0.00,0.00
24decks,Performance Max,None,PMAX cu remarketing, --,USD,0.00,0,3,0.00%,0,0.00,Performance Max,0.00%,0.00,0.00
deck repair near me,Performance Max,None,PMAX cu remarketing, --,USD,0.00,0,43,0.00%,0,0.00,Performance Max,0.00%,0.00,0.00
sunworld construction,Performance Max,None,PMAX cu remarketing, --,USD,0.00,0,2,0.00%,0,0.00,Performance Max,0.00%,0.00,0.00
landscapers in manassas va,Performance Max,None,PMAX cu remarketing, --,USD,0.00,0,1,0.00%,0,0.00,Performance Max,0.00%,0.00,0.00
fencing companies in northern virginia,Performance Max,None,PMAX cu remarketing, --,USD,0.00,0,1,0.00%,0,0.00,Performance Max,0.00%,0.00,0.00
porch contractors,Performance Max,None,PMAX cu remarketing, --,USD,0.00,0,1,0.00%,0,0.00,Performance Max,0.00%,0.00,0.00
deck refinish,Performance Max,None,PMAX cu remarketing, --,USD,0.00,0,2,0.00%,0,0.00,Performance Max,0.00%,0.00,0.00
hoa in virginia,Performance Max,None,PMAX cu remarketing, --,USD,3900.00,1,1,100.00%,3.90,3.90,Performance Max,100.00%,1.00,3.90
black star home improvement,Performance Max,None,PMAX cu remarketing, --,USD,0.00,0,4,0.00%,0,0.00,Performance Max,0.00%,0.00,0.00
how to pressure wash siding,Performance Max,None,PMAX cu remarketing, --,USD,0.00,0,1,0.00%,0,0.00,Performance Max,0.00%,0.00,0.00
wood pallet deck ideas,Performance Max,None,PMAX cu remarketing, --,USD,0.00,0,1,0.00%,0,0.00,Performance Max,0.00%,0.00,0.00
deck cleaner,Performance Max,None,PMAX cu remarketing, --,USD,0.00,0,2,0.00%,0,0.00,Performance Max,0.00%,0.00,0.00
timber tech price,Performance Max,None,PMAX cu remarketing, --,USD,0.00,0,1,0.00%,0,0.00,Performance Max,0.00%,0.00,0.00
pergola builder near me,Performance Max,None,PMAX cu remarketing, --,USD,0.00,0,1,0.00%,0,0.00,Performance Max,0.00%,0.00,0.00
barrons gaithersburg,Performance Max,None,PMAX cu remarketing, --,USD,0.00,0,1,0.00%,0,0.00,Performance Max,0.00%,0.00,0.00
deck,AI Max,None,loudoun decks,Deck Builder - Lovettsville,USD,0.00,0,1,0.00%,0,0.00,Search,0.00%,0.00,0.00
trex select pebble gray,AI Max,None,loudoun decks,Deck Builder - Aldie,USD,0.00,0,1,0.00%,0,0.00,Search,0.00%,0.00,0.00
geodeck,AI Max,None,loudoun decks,Deck Builder - Stone Ridge,USD,0.00,0,1,0.00%,0,0.00,Search,0.00%,0.00,0.00
sunspace,Broad match,None,loudoun decks,Deck Builder - Brambleton,USD,0.00,0,1,0.00%,0,0.00,Search,0.00%,0.00,0.00
best deck company near me,Exact match (close variant),None,loudoun decks,Deck Builder - Leesburg,USD,0.00,0,1,0.00%,0,0.00,Search,0.00%,0.00,0.00
calvert masonry,Broad match,None,loudoun decks,Deck Builder - Brambleton,USD,0.00,0,1,0.00%,0,0.00,Search,0.00%,0.00,0.00
pro deck installers,AI Max,None,loudoun decks,Deck Builder - Lovettsville,USD,0.00,0,1,0.00%,0,0.00,Search,0.00%,0.00,0.00
dupont decks & patios,AI Max,None,loudoun decks,Deck Builder - Broadlands,USD,0.00,0,1,0.00%,0,0.00,Search,0.00%,0.00,0.00
backyard products ashburn va,Broad match,None,loudoun decks,Deck Builder - Brambleton,USD,0.00,0,1,0.00%,0,0.00,Search,0.00%,0.00,0.00
hardscapes near me,AI Max,None,loudoun decks,Deck Builder - Middleburg,USD,0.00,0,1,0.00%,0,0.00,Search,0.00%,0.00,0.00
deck inspection,AI Max,None,loudoun decks,Deck Builder - South Riding,USD,0.00,0,1,0.00%,0,0.00,Search,0.00%,0.00,0.00
deck premium,Phrase match (close variant),None,loudoun decks,Deck Builder - Brambleton,USD,0.00,0,2,0.00%,0,0.00,Search,0.00%,0.00,0.00
see through deck,Phrase match (close variant),None,loudoun decks,Deck Builder - Brambleton,USD,0.00,0,1,0.00%,0,0.00,Search,0.00%,0.00,0.00
j and j contractors,AI Max,None,loudoun decks,Deck Builder - South Riding,USD,0.00,0,1,0.00%,0,0.00,Search,0.00%,0.00,0.00
decks loudoun county,Performance Max,None,Pmax - Dec4, --,USD,0.00,0,4,0.00%,0,0.00,Performance Max,0.00%,0.00,0.00
restaining deck,Performance Max,None,Pmax - Dec4, --,USD,0.00,0,1,0.00%,0,0.00,Performance Max,0.00%,0.00,0.00
deck contractor,Performance Max,None,Pmax - Dec4, --,USD,0.00,0,1,0.00%,0,0.00,Performance Max,0.00%,0.00,0.00
how much does a 14x20 deck cost,AI Max,None,Deck Repair - Loudoun County,Deck Repair - Loudoun County,USD,0.00,0,2,0.00%,0,0.00,Search,0.00%,0.00,0.00
scott deck,AI Max,None,Deck Repair - Loudoun County,Deck Repair - Loudoun County,USD,0.00,0,1,0.00%,0,0.00,Search,0.00%,0.00,0.00
remodelaciones de patios,AI Max,None,Deck Repair - Loudoun County,Deck Restoration - Refinishing,USD,0.00,0,1,0.00%,0,0.00,Search,0.00%,0.00,0.00
home repair near me,AI Max,None,Deck Repair - Loudoun County,Deck Repair - Loudoun County,USD,0.00,0,2,0.00%,0,0.00,Search,0.00%,0.00,0.00
see dirt run,AI Max,None,Deck Repair - Loudoun County,Deck Repair - Loudoun County,USD,25716.36,1,2,50.00%,51.43,51.43,Search,0.00%,0.00,0.00
rocky harbor trex,Phrase match (close variant),None,SRCH | Composite | 3 Counties | Calls,Composite Deck Cost,USD,0.00,0,3,0.00%,0,0.00,Search,0.00%,0.00,0.00
trex enhance saddle,Phrase match (close variant),None,SRCH | Composite | 3 Counties | Calls,Composite Deck Cost,USD,0.00,0,1,0.00%,0,0.00,Search,0.00%,0.00,0.00
trex decking near me,AI Max,None,Fairfax-Search-Search - Deck Leads - VA - May 2025,Composite Decking,USD,0.00,0,1,0.00%,0,0.00,Search,0.00%,0.00,0.00
deck replacement companies near me,AI Max,None,Fairfax-Search-Search - Deck Leads - VA - May 2025,Deck Builders Near Me,USD,0.00,0,2,0.00%,0,0.00,Search,0.00%,0.00,0.00
architect near me,AI Max,None,Fairfax-Search-Search - Deck Leads - VA - May 2025,Composite Decking,USD,0.00,0,1,0.00%,0,0.00,Search,0.00%,0.00,0.00
deck creations llc,AI Max,None,Fairfax-Search-Search - Deck Leads - VA - May 2025,Deck Builders Near Me,USD,0.00,0,1,0.00%,0,0.00,Search,0.00%,0.00,0.00
building a house in backyard,AI Max,None,Fairfax-Search-Search - Deck Leads - VA - May 2025,Deck + Patio / Outdoor Living,USD,0.00,0,1,0.00%,0,0.00,Search,0.00%,0.00,0.00
composite decking clearance sale nearby,AI Max,None,Premium Composite Decks,Ad group 1,USD,1120.00,1,1,100.00%,1.12,1.12,Search,0.00%,0.00,0.00
replace deck floor,AI Max,None,Premium Composite Decks,Ad group 1,USD,0.00,0,2,0.00%,0,0.00,Search,0.00%,0.00,0.00
covered porch roof,AI Max,None,Premium Composite Decks,Ad group 1,USD,0.00,0,1,0.00%,0,0.00,Search,0.00%,0.00,0.00
trex board,AI Max,None,Premium Composite Decks,Ad group 1,USD,0.00,0,1,0.00%,0,0.00,Search,0.00%,0.00,0.00
deck cleaning service,AI Max,None,Premium Composite Decks,Ad group 1,USD,0.00,0,1,0.00%,0,0.00,Search,0.00%,0.00,0.00
timbertech railing installation guide,AI Max,None,Premium Composite Decks,Ad group 1,USD,0.00,0,1,0.00%,0,0.00,Search,0.00%,0.00,0.00
sunburst construction,AI Max,None,Premium Composite Decks,Ad group 1,USD,0.00,0,1,0.00%,0,0.00,Search,0.00%,0.00,0.00
screened porch,AI Max,None,Premium Composite Decks,Ad group 1,USD,0.00,0,4,0.00%,0,0.00,Search,0.00%,0.00,0.00
covered deck,AI Max,None,Premium Composite Decks,Ad group 1,USD,0.00,0,1,0.00%,0,0.00,Search,0.00%,0.00,0.00
custom pergola,AI Max,None,Premium Composite Decks,Ad group 1,USD,0.00,0,1,0.00%,0,0.00,Search,0.00%,0.00,0.00
how much for trex decking,Performance Max,None,PMAX cu remarketing, --,USD,0.00,0,1,0.00%,0,0.00,Performance Max,0.00%,0.00,0.00
vanquish home services,Performance Max,None,PMAX cu remarketing, --,USD,0.00,0,4,0.00%,0,0.00,Performance Max,0.00%,0.00,0.00
power washing and deck staining near me,Performance Max,None,PMAX cu remarketing, --,USD,0.00,0,1,0.00%,0,0.00,Performance Max,0.00%,0.00,0.00
fences dc,Performance Max,None,PMAX cu remarketing, --,USD,0.00,0,1,0.00%,0,0.00,Performance Max,0.00%,0.00,0.00
how to make a screen porch,Performance Max,None,PMAX cu remarketing, --,USD,0.00,0,1,0.00%,0,0.00,Performance Max,0.00%,0.00,0.00
front porch design,Performance Max,None,PMAX cu remarketing, --,USD,0.00,0,2,0.00%,0,0.00,Performance Max,0.00%,0.00,0.00
tuff block deck,Performance Max,None,PMAX cu remarketing, --,USD,0.00,0,1,0.00%,0,0.00,Performance Max,0.00%,0.00,0.00
prince william county building permit office,Performance Max,None,PMAX cu remarketing, --,USD,0.00,0,1,0.00%,0,0.00,Performance Max,0.00%,0.00,0.00
2nd level deck ideas,Performance Max,None,PMAX cu remarketing, --,USD,0.00,0,1,0.00%,0,0.00,Performance Max,0.00%,0.00,0.00
deck porch,Performance Max,None,PMAX cu remarketing, --,USD,0.00,0,2,0.00%,0,0.00,Performance Max,0.00%,0.00,0.00
rolling suds power washing,Performance Max,None,PMAX cu remarketing, --,USD,0.00,0,1,0.00%,0,0.00,Performance Max,0.00%,0.00,0.00
best deck builders northern virginia,Performance Max,None,PMAX cu remarketing, --,USD,0.00,0,1,0.00%,0,0.00,Performance Max,0.00%,0.00,0.00
screen tight installation,Performance Max,None,PMAX cu remarketing, --,USD,0.00,0,3,0.00%,0,0.00,Performance Max,0.00%,0.00,0.00
deck privacy ideas,Performance Max,None,PMAX cu remarketing, --,USD,0.00,0,1,0.00%,0,0.00,Performance Max,0.00%,0.00,0.00
montgomery decks,Performance Max,None,PMAX cu remarketing, --,USD,0.00,0,18,0.00%,0,0.00,Performance Max,0.00%,0.00,0.00
lc contractor,AI Max,None,loudoun decks,Deck Builder - Purcellville,USD,0.00,0,1,0.00%,0,0.00,Search,0.00%,0.00,0.00
composite deck builders,Broad match,None,loudoun decks,Deck Builder - Brambleton,USD,0.00,0,1,0.00%,0,0.00,Search,0.00%,0.00,0.00
mobile home decks for sale,AI Max,None,loudoun decks,Deck Builder - Leesburg,USD,0.00,0,1,0.00%,0,0.00,Search,0.00%,0.00,0.00
deck and patio,AI Max,None,loudoun decks,Deck Builder - Broadlands,USD,0.00,0,1,0.00%,0,0.00,Search,0.00%,0.00,0.00
deck sealers near me,AI Max,None,loudoun decks,Loudoun Decks,USD,0.00,0,1,0.00%,0,0.00,Search,0.00%,0.00,0.00
best material for decks,Performance Max,None,Pmax - Dec4, --,USD,0.00,0,1,0.00%,0,0.00,Performance Max,0.00%,0.00,0.00
hardscaping near me,AI Max,None,Deck Repair - Loudoun County,Deck Repair - Loudoun County,USD,0.00,0,1,0.00%,0,0.00,Search,0.00%,0.00,0.00
trex refuge decking,AI Max,None,Deck Repair - Loudoun County,Composite - Trex Repair,USD,0.00,0,1,0.00%,0,0.00,Search,0.00%,0.00,0.00
deck repair near me near me,AI Max,None,Deck Repair - Loudoun County,Deck Restoration - Refinishing,USD,0.00,0,2,0.00%,0,0.00,Search,0.00%,0.00,0.00
installing lattice under deck,AI Max,None,Deck Repair - Loudoun County,Deck Restoration - Refinishing,USD,0.00,0,1,0.00%,0,0.00,Search,0.00%,0.00,0.00
trex 20 foot boards,Phrase match (close variant),None,SRCH | Composite | 3 Counties | Calls,Composite Deck Cost,USD,0.00,0,1,0.00%,0,0.00,Search,0.00%,0.00,0.00
stamped concrete finishing,AI Max,None,Fairfax-Search-Search - Deck Leads - VA - May 2025,Deck + Patio / Outdoor Living,USD,0.00,0,1,0.00%,0,0.00,Search,0.00%,0.00,0.00
deckstar llc,AI Max,None,Fairfax-Search-Search - Deck Leads - VA - May 2025,Deck Builders Near Me,USD,0.00,0,1,0.00%,0,0.00,Search,0.00%,0.00,0.00
redoing brick patio,AI Max,None,Fairfax-Search-Search - Deck Leads - VA - May 2025,Deck Repair & Refinishing,USD,0.00,0,1,0.00%,0,0.00,Search,0.00%,0.00,0.00
como instalar trex decking,AI Max,None,Fairfax-Search-Search - Deck Leads - VA - May 2025,Composite Decking,USD,0.00,0,1,0.00%,0,0.00,Search,0.00%,0.00,0.00
patio installation,AI Max,None,Fairfax-Search-Search - Deck Leads - VA - May 2025,Deck + Patio / Outdoor Living,USD,0.00,0,1,0.00%,0,0.00,Search,0.00%,0.00,0.00
deck washer,AI Max,None,Fairfax-Search-Search - Deck Leads - VA - May 2025,Deck Builders Near Me,USD,0.00,0,1,0.00%,0,0.00,Search,0.00%,0.00,0.00
deck design help,AI Max,None,Premium Composite Decks,Ad group 1,USD,0.00,0,1,0.00%,0,0.00,Search,0.00%,0.00,0.00
cosmo builders,AI Max,None,Premium Composite Decks,Ad group 1,USD,0.00,0,2,0.00%,0,0.00,Search,0.00%,0.00,0.00
pole barn deck,AI Max,None,Premium Composite Decks,Ad group 1,USD,0.00,0,3,0.00%,0,0.00,Search,0.00%,0.00,0.00
nova pressure washing,AI Max,None,Premium Composite Decks,Ad group 1,USD,0.00,0,1,0.00%,0,0.00,Search,0.00%,0.00,0.00
deck trellis,AI Max,None,Premium Composite Decks,Ad group 1,USD,0.00,0,1,0.00%,0,0.00,Search,0.00%,0.00,0.00
handyman services warrenton va,AI Max,None,Premium Composite Decks,Ad group 1,USD,0.00,0,1,0.00%,0,0.00,Search,0.00%,0.00,0.00
how to make deck post,AI Max,None,Premium Composite Decks,Ad group 1,USD,0.00,0,2,0.00%,0,0.00,Search,0.00%,0.00,0.00
trex decks images,AI Max,None,Premium Composite Decks,Ad group 1,USD,0.00,0,2,0.00%,0,0.00,Search,0.00%,0.00,0.00
trex spiced rum deck boards,AI Max,None,Premium Composite Decks,Ad group 1,USD,0.00,0,1,0.00%,0,0.00,Search,0.00%,0.00,0.00
trex cinnamon cove,AI Max,None,Premium Composite Decks,Ad group 1,USD,0.00,0,2,0.00%,0,0.00,Search,0.00%,0.00,0.00
blinn consulting & design inc,AI Max,None,Premium Composite Decks,Ad group 1,USD,0.00,0,2,0.00%,0,0.00,Search,0.00%,0.00,0.00
homeland contractors,AI Max,None,Premium Composite Decks,Ad group 1,USD,0.00,0,1,0.00%,0,0.00,Search,0.00%,0.00,0.00
carpenter shop,AI Max,None,Premium Composite Decks,Ad group 1,USD,0.00,0,1,0.00%,0,0.00,Search,0.00%,0.00,0.00
general contractors near me near me,AI Max,None,Premium Composite Decks,Ad group 1,USD,0.00,0,1,0.00%,0,0.00,Search,0.00%,0.00,0.00
home builders in northern va,Performance Max,None,PMAX cu remarketing, --,USD,0.00,0,1,0.00%,0,0.00,Performance Max,0.00%,0.00,0.00
deck builders financing,Performance Max,None,PMAX cu remarketing, --,USD,0.00,0,1,0.00%,0,0.00,Performance Max,0.00%,0.00,0.00
toasted sand trex decking,Performance Max,None,PMAX cu remarketing, --,USD,0.00,0,1,0.00%,0,0.00,Performance Max,0.00%,0.00,0.00
deck post repair,Performance Max,None,PMAX cu remarketing, --,USD,0.00,0,1,0.00%,0,0.00,Performance Max,0.00%,0.00,0.00
putting up fence,Performance Max,None,PMAX cu remarketing, --,USD,0.00,0,1,0.00%,0,0.00,Performance Max,0.00%,0.00,0.00
cheap deck repair near me,Performance Max,None,PMAX cu remarketing, --,USD,0.00,0,2,0.00%,0,0.00,Performance Max,0.00%,0.00,0.00
prince william permits,Performance Max,None,PMAX cu remarketing, --,USD,0.00,0,1,0.00%,0,0.00,Performance Max,0.00%,0.00,0.00
coastal screened in porch ideas,Performance Max,None,PMAX cu remarketing, --,USD,0.00,0,4,0.00%,0,0.00,Performance Max,0.00%,0.00,0.00
is trex composite decking,Performance Max,None,PMAX cu remarketing, --,USD,0.00,0,1,0.00%,0,0.00,Performance Max,0.00%,0.00,0.00
we are the decks,Performance Max,None,PMAX cu remarketing, --,USD,0.00,0,1,0.00%,0,0.00,Performance Max,0.00%,0.00,0.00
deck supply near me,Performance Max,None,PMAX cu remarketing, --,USD,0.00,0,3,0.00%,0,0.00,Performance Max,0.00%,0.00,0.00
deckscapes of va,Performance Max,None,PMAX cu remarketing, --,USD,0.00,0,3,0.00%,0,0.00,Performance Max,0.00%,0.00,0.00
balcony design company,Performance Max,None,PMAX cu remarketing, --,USD,0.00,0,1,0.00%,0,0.00,Performance Max,0.00%,0.00,0.00
fine decks inc,Performance Max,None,PMAX cu remarketing, --,USD,0.00,0,4,0.00%,0,0.00,Performance Max,0.00%,0.00,0.00
power wash cedar fence,Performance Max,None,PMAX cu remarketing, --,USD,0.00,0,1,0.00%,0,0.00,Performance Max,0.00%,0.00,0.00
sheets lumber vienna va,Performance Max,None,PMAX cu remarketing, --,USD,0.00,0,1,0.00%,0,0.00,Performance Max,0.00%,0.00,0.00
cool decks,Performance Max,None,PMAX cu remarketing, --,USD,0.00,0,1,0.00%,0,0.00,Performance Max,0.00%,0.00,0.00
trex decking fascia installation,Performance Max,None,PMAX cu remarketing, --,USD,0.00,0,1,0.00%,0,0.00,Performance Max,0.00%,0.00,0.00
holloway decks,AI Max,None,loudoun decks,Deck Builder - South Riding,USD,0.00,0,1,0.00%,0,0.00,Search,0.00%,0.00,0.00
patio near me,AI Max,None,loudoun decks,Deck Builder - Brambleton,USD,0.00,0,2,0.00%,0,0.00,Search,0.00%,0.00,0.00
deck material suppliers near me,AI Max,None,loudoun decks,Deck Builder - Middleburg,USD,0.00,0,1,0.00%,0,0.00,Search,0.00%,0.00,0.00
nature by design,Broad match,None,loudoun decks,Deck Builder - Brambleton,USD,0.00,0,2,0.00%,0,0.00,Search,0.00%,0.00,0.00
deckmaster inc,AI Max,None,loudoun decks,Deck Builder - Sterling,USD,0.00,0,1,0.00%,0,0.00,Search,0.00%,0.00,0.00
russin,AI Max,None,loudoun decks,Deck Builder - Hamilton,USD,0.00,0,1,0.00%,0,0.00,Search,0.00%,0.00,0.00
moore designs,Broad match,None,loudoun decks,Deck Builder - Brambleton,USD,0.00,0,1,0.00%,0,0.00,Search,0.00%,0.00,0.00
lanai screened in porch,Performance Max,None,Pmax - Dec4, --,USD,0.00,0,1,0.00%,0,0.00,Performance Max,0.00%,0.00,0.00
quality edge under deck,AI Max,None,Deck Repair - Loudoun County,Deck Repair - Loudoun County,USD,0.00,0,1,0.00%,0,0.00,Search,0.00%,0.00,0.00
patio screen supply store,AI Max,None,Fairfax-Search-Search - Deck Leads - VA - May 2025,Deck + Patio / Outdoor Living,USD,0.00,0,1,0.00%,0,0.00,Search,0.00%,0.00,0.00
fences,Performance Max,None,PMAX cu remarketing, --,USD,0.00,0,7,0.00%,0,0.00,Performance Max,0.00%,0.00,0.00
lumber yard fairfax,Performance Max,None,PMAX cu remarketing, --,USD,0.00,0,1,0.00%,0,0.00,Performance Max,0.00%,0.00,0.00
loudoun construction reviews,Performance Max,None,PMAX cu remarketing, --,USD,0.00,0,1,0.00%,0,0.00,Performance Max,0.00%,0.00,0.00
deck builders in manassas va,Performance Max,None,PMAX cu remarketing, --,USD,0.00,0,1,0.00%,0,0.00,Performance Max,0.00%,0.00,0.00
custom gazebo,Performance Max,None,PMAX cu remarketing, --,USD,0.00,0,1,0.00%,0,0.00,Performance Max,0.00%,0.00,0.00
deck stairs ideas,Performance Max,None,PMAX cu remarketing, --,USD,0.00,0,1,0.00%,0,0.00,Performance Max,0.00%,0.00,0.00
deck cleaning service,Performance Max,None,PMAX cu remarketing, --,USD,301.54,1,13,7.69%,3.92,3.92,Performance Max,0.00%,0.00,0.00
wash my deck,Performance Max,None,PMAX cu remarketing, --,USD,0.00,0,13,0.00%,0,0.00,Performance Max,0.00%,0.00,0.00
dream outdoor solutions,Performance Max,None,PMAX cu remarketing, --,USD,0.00,0,2,0.00%,0,0.00,Performance Max,0.00%,0.00,0.00
porch screen diy,Performance Max,None,PMAX cu remarketing, --,USD,0.00,0,1,0.00%,0,0.00,Performance Max,0.00%,0.00,0.00
deck ready reviews complaints,Performance Max,None,PMAX cu remarketing, --,USD,0.00,0,1,0.00%,0,0.00,Performance Max,0.00%,0.00,0.00
long fence screened porches,Performance Max,None,PMAX cu remarketing, --,USD,0.00,0,1,0.00%,0,0.00,Performance Max,0.00%,0.00,0.00
loudon stairs,Performance Max,None,PMAX cu remarketing, --,USD,0.00,0,1,0.00%,0,0.00,Performance Max,0.00%,0.00,0.00
deck buddy llc,Performance Max,None,PMAX cu remarketing, --,USD,0.00,0,6,0.00%,0,0.00,Performance Max,0.00%,0.00,0.00
trex decks near me,Performance Max,None,PMAX cu remarketing, --,USD,0.00,0,1,0.00%,0,0.00,Performance Max,0.00%,0.00,0.00
best deck repair contractors near me,Performance Max,None,PMAX cu remarketing, --,USD,0.00,0,2,0.00%,0,0.00,Performance Max,0.00%,0.00,0.00
valencia fencing,Performance Max,None,PMAX cu remarketing, --,USD,0.00,0,1,0.00%,0,0.00,Performance Max,0.00%,0.00,0.00
dock supplies near me,Performance Max,None,PMAX cu remarketing, --,USD,0.00,0,1,0.00%,0,0.00,Performance Max,0.00%,0.00,0.00
porch refinishing near me,Performance Max,None,PMAX cu remarketing, --,USD,0.00,0,1,0.00%,0,0.00,Performance Max,0.00%,0.00,0.00
sheets lumber,Performance Max,None,PMAX cu remarketing, --,USD,0.00,0,1,0.00%,0,0.00,Performance Max,0.00%,0.00,0.00
carport and pergola builder,AI Max,None,Premium Composite Decks,Ad group 1,USD,0.00,0,1,0.00%,0,0.00,Search,0.00%,0.00,0.00
nav construction reviews,AI Max,None,Premium Composite Decks,Ad group 1,USD,0.00,0,1,0.00%,0,0.00,Search,0.00%,0.00,0.00
decking material,AI Max,None,Premium Composite Decks,Ad group 1,USD,0.00,0,3,0.00%,0,0.00,Search,0.00%,0.00,0.00
trex foggy wharf 16,AI Max,None,Premium Composite Decks,Ad group 1,USD,0.00,0,1,0.00%,0,0.00,Search,0.00%,0.00,0.00
timbertech deck colors,AI Max,None,Premium Composite Decks,Ad group 1,USD,0.00,0,1,0.00%,0,0.00,Search,0.00%,0.00,0.00
installing trex railing,AI Max,None,Premium Composite Decks,Ad group 1,USD,0.00,0,1,0.00%,0,0.00,Search,0.00%,0.00,0.00
deck for outside,AI Max,None,Premium Composite Decks,Ad group 1,USD,0.00,0,1,0.00%,0,0.00,Search,0.00%,0.00,0.00
deck builders manassas,AI Max,None,Premium Composite Decks,Ad group 1,USD,0.00,0,1,0.00%,0,0.00,Search,0.00%,0.00,0.00
platinum home design,AI Max,None,Premium Composite Decks,Ad group 1,USD,0.00,0,2,0.00%,0,0.00,Search,0.00%,0.00,0.00
timbertech vs trex cost,AI Max,None,Premium Composite Decks,Ad group 1,USD,1700.00,1,1,100.00%,1.70,1.70,Search,0.00%,0.00,0.00
trex decks,AI Max,None,Premium Composite Decks,Ad group 1,USD,0.00,0,3,0.00%,0,0.00,Search,0.00%,0.00,0.00
how wide are trex deck boards,AI Max,None,Premium Composite Decks,Ad group 1,USD,0.00,0,1,0.00%,0,0.00,Search,0.00%,0.00,0.00
is timbertech better than trex,AI Max,None,Premium Composite Decks,Ad group 1,USD,0.00,0,1,0.00%,0,0.00,Search,0.00%,0.00,0.00
nova deck,AI Max,None,Premium Composite Decks,Ad group 1,USD,0.00,0,2,0.00%,0,0.00,Search,0.00%,0.00,0.00
deck build,AI Max,None,Premium Composite Decks,Ad group 1,USD,0.00,0,2,0.00%,0,0.00,Search,0.00%,0.00,0.00
fiberon decking installation,AI Max,None,Premium Composite Decks,Ad group 1,USD,0.00,0,2,0.00%,0,0.00,Search,0.00%,0.00,0.00
deck builder,Exact match (close variant),None,loudoun decks,Deck Builder - South Riding,USD,0.00,0,1,0.00%,0,0.00,Search,0.00%,0.00,0.00
fort myers construction,AI Max,None,loudoun decks,Deck Builder - Middleburg,USD,0.00,0,1,0.00%,0,0.00,Search,0.00%,0.00,0.00
trex saddle select,AI Max,None,loudoun decks,Deck Builder - Hamilton,USD,0.00,0,1,0.00%,0,0.00,Search,0.00%,0.00,0.00
deck inspections,AI Max,None,loudoun decks,Deck Builder - Aldie,USD,0.00,0,1,0.00%,0,0.00,Search,0.00%,0.00,0.00
masonry patio contractors near me,Phrase match (close variant),None,loudoun decks,Deck Builder - Brambleton,USD,0.00,0,1,0.00%,0,0.00,Search,0.00%,0.00,0.00
sun dek,Performance Max,None,Pmax - Dec4, --,USD,3530.18,1,1,100.00%,3.53,3.53,Performance Max,0.00%,0.00,0.00
residential power washing,Performance Max,None,Pmax - Dec4, --,USD,0.00,0,1,0.00%,0,0.00,Performance Max,0.00%,0.00,0.00
stoneridge outdoor living winchester va,Performance Max,None,Pmax - Dec4, --,USD,11430.00,1,1,100.00%,11.43,11.43,Performance Max,0.00%,0.00,0.00
patio near me,AI Max,None,Deck Repair - Loudoun County,Composite - Trex Repair,USD,0.00,0,1,0.00%,0,0.00,Search,0.00%,0.00,0.00
deck contractor near me,Broad match,None,Deck Repair - Loudoun County,Deck Renovation,USD,0.00,0,1,0.00%,0,0.00,Search,0.00%,0.00,0.00
trex transcend lava rock,AI Max,None,Deck Repair - Loudoun County,Composite - Trex Repair,USD,0.00,0,1,0.00%,0,0.00,Search,0.00%,0.00,0.00
jefferson construction,AI Max,None,Deck Repair - Loudoun County,Deck Repair - Loudoun County,USD,0.00,0,1,0.00%,0,0.00,Search,0.00%,0.00,0.00
8x8 deck,Broad match,None,Deck Repair - Loudoun County,Deck Renovation,USD,0.00,0,1,0.00%,0,0.00,Search,0.00%,0.00,0.00
1.5 thick composite decking,Phrase match (close variant),None,SRCH | Composite | 3 Counties | Calls,Composite Deck Cost,USD,0.00,0,1,0.00%,0,0.00,Search,0.00%,0.00,0.00
trex pebble grey,Phrase match (close variant),None,SRCH | Composite | 3 Counties | Calls,Composite Deck Cost,USD,0.00,0,1,0.00%,0,0.00,Search,0.00%,0.00,0.00
deck makeover,AI Max,None,Fairfax-Search-Search - Deck Leads - VA - May 2025,Deck Repair & Refinishing,USD,0.00,0,3,0.00%,0,0.00,Search,0.00%,0.00,0.00
backyard pavers,AI Max,None,Fairfax-Search-Search - Deck Leads - VA - May 2025,Deck + Patio / Outdoor Living,USD,0.00,0,1,0.00%,0,0.00,Search,0.00%,0.00,0.00
deck,AI Max,None,Fairfax-Search-Search - Deck Leads - VA - May 2025,Deck + Patio / Outdoor Living,USD,0.00,0,3,0.00%,0,0.00,Search,0.00%,0.00,0.00
mobile deck,AI Max,None,Fairfax-Search-Search - Deck Leads - VA - May 2025,Composite Decking,USD,0.00,0,1,0.00%,0,0.00,Search,0.00%,0.00,0.00
deck inspectors,AI Max,None,Fairfax-Search-Search - Deck Leads - VA - May 2025,Deck Builders Near Me,USD,0.00,0,1,0.00%,0,0.00,Search,0.00%,0.00,0.00
remodeling burke,Performance Max,None,PMAX cu remarketing, --,USD,0.00,0,1,0.00%,0,0.00,Performance Max,0.00%,0.00,0.00
deck wood cover,Performance Max,None,PMAX cu remarketing, --,USD,0.00,0,1,0.00%,0,0.00,Performance Max,0.00%,0.00,0.00
mcn construction,Performance Max,None,PMAX cu remarketing, --,USD,0.00,0,1,0.00%,0,0.00,Performance Max,0.00%,0.00,0.00
how to clean ipe wood deck,Performance Max,None,PMAX cu remarketing, --,USD,0.00,0,1,0.00%,0,0.00,Performance Max,0.00%,0.00,0.00
fence builders near me,Performance Max,None,PMAX cu remarketing, --,USD,0.00,0,3,0.00%,0,0.00,Performance Max,0.00%,0.00,0.00
how to screen a porch,Performance Max,None,PMAX cu remarketing, --,USD,0.00,0,1,0.00%,0,0.00,Performance Max,0.00%,0.00,0.00
gazebo near me,Performance Max,None,PMAX cu remarketing, --,USD,0.00,0,4,0.00%,0,0.00,Performance Max,0.00%,0.00,0.00
new fencing,Performance Max,None,PMAX cu remarketing, --,USD,0.00,0,1,0.00%,0,0.00,Performance Max,0.00%,0.00,0.00
patio railing installation,Performance Max,None,PMAX cu remarketing, --,USD,0.00,0,1,0.00%,0,0.00,Performance Max,0.00%,0.00,0.00
how install patio,Performance Max,None,PMAX cu remarketing, --,USD,0.00,0,1,0.00%,0,0.00,Performance Max,0.00%,0.00,0.00
dc patio,Performance Max,None,PMAX cu remarketing, --,USD,0.00,0,1,0.00%,0,0.00,Performance Max,0.00%,0.00,0.00
moore designs and outdoor living,Performance Max,None,PMAX cu remarketing, --,USD,0.00,0,3,0.00%,0,0.00,Performance Max,0.00%,0.00,0.00
gazibou,Performance Max,None,PMAX cu remarketing, --,USD,0.00,0,1,0.00%,0,0.00,Performance Max,0.00%,0.00,0.00
casebo,Performance Max,None,PMAX cu remarketing, --,USD,0.00,0,1,0.00%,0,0.00,Performance Max,0.00%,0.00,0.00
glk custom decking,Performance Max,None,PMAX cu remarketing, --,USD,0.00,0,1,0.00%,0,0.00,Performance Max,0.00%,0.00,0.00
construction company washington dc,Performance Max,None,PMAX cu remarketing, --,USD,0.00,0,3,0.00%,0,0.00,Performance Max,0.00%,0.00,0.00
power wash pros,Performance Max,None,PMAX cu remarketing, --,USD,0.00,0,1,0.00%,0,0.00,Performance Max,0.00%,0.00,0.00
prodeck construction llc,Performance Max,None,PMAX cu remarketing, --,USD,0.00,0,2,0.00%,0,0.00,Performance Max,0.00%,0.00,0.00
skip's modern carpentry,AI Max,None,Premium Composite Decks,Ad group 1,USD,0.00,0,1,0.00%,0,0.00,Search,0.00%,0.00,0.00
ridgeline exteriors,AI Max,None,Premium Composite Decks,Ad group 1,USD,0.00,0,1,0.00%,0,0.00,Search,0.00%,0.00,0.00
above board decks,AI Max,None,Premium Composite Decks,Ad group 1,USD,0.00,0,2,0.00%,0,0.00,Search,0.00%,0.00,0.00
fenc,AI Max,None,Premium Composite Decks,Ad group 1,USD,0.00,0,1,0.00%,0,0.00,Search,0.00%,0.00,0.00
deck envy llc reviews,AI Max,None,Premium Composite Decks,Ad group 1,USD,0.00,0,3,0.00%,0,0.00,Search,0.00%,0.00,0.00
como hacer decks de madera,AI Max,None,Premium Composite Decks,Ad group 1,USD,0.00,0,1,0.00%,0,0.00,Search,0.00%,0.00,0.00
outdoor railings for steps,AI Max,None,Premium Composite Decks,Ad group 1,USD,0.00,0,1,0.00%,0,0.00,Search,0.00%,0.00,0.00
backyard deck with roof,AI Max,None,Premium Composite Decks,Ad group 1,USD,0.00,0,1,0.00%,0,0.00,Search,0.00%,0.00,0.00
deck painting,AI Max,Excluded,Premium Composite Decks,Ad group 1,USD,0.00,0,1,0.00%,0,0.00,Search,0.00%,0.00,0.00
fiberon coastal gray decking,AI Max,None,Premium Composite Decks,Ad group 1,USD,0.00,0,1,0.00%,0,0.00,Search,0.00%,0.00,0.00
latest backyard designs,AI Max,None,Premium Composite Decks,Ad group 1,USD,0.00,0,1,0.00%,0,0.00,Search,0.00%,0.00,0.00
deck material,AI Max,None,loudoun decks,Loudoun Decks,USD,0.00,0,1,0.00%,0,0.00,Search,0.00%,0.00,0.00
3 season room installation,AI Max,None,loudoun decks,Deck Builder - Leesburg,USD,0.00,0,1,0.00%,0,0.00,Search,0.00%,0.00,0.00
decks,AI Max,None,loudoun decks,Deck Builder - Arcola,USD,0.00,0,4,0.00%,0,0.00,Search,0.00%,0.00,0.00
patio in the backyard,AI Max,None,loudoun decks,Deck Builder - South Riding,USD,0.00,0,1,0.00%,0,0.00,Search,0.00%,0.00,0.00
deck builders ashburn va,AI Max,None,loudoun decks,Deck Builder - South Riding,USD,0.00,0,1,0.00%,0,0.00,Search,0.00%,0.00,0.00
metzger decks framing and more,AI Max,None,loudoun decks,Deck Builder - Lovettsville,USD,0.00,0,1,0.00%,0,0.00,Search,0.00%,0.00,0.00
deck painter near me,Broad match,None,loudoun decks,Deck Builder - Brambleton,USD,0.00,0,1,0.00%,0,0.00,Search,0.00%,0.00,0.00
backyard deck designs,AI Max,None,loudoun decks,Deck Builder - Round Hill,USD,0.00,0,1,0.00%,0,0.00,Search,0.00%,0.00,0.00
power washing services near me,Performance Max,None,Pmax - Dec4, --,USD,0.00,0,3,0.00%,0,0.00,Performance Max,0.00%,0.00,0.00
deck envy,Performance Max,None,Pmax - Dec4, --,USD,302.00,1,5,20.00%,1.51,1.51,Performance Max,0.00%,0.00,0.00
loudoun deck repair,AI Max,None,Deck Repair - Loudoun County,Deck Repair - Loudoun County,USD,0.00,0,13,0.00%,0,0.00,Search,0.00%,0.00,0.00
restain deck,AI Max,None,Deck Repair - Loudoun County,Deck Repair - Loudoun County,USD,0.00,0,1,0.00%,0,0.00,Search,0.00%,0.00,0.00
extending a deck,AI Max,None,Deck Repair - Loudoun County,Deck Repair - Loudoun County,USD,0.00,0,1,0.00%,0,0.00,Search,0.00%,0.00,0.00
wood deck,AI Max,None,Deck Repair - Loudoun County,Deck Replacement,USD,0.00,0,3,0.00%,0,0.00,Search,0.00%,0.00,0.00
deckstar llc,AI Max,None,Deck Repair - Loudoun County,Deck Repair - Loudoun County,USD,0.00,0,1,0.00%,0,0.00,Search,0.00%,0.00,0.00
loudoun deck,AI Max,None,Deck Repair - Loudoun County,Deck Restoration - Refinishing,USD,5158.35,2,3,66.67%,7.74,15.48,Search,0.00%,0.00,0.00
backyard designs,AI Max,None,Fairfax-Search-Search - Deck Leads - VA - May 2025,Deck + Patio / Outdoor Living,USD,0.00,0,2,0.00%,0,0.00,Search,0.00%,0.00,0.00
vinyl sunroom,AI Max,None,Fairfax-Search-Search - Deck Leads - VA - May 2025,Deck Builders Near Me,USD,0.00,0,1,0.00%,0,0.00,Search,0.00%,0.00,0.00
high deck,AI Max,None,Fairfax-Search-Search - Deck Leads - VA - May 2025,Composite Decking,USD,0.00,0,1,0.00%,0,0.00,Search,0.00%,0.00,0.00
fairfax deck,Exact match (close variant),None,Fairfax-Search-Search - Deck Leads - VA - May 2025,Deck Builders Near Me,USD,0.00,0,1,0.00%,0,0.00,Search,0.00%,0.00,0.00
backyard design company,AI Max,None,Fairfax-Search-Search - Deck Leads - VA - May 2025,Composite Decking,USD,0.00,0,1,0.00%,0,0.00,Search,0.00%,0.00,0.00
haijoe reviews,AI Max,None,Premium Composite Decks,Ad group 1,USD,0.00,0,1,0.00%,0,0.00,Search,0.00%,0.00,0.00
decks patios,AI Max,None,Premium Composite Decks,Ad group 1,USD,0.00,0,1,0.00%,0,0.00,Search,0.00%,0.00,0.00
screening in a porch,AI Max,None,Premium Composite Decks,Ad group 1,USD,0.00,0,5,0.00%,0,0.00,Search,0.00%,0.00,0.00
railings for decks,AI Max,None,Premium Composite Decks,Ad group 1,USD,0.00,0,1,0.00%,0,0.00,Search,0.00%,0.00,0.00
ipe suppliers near me,AI Max,None,Premium Composite Decks,Ad group 1,USD,0.00,0,1,0.00%,0,0.00,Search,0.00%,0.00,0.00
lansing lorton,AI Max,None,Premium Composite Decks,Ad group 1,USD,0.00,0,1,0.00%,0,0.00,Search,0.00%,0.00,0.00
t&g porch flooring,AI Max,None,Premium Composite Decks,Ad group 1,USD,0.00,0,2,0.00%,0,0.00,Search,0.00%,0.00,0.00
comcruz construction,AI Max,None,Premium Composite Decks,Ad group 1,USD,0.00,0,3,0.00%,0,0.00,Search,0.00%,0.00,0.00
railing post base,AI Max,None,Premium Composite Decks,Ad group 1,USD,0.00,0,1,0.00%,0,0.00,Search,0.00%,0.00,0.00
how to build a deck on sloped ground,Performance Max,None,PMAX cu remarketing, --,USD,0.00,0,3,0.00%,0,0.00,Performance Max,0.00%,0.00,0.00
timbertech paint,Performance Max,None,PMAX cu remarketing, --,USD,0.00,0,1,0.00%,0,0.00,Performance Max,0.00%,0.00,0.00
play fence installation,Performance Max,None,PMAX cu remarketing, --,USD,0.00,0,2,0.00%,0,0.00,Performance Max,0.00%,0.00,0.00
flagstone pavers,Performance Max,None,PMAX cu remarketing, --,USD,0.00,0,3,0.00%,0,0.00,Performance Max,0.00%,0.00,0.00
lawn and leisure,Performance Max,None,PMAX cu remarketing, --,USD,0.00,0,1,0.00%,0,0.00,Performance Max,0.00%,0.00,0.00
wood deck ideas,Performance Max,None,PMAX cu remarketing, --,USD,0.00,0,2,0.00%,0,0.00,Performance Max,0.00%,0.00,0.00
diy patio flooring,Performance Max,None,PMAX cu remarketing, --,USD,0.00,0,1,0.00%,0,0.00,Performance Max,0.00%,0.00,0.00
best deck builders,Performance Max,None,PMAX cu remarketing, --,USD,0.00,0,1,0.00%,0,0.00,Performance Max,0.00%,0.00,0.00
vertical deck,Performance Max,None,PMAX cu remarketing, --,USD,0.00,0,1,0.00%,0,0.00,Performance Max,0.00%,0.00,0.00
under deck zip up ceiling,Performance Max,None,PMAX cu remarketing, --,USD,0.00,0,1,0.00%,0,0.00,Performance Max,0.00%,0.00,0.00
screen porch repair,Performance Max,None,PMAX cu remarketing, --,USD,0.00,0,1,0.00%,0,0.00,Performance Max,0.00%,0.00,0.00
washmydeck,Performance Max,None,PMAX cu remarketing, --,USD,0.00,0,5,0.00%,0,0.00,Performance Max,0.00%,0.00,0.00
trex deck pictures,Performance Max,None,PMAX cu remarketing, --,USD,0.00,0,1,0.00%,0,0.00,Performance Max,0.00%,0.00,0.00
composite decking comparison,Performance Max,None,PMAX cu remarketing, --,USD,0.00,0,1,0.00%,0,0.00,Performance Max,0.00%,0.00,0.00
deck and fence depot gainesville va,Performance Max,None,PMAX cu remarketing, --,USD,0.00,0,5,0.00%,0,0.00,Performance Max,0.00%,0.00,0.00
deck resurfacing,Performance Max,None,PMAX cu remarketing, --,USD,0.00,0,4,0.00%,0,0.00,Performance Max,0.00%,0.00,0.00
deck supplies,Performance Max,None,PMAX cu remarketing, --,USD,0.00,0,1,0.00%,0,0.00,Performance Max,0.00%,0.00,0.00
small patio design ideas on a budget,Performance Max,None,PMAX cu remarketing, --,USD,0.00,0,1,0.00%,0,0.00,Performance Max,0.00%,0.00,0.00
barrons lumber manassas photos,Performance Max,None,PMAX cu remarketing, --,USD,0.00,0,1,0.00%,0,0.00,Performance Max,0.00%,0.00,0.00
builder washington dc,Performance Max,None,PMAX cu remarketing, --,USD,0.00,0,1,0.00%,0,0.00,Performance Max,0.00%,0.00,0.00
landscaping design near me,Performance Max,None,PMAX cu remarketing, --,USD,0.00,0,2,0.00%,0,0.00,Performance Max,0.00%,0.00,0.00
railing repair near me,Performance Max,None,PMAX cu remarketing, --,USD,0.00,0,1,0.00%,0,0.00,Performance Max,0.00%,0.00,0.00
deck yard,Broad match,None,loudoun decks,Deck Builder - Brambleton,USD,0.00,0,1,0.00%,0,0.00,Search,0.00%,0.00,0.00
pennsylvania bluestone near me,Performance Max,None,Pmax - Dec4, --,USD,0.00,0,1,0.00%,0,0.00,Performance Max,0.00%,0.00,0.00
deck armor,AI Max,None,Deck Repair - Loudoun County,Deck Repair - Loudoun County,USD,0.00,0,1,0.00%,0,0.00,Search,0.00%,0.00,0.00
wood deck,AI Max,None,Deck Repair - Loudoun County,Deck Renovation,USD,0.00,0,1,0.00%,0,0.00,Search,0.00%,0.00,0.00
deck coating waterproofing,AI Max,None,Deck Repair - Loudoun County,Deck Repair - Loudoun County,USD,0.00,0,1,0.00%,0,0.00,Search,0.00%,0.00,0.00
coconut husk timbertech,AI Max,None,Deck Repair - Loudoun County,Deck Restoration - Refinishing,USD,0.00,0,1,0.00%,0,0.00,Search,0.00%,0.00,0.00
deck addition,Broad match,None,Deck Repair - Loudoun County,Deck Renovation,USD,0.00,0,1,0.00%,0,0.00,Search,0.00%,0.00,0.00
shop deals on trex composite decking,Phrase match (close variant),None,SRCH | Composite | 3 Counties | Calls,Composite Deck Cost,USD,0.00,0,1,0.00%,0,0.00,Search,0.00%,0.00,0.00
building room under deck,AI Max,None,Fairfax-Search-Search - Deck Leads - VA - May 2025,Deck Builders Near Me,USD,0.00,0,1,0.00%,0,0.00,Search,0.00%,0.00,0.00
new deck,AI Max,None,Premium Composite Decks,Ad group 1,USD,0.00,0,1,0.00%,0,0.00,Search,0.00%,0.00,0.00
replace rotten deck boards,AI Max,None,Premium Composite Decks,Ad group 1,USD,0.00,0,1,0.00%,0,0.00,Search,0.00%,0.00,0.00
lumber yard manassas va,AI Max,None,Premium Composite Decks,Ad group 1,USD,0.00,0,1,0.00%,0,0.00,Search,0.00%,0.00,0.00
charcoal decking boards,AI Max,None,Premium Composite Decks,Ad group 1,USD,0.00,0,2,0.00%,0,0.00,Search,0.00%,0.00,0.00
core outdoor living reviews,AI Max,None,Premium Composite Decks,Ad group 1,USD,0.00,0,2,0.00%,0,0.00,Search,0.00%,0.00,0.00
cousins roofing siding and decks,AI Max,None,Premium Composite Decks,Ad group 1,USD,0.00,0,1,0.00%,0,0.00,Search,0.00%,0.00,0.00
how to clean deck with pressure washer,Performance Max,None,PMAX cu remarketing, --,USD,0.00,0,1,0.00%,0,0.00,Performance Max,0.00%,0.00,0.00
jason's deck,Performance Max,None,PMAX cu remarketing, --,USD,0.00,0,1,0.00%,0,0.00,Performance Max,0.00%,0.00,0.00
how much does it cost to repair a deck,Performance Max,None,PMAX cu remarketing, --,USD,0.00,0,2,0.00%,0,0.00,Performance Max,0.00%,0.00,0.00
fence dealer,Performance Max,None,PMAX cu remarketing, --,USD,0.00,0,1,0.00%,0,0.00,Performance Max,0.00%,0.00,0.00
how to build your own deck,Performance Max,None,PMAX cu remarketing, --,USD,0.00,0,1,0.00%,0,0.00,Performance Max,0.00%,0.00,0.00
vuba stone installer near me,Performance Max,None,PMAX cu remarketing, --,USD,0.00,0,1,0.00%,0,0.00,Performance Max,0.00%,0.00,0.00
moss building & design,Performance Max,None,PMAX cu remarketing, --,USD,0.00,0,1,0.00%,0,0.00,Performance Max,0.00%,0.00,0.00
deck replacement,Performance Max,None,PMAX cu remarketing, --,USD,0.00,0,3,0.00%,0,0.00,Performance Max,0.00%,0.00,0.00
loudon construction,Performance Max,None,PMAX cu remarketing, --,USD,0.00,0,4,0.00%,0,0.00,Performance Max,0.00%,0.00,0.00
can you build a screened in porch on existing deck,Performance Max,None,PMAX cu remarketing, --,USD,0.00,0,1,0.00%,0,0.00,Performance Max,0.00%,0.00,0.00
greenhill landscaping near me,Performance Max,None,PMAX cu remarketing, --,USD,0.00,0,1,0.00%,0,0.00,Performance Max,0.00%,0.00,0.00
how to screen in a covered porch,Performance Max,None,PMAX cu remarketing, --,USD,0.00,0,1,0.00%,0,0.00,Performance Max,0.00%,0.00,0.00
decks and docks manassas va,Performance Max,None,PMAX cu remarketing, --,USD,0.00,0,2,0.00%,0,0.00,Performance Max,0.00%,0.00,0.00
deck builders sterling va,Performance Max,None,PMAX cu remarketing, --,USD,0.00,0,2,0.00%,0,0.00,Performance Max,0.00%,0.00,0.00
fortress construction llc,Performance Max,None,PMAX cu remarketing, --,USD,0.00,0,2,0.00%,0,0.00,Performance Max,0.00%,0.00,0.00
building permits prince william county,Performance Max,None,PMAX cu remarketing, --,USD,0.00,0,1,0.00%,0,0.00,Performance Max,0.00%,0.00,0.00
culpeper wood preservers culpeper virginia,Performance Max,None,PMAX cu remarketing, --,USD,0.00,0,1,0.00%,0,0.00,Performance Max,0.00%,0.00,0.00
kby construction,AI Max,None,loudoun decks,Deck Builder - Lovettsville,USD,0.00,0,1,0.00%,0,0.00,Search,0.00%,0.00,0.00
rendon remodeling,AI Max,None,loudoun decks,Deck Builder - Purcellville,USD,0.00,0,1,0.00%,0,0.00,Search,0.00%,0.00,0.00
best deck builders in northern virginia,AI Max,None,loudoun decks,Deck Builder - Leesburg,USD,0.00,0,1,0.00%,0,0.00,Search,0.00%,0.00,0.00
ladrillos para patio cerca de mi,AI Max,None,loudoun decks,Deck Builder - Brambleton,USD,410.00,1,1,100.00%,0.41,0.41,Search,0.00%,0.00,0.00
decks and patio,Broad match,None,loudoun decks,Deck Builder - Brambleton,USD,0.00,0,2,0.00%,0,0.00,Search,0.00%,0.00,0.00
backyard designs,Broad match,None,loudoun decks,Deck Builder - Brambleton,USD,0.00,0,5,0.00%,0,0.00,Search,0.00%,0.00,0.00
covered wood deck,Phrase match (close variant),None,loudoun decks,Deck Builder - Brambleton,USD,0.00,0,1,0.00%,0,0.00,Search,0.00%,0.00,0.00
loudoun decks,AI Max,None,loudoun decks,Deck Builder - Aldie,USD,1513.33,1,3,33.33%,4.54,4.54,Search,0.00%,0.00,0.00
landscapers woodbridge va,Broad match,None,loudoun decks,Deck Builder - Brambleton,USD,1572.50,1,4,25.00%,6.29,6.29,Search,0.00%,0.00,0.00
pro deck installers,AI Max,None,loudoun decks,Deck Builder - Middleburg,USD,0.00,0,1,0.00%,0,0.00,Search,0.00%,0.00,0.00
trex select pebble gray,AI Max,None,loudoun decks,Deck Builder - Sterling,USD,0.00,0,1,0.00%,0,0.00,Search,0.00%,0.00,0.00
virginia deck works,AI Max,None,loudoun decks,Deck Builder - Leesburg,USD,0.00,0,1,0.00%,0,0.00,Search,0.00%,0.00,0.00
contractors,AI Max,None,Deck Repair - Loudoun County,Deck Repair - Loudoun County,USD,0.00,0,2,0.00%,0,0.00,Search,0.00%,0.00,0.00
trex company winchester va,AI Max,None,Deck Repair - Loudoun County,Composite - Trex Repair,USD,0.00,0,1,0.00%,0,0.00,Search,0.00%,0.00,0.00
deck services near me,Exact match (close variant),None,Deck Repair - Loudoun County,Deck Renovation,USD,0.00,0,1,0.00%,0,0.00,Search,0.00%,0.00,0.00
how much is a trex deck,AI Max,None,Deck Repair - Loudoun County,Composite - Trex Repair,USD,0.00,0,1,0.00%,0,0.00,Search,0.00%,0.00,0.00
attaching deck to house,AI Max,None,Fairfax-Search-Search - Deck Leads - VA - May 2025,Deck Repair & Refinishing,USD,0.00,0,1,0.00%,0,0.00,Search,0.00%,0.00,0.00
fairfax decks llc,AI Max,None,Fairfax-Search-Search - Deck Leads - VA - May 2025,Deck Builders Near Me,USD,0.00,0,1,0.00%,0,0.00,Search,0.00%,0.00,0.00
flagstone patios,AI Max,None,Fairfax-Search-Search - Deck Leads - VA - May 2025,Deck + Patio / Outdoor Living,USD,0.00,0,2,0.00%,0,0.00,Search,0.00%,0.00,0.00
trex enhance basics,AI Max,None,Fairfax-Search-Search - Deck Leads - VA - May 2025,Deck Builders Near Me,USD,0.00,0,1,0.00%,0,0.00,Search,0.00%,0.00,0.00
back deck construction,AI Max,None,Fairfax-Search-Search - Deck Leads - VA - May 2025,Deck Builders Near Me,USD,0.00,0,1,0.00%,0,0.00,Search,0.00%,0.00,0.00
4x4 post caps wood,Performance Max,None,PMAX cu remarketing, --,USD,0.00,0,1,0.00%,0,0.00,Performance Max,0.00%,0.00,0.00
how to build garden deck,Performance Max,None,PMAX cu remarketing, --,USD,0.00,0,1,0.00%,0,0.00,Performance Max,0.00%,0.00,0.00
how to enclose a porch with screen,Performance Max,None,PMAX cu remarketing, --,USD,0.00,0,1,0.00%,0,0.00,Performance Max,0.00%,0.00,0.00
deck supply cerca de mi,Performance Max,None,PMAX cu remarketing, --,USD,0.00,0,2,0.00%,0,0.00,Performance Max,0.00%,0.00,0.00
landscaper,Performance Max,None,PMAX cu remarketing, --,USD,0.00,0,6,0.00%,0,0.00,Performance Max,0.00%,0.00,0.00
quality fence,Performance Max,None,PMAX cu remarketing, --,USD,0.00,0,1,0.00%,0,0.00,Performance Max,0.00%,0.00,0.00
neds new england deck,Performance Max,None,PMAX cu remarketing, --,USD,0.00,0,1,0.00%,0,0.00,Performance Max,0.00%,0.00,0.00
pressure wash pavers,Performance Max,None,PMAX cu remarketing, --,USD,0.00,0,1,0.00%,0,0.00,Performance Max,0.00%,0.00,0.00
trex enhance honey grove decking,Performance Max,None,PMAX cu remarketing, --,USD,0.00,0,1,0.00%,0,0.00,Performance Max,0.00%,0.00,0.00
pergola staining,Performance Max,None,PMAX cu remarketing, --,USD,0.00,0,1,0.00%,0,0.00,Performance Max,0.00%,0.00,0.00
composite deck pergola,AI Max,None,Premium Composite Decks,Ad group 1,USD,0.00,0,1,0.00%,0,0.00,Search,0.00%,0.00,0.00
custom deck build,Exact match (close variant),None,Premium Composite Decks,Ad group 1,USD,0.00,0,2,0.00%,0,0.00,Search,0.00%,0.00,0.00
landscaping warrenton va,AI Max,None,Premium Composite Decks,Ad group 1,USD,0.00,0,6,0.00%,0,0.00,Search,0.00%,0.00,0.00
whitmer decks,AI Max,None,Premium Composite Decks,Ad group 1,USD,0.00,0,1,0.00%,0,0.00,Search,0.00%,0.00,0.00
loudoun deck,AI Max,None,Premium Composite Decks,Ad group 1,USD,0.00,0,3,0.00%,0,0.00,Search,0.00%,0.00,0.00
yellawood decking,AI Max,None,Premium Composite Decks,Ad group 1,USD,0.00,0,1,0.00%,0,0.00,Search,0.00%,0.00,0.00
instalación de deck,AI Max,None,Premium Composite Decks,Ad group 1,USD,0.00,0,1,0.00%,0,0.00,Search,0.00%,0.00,0.00
how to refurbish a deck,AI Max,None,Premium Composite Decks,Ad group 1,USD,0.00,0,1,0.00%,0,0.00,Search,0.00%,0.00,0.00
trex transcend,AI Max,None,Premium Composite Decks,Ad group 1,USD,0.00,0,2,0.00%,0,0.00,Search,0.00%,0.00,0.00
trex decking ideas,AI Max,None,Premium Composite Decks,Ad group 1,USD,0.00,0,1,0.00%,0,0.00,Search,0.00%,0.00,0.00
backyard products ashburn va,AI Max,None,Premium Composite Decks,Ad group 1,USD,0.00,0,1,0.00%,0,0.00,Search,0.00%,0.00,0.00
loudoun county deck builders,AI Max,None,Premium Composite Decks,Ad group 1,USD,0.00,0,1,0.00%,0,0.00,Search,0.00%,0.00,0.00
trex saddle decking,AI Max,None,Premium Composite Decks,Ad group 1,USD,0.00,0,1,0.00%,0,0.00,Search,0.00%,0.00,0.00
deck cost,AI Max,None,Premium Composite Decks,Ad group 1,USD,0.00,0,2,0.00%,0,0.00,Search,0.00%,0.00,0.00
deck building companies,Exact match (close variant),None,Premium Composite Decks,Ad group 1,USD,0.00,0,1,0.00%,0,0.00,Search,0.00%,0.00,0.00
alexandria construction,AI Max,None,Premium Composite Decks,Ad group 1,USD,0.00,0,2,0.00%,0,0.00,Search,0.00%,0.00,0.00
gw van ness construction,AI Max,None,loudoun decks,Deck Builder - Lovettsville,USD,0.00,0,1,0.00%,0,0.00,Search,0.00%,0.00,0.00
dutchmen decks,AI Max,None,loudoun decks,Deck Builder - Lansdowne,USD,0.00,0,1,0.00%,0,0.00,Search,0.00%,0.00,0.00
deck designs,Phrase match (close variant),None,loudoun decks,Deck Builder - Brambleton,USD,336.58,1,1,100.00%,0.34,0.34,Search,0.00%,0.00,0.00
hardscaping near me,Broad match,None,loudoun decks,Deck Builder - Brambleton,USD,0.00,0,1,0.00%,0,0.00,Search,0.00%,0.00,0.00
elevated deck,Phrase match (close variant),None,loudoun decks,Deck Builder - Brambleton,USD,0.00,0,1,0.00%,0,0.00,Search,0.00%,0.00,0.00
back yard,Broad match,None,loudoun decks,Deck Builder - Brambleton,USD,0.00,0,1,0.00%,0,0.00,Search,0.00%,0.00,0.00
outdoor living way,Broad match,None,loudoun decks,Deck Builder - Brambleton,USD,0.00,0,1,0.00%,0,0.00,Search,0.00%,0.00,0.00
pergola on rooftop,Performance Max,None,Pmax - Dec4, --,USD,0.00,0,4,0.00%,0,0.00,Performance Max,0.00%,0.00,0.00
steadfast builders,AI Max,None,Deck Repair - Loudoun County,Composite - Trex Repair,USD,0.00,0,1,0.00%,0,0.00,Search,0.00%,0.00,0.00
trex deck estimate,Broad match,None,Deck Repair - Loudoun County,Deck Renovation,USD,0.00,0,1,0.00%,0,0.00,Search,0.00%,0.00,0.00
sand ipe deck,AI Max,None,Deck Repair - Loudoun County,Deck Repair - Loudoun County,USD,0.00,0,9,0.00%,0,0.00,Search,0.00%,0.00,0.00
patio repair cost,AI Max,None,Deck Repair - Loudoun County,Deck Repair - Loudoun County,USD,0.00,0,1,0.00%,0,0.00,Search,0.00%,0.00,0.00
rotting wood repair,AI Max,None,Deck Repair - Loudoun County,Deck Repair - Loudoun County,USD,0.00,0,1,0.00%,0,0.00,Search,0.00%,0.00,0.00
brown trex decking,Phrase match (close variant),None,SRCH | Composite | 3 Counties | Calls,Composite Deck Cost,USD,0.00,0,1,0.00%,0,0.00,Search,0.00%,0.00,0.00
spiced rum trex,AI Max,None,Fairfax-Search-Search - Deck Leads - VA - May 2025,Composite Decks,USD,0.00,0,1,0.00%,0,0.00,Search,0.00%,0.00,0.00
stamped concrete patio steps,AI Max,None,Fairfax-Search-Search - Deck Leads - VA - May 2025,Deck + Patio / Outdoor Living,USD,0.00,0,1,0.00%,0,0.00,Search,0.00%,0.00,0.00
small backyard makeover,AI Max,None,Fairfax-Search-Search - Deck Leads - VA - May 2025,Deck + Patio / Outdoor Living,USD,0.00,0,2,0.00%,0,0.00,Search,0.00%,0.00,0.00
masonry design manassas va,AI Max,None,Fairfax-Search-Search - Deck Leads - VA - May 2025,Deck + Patio / Outdoor Living,USD,0.00,0,1,0.00%,0,0.00,Search,0.00%,0.00,0.00
carpenter,AI Max,None,Fairfax-Search-Search - Deck Leads - VA - May 2025,Deck Builders Near Me,USD,0.00,0,6,0.00%,0,0.00,Search,0.00%,0.00,0.00
archadeck of fredericksburg woodbridge,Performance Max,None,PMAX cu remarketing, --,USD,0.00,0,1,0.00%,0,0.00,Performance Max,0.00%,0.00,0.00
install deck boards,Performance Max,None,PMAX cu remarketing, --,USD,0.00,0,1,0.00%,0,0.00,Performance Max,0.00%,0.00,0.00
balcony builders near me,Performance Max,None,PMAX cu remarketing, --,USD,0.00,0,1,0.00%,0,0.00,Performance Max,0.00%,0.00,0.00
long fence in va,Performance Max,None,PMAX cu remarketing, --,USD,0.00,0,1,0.00%,0,0.00,Performance Max,0.00%,0.00,0.00
front door companies near me,Performance Max,None,PMAX cu remarketing, --,USD,0.00,0,1,0.00%,0,0.00,Performance Max,0.00%,0.00,0.00
backyard builds,Performance Max,None,PMAX cu remarketing, --,USD,0.00,0,3,0.00%,0,0.00,Performance Max,0.00%,0.00,0.00
trex company,Performance Max,None,PMAX cu remarketing, --,USD,0.00,0,2,0.00%,0,0.00,Performance Max,0.00%,0.00,0.00
staining deck,Performance Max,None,PMAX cu remarketing, --,USD,0.00,0,2,0.00%,0,0.00,Performance Max,0.00%,0.00,0.00
how to do a screened in porch,Performance Max,None,PMAX cu remarketing, --,USD,0.00,0,1,0.00%,0,0.00,Performance Max,0.00%,0.00,0.00
trex decking 20 ft boards cost,AI Max,None,Premium Composite Decks,Ad group 1,USD,0.00,0,1,0.00%,0,0.00,Search,0.00%,0.00,0.00
deck construction howard county maryland,AI Max,None,Premium Composite Decks,Ad group 1,USD,0.00,0,1,0.00%,0,0.00,Search,0.00%,0.00,0.00
deck store,AI Max,None,Premium Composite Decks,Ad group 1,USD,0.00,0,3,0.00%,0,0.00,Search,0.00%,0.00,0.00
direct decks,AI Max,None,Premium Composite Decks,Ad group 1,USD,0.00,0,1,0.00%,0,0.00,Search,0.00%,0.00,0.00
trex suppliers,AI Max,None,Premium Composite Decks,Ad group 1,USD,0.00,0,1,0.00%,0,0.00,Search,0.00%,0.00,0.00
deck repairs and staining,AI Max,None,Premium Composite Decks,Ad group 1,USD,0.00,0,1,0.00%,0,0.00,Search,0.00%,0.00,0.00
trex rocky harbor,AI Max,None,Premium Composite Decks,Ad group 1,USD,0.00,0,4,0.00%,0,0.00,Search,0.00%,0.00,0.00
deck restoration northern virginia,AI Max,None,Premium Composite Decks,Ad group 1,USD,0.00,0,2,0.00%,0,0.00,Search,0.00%,0.00,0.00
patio furniture repair near me,AI Max,None,Premium Composite Decks,Ad group 1,USD,0.00,0,2,0.00%,0,0.00,Search,0.00%,0.00,0.00
aeratis porch flooring,AI Max,None,Premium Composite Decks,Ad group 1,USD,0.00,0,1,0.00%,0,0.00,Search,0.00%,0.00,0.00
deck inspection near me,AI Max,None,Premium Composite Decks,Ad group 1,USD,0.00,0,2,0.00%,0,0.00,Search,0.00%,0.00,0.00
timberworks,Broad match,None,loudoun decks,Deck Builder - Brambleton,USD,0.00,0,1,0.00%,0,0.00,Search,0.00%,0.00,0.00
outdoor patio near me,Broad match,None,loudoun decks,Deck Builder - Brambleton,USD,0.00,0,4,0.00%,0,0.00,Search,0.00%,0.00,0.00
deck armor llc,AI Max,None,loudoun decks,Deck Builder - Lansdowne,USD,0.00,0,1,0.00%,0,0.00,Search,0.00%,0.00,0.00
deck replacement,AI Max,None,loudoun decks,Deck Builder - Leesburg,USD,0.00,0,1,0.00%,0,0.00,Search,0.00%,0.00,0.00
deckscaping,AI Max,None,loudoun decks,Deck Builder - Potomac Falls,USD,0.00,0,1,0.00%,0,0.00,Search,0.00%,0.00,0.00
decks,AI Max,None,loudoun decks,Deck Builder - Aldie,USD,902.50,1,4,25.00%,3.61,3.61,Search,0.00%,0.00,0.00
ashburn deck builders,AI Max,None,loudoun decks,Deck Builder - South Riding,USD,0.00,0,1,0.00%,0,0.00,Search,0.00%,0.00,0.00
installing lattice on deck,Phrase match (close variant),None,loudoun decks,Deck Builder - Brambleton,USD,0.00,0,1,0.00%,0,0.00,Search,0.00%,0.00,0.00
pagoda design for home,Broad match,None,loudoun decks,Deck Builder - Brambleton,USD,2840.00,1,1,100.00%,2.84,2.84,Search,0.00%,0.00,0.00
deck inspection,Broad match,None,loudoun decks,Deck Builder - Brambleton,USD,0.00,0,1,0.00%,0,0.00,Search,0.00%,0.00,0.00
composite deck installer,AI Max,None,loudoun decks,Deck Builder - Round Hill,USD,0.00,0,1,0.00%,0,0.00,Search,0.00%,0.00,0.00
elevated deck,AI Max,None,loudoun decks,Deck Builder - South Riding,USD,0.00,0,1,0.00%,0,0.00,Search,0.00%,0.00,0.00
pergola installation near me,Performance Max,None,Pmax - Dec4, --,USD,0.00,0,1,0.00%,0,0.00,Performance Max,0.00%,0.00,0.00
deckorators decking review,AI Max,None,Deck Repair - Loudoun County,Deck Repair - Loudoun County,USD,0.00,0,1,0.00%,0,0.00,Search,0.00%,0.00,0.00
polyurethane deck,AI Max,None,Deck Repair - Loudoun County,Deck Repair - Loudoun County,USD,0.00,0,1,0.00%,0,0.00,Search,0.00%,0.00,0.00
10x15 deck,AI Max,None,Deck Repair - Loudoun County,Deck Repair - Loudoun County,USD,0.00,0,2,0.00%,0,0.00,Search,0.00%,0.00,0.00
homeland contractors,AI Max,None,Deck Repair - Loudoun County,Deck Restoration - Refinishing,USD,0.00,0,1,0.00%,0,0.00,Search,0.00%,0.00,0.00
building a deck off your house,AI Max,None,Deck Repair - Loudoun County,Deck Replacement,USD,0.00,0,1,0.00%,0,0.00,Search,0.00%,0.00,0.00
techo bloc pavers,AI Max,None,Fairfax-Search-Search - Deck Leads - VA - May 2025,Deck + Patio / Outdoor Living,USD,0.00,0,1,0.00%,0,0.00,Search,0.00%,0.00,0.00
paver brick patterns,AI Max,None,Fairfax-Search-Search - Deck Leads - VA - May 2025,Deck + Patio / Outdoor Living,USD,0.00,0,1,0.00%,0,0.00,Search,0.00%,0.00,0.00
trex retailer near me,AI Max,None,Fairfax-Search-Search - Deck Leads - VA - May 2025,Composite Decking,USD,0.00,0,1,0.00%,0,0.00,Search,0.00%,0.00,0.00
retractable awning for deck,AI Max,None,Fairfax-Search-Search - Deck Leads - VA - May 2025,Deck + Patio / Outdoor Living,USD,0.00,0,3,0.00%,0,0.00,Search,0.00%,0.00,0.00
capitol building group,AI Max,None,Fairfax-Search-Search - Deck Leads - VA - May 2025,Composite Decking,USD,0.00,0,1,0.00%,0,0.00,Search,0.00%,0.00,0.00
structural engineer fairfax,AI Max,None,Fairfax-Search-Search - Deck Leads - VA - May 2025,Deck Builders Near Me,USD,0.00,0,1,0.00%,0,0.00,Search,0.00%,0.00,0.00
pergolas,Performance Max,None,PMAX cu remarketing, --,USD,0.00,0,4,0.00%,0,0.00,Performance Max,0.00%,0.00,0.00
deck post repair near me,Performance Max,None,PMAX cu remarketing, --,USD,0.00,0,1,0.00%,0,0.00,Performance Max,0.00%,0.00,0.00
deck wattle,Performance Max,None,PMAX cu remarketing, --,USD,0.00,0,1,0.00%,0,0.00,Performance Max,0.00%,0.00,0.00
railing for deck,Performance Max,None,PMAX cu remarketing, --,USD,0.00,0,1,0.00%,0,0.00,Performance Max,0.00%,0.00,0.00
truedecks reviews,Performance Max,None,PMAX cu remarketing, --,USD,0.00,0,1,0.00%,0,0.00,Performance Max,0.00%,0.00,0.00
diseños de deck,Performance Max,None,PMAX cu remarketing, --,USD,0.00,0,1,0.00%,0,0.00,Performance Max,0.00%,0.00,0.00
pergolas & gazebos,Performance Max,None,PMAX cu remarketing, --,USD,0.00,0,1,0.00%,0,0.00,Performance Max,0.00%,0.00,0.00
lumber yard northern virginia,Performance Max,None,PMAX cu remarketing, --,USD,0.00,0,1,0.00%,0,0.00,Performance Max,0.00%,0.00,0.00
deck repair haymarket va,Performance Max,None,PMAX cu remarketing, --,USD,0.00,0,1,0.00%,0,0.00,Performance Max,0.00%,0.00,0.00
trex store near me,Performance Max,None,PMAX cu remarketing, --,USD,0.00,0,1,0.00%,0,0.00,Performance Max,0.00%,0.00,0.00
power wash outdoor carpet,Performance Max,None,PMAX cu remarketing, --,USD,0.00,0,1,0.00%,0,0.00,Performance Max,0.00%,0.00,0.00
screening porch ideas,Performance Max,None,PMAX cu remarketing, --,USD,0.00,0,1,0.00%,0,0.00,Performance Max,0.00%,0.00,0.00
construction company near me,Performance Max,None,PMAX cu remarketing, --,USD,0.00,0,2,0.00%,0,0.00,Performance Max,0.00%,0.00,0.00
pavers near me,Performance Max,None,PMAX cu remarketing, --,USD,0.00,0,1,0.00%,0,0.00,Performance Max,0.00%,0.00,0.00
sundeck near me,Performance Max,None,PMAX cu remarketing, --,USD,0.00,0,1,0.00%,0,0.00,Performance Max,0.00%,0.00,0.00
balcony,Performance Max,None,PMAX cu remarketing, --,USD,0.00,0,1,0.00%,0,0.00,Performance Max,0.00%,0.00,0.00
stone decks,Performance Max,None,PMAX cu remarketing, --,USD,0.00,0,1,0.00%,0,0.00,Performance Max,0.00%,0.00,0.00
fence building,Performance Max,None,PMAX cu remarketing, --,USD,0.00,0,1,0.00%,0,0.00,Performance Max,0.00%,0.00,0.00
loudoun property solutions reviews,Performance Max,None,PMAX cu remarketing, --,USD,0.00,0,1,0.00%,0,0.00,Performance Max,0.00%,0.00,0.00
northern virginia deck repair,Performance Max,None,PMAX cu remarketing, --,USD,0.00,0,5,0.00%,0,0.00,Performance Max,0.00%,0.00,0.00
morr construction,Broad match,None,loudoun decks,Deck Builder - Brambleton,USD,0.00,0,1,0.00%,0,0.00,Search,0.00%,0.00,0.00
bestoocn,AI Max,None,loudoun decks,Deck Builder - South Riding,USD,0.00,0,1,0.00%,0,0.00,Search,0.00%,0.00,0.00
deck and docks,Broad match,None,loudoun decks,Deck Builder - Brambleton,USD,0.00,0,1,0.00%,0,0.00,Search,0.00%,0.00,0.00
deck near me,AI Max,None,loudoun decks,Deck Builder - Potomac Falls,USD,0.00,0,1,0.00%,0,0.00,Search,0.00%,0.00,0.00
outdoor fireplace contractors near me,Broad match,None,loudoun decks,Deck Builder - Brambleton,USD,0.00,0,1,0.00%,0,0.00,Search,0.00%,0.00,0.00
fence builders near me,Performance Max,None,Pmax - Dec4, --,USD,0.00,0,1,0.00%,0,0.00,Performance Max,0.00%,0.00,0.00
leesburg decks,Performance Max,None,Pmax - Dec4, --,USD,0.00,0,1,0.00%,0,0.00,Performance Max,0.00%,0.00,0.00
loudoun lumber,Performance Max,None,Pmax - Dec4, --,USD,0.00,0,2,0.00%,0,0.00,Performance Max,0.00%,0.00,0.00
sunburst construction,Performance Max,None,Pmax - Dec4, --,USD,0.00,0,6,0.00%,0,0.00,Performance Max,0.00%,0.00,0.00
trex decking nearby,AI Max,None,Premium Composite Decks,Ad group 1,USD,0.00,0,1,0.00%,0,0.00,Search,0.00%,0.00,0.00
deck company,Exact match (close variant),None,Premium Composite Decks,Ad group 1,USD,0.00,0,2,0.00%,0,0.00,Search,0.00%,0.00,0.00
builders first choice,AI Max,None,Premium Composite Decks,Ad group 1,USD,0.00,0,1,0.00%,0,0.00,Search,0.00%,0.00,0.00
deck gris,AI Max,None,Premium Composite Decks,Ad group 1,USD,0.00,0,1,0.00%,0,0.00,Search,0.00%,0.00,0.00
lava rock trex deck,AI Max,None,Premium Composite Decks,Ad group 1,USD,0.00,0,1,0.00%,0,0.00,Search,0.00%,0.00,0.00
virginia lumber,AI Max,None,Premium Composite Decks,Ad group 1,USD,0.00,0,1,0.00%,0,0.00,Search,0.00%,0.00,0.00
rimble landscaping,AI Max,None,Premium Composite Decks,Ad group 1,USD,0.00,0,1,0.00%,0,0.00,Search,0.00%,0.00,0.00
porch renovation,AI Max,None,Premium Composite Decks,Ad group 1,USD,0.00,0,2,0.00%,0,0.00,Search,0.00%,0.00,0.00
elegant patio enclosures reviews,AI Max,None,Premium Composite Decks,Ad group 1,USD,0.00,0,1,0.00%,0,0.00,Search,0.00%,0.00,0.00
northern va deck builders,AI Max,None,Deck Repair - Loudoun County,Deck Replacement,USD,0.00,0,1,0.00%,0,0.00,Search,0.00%,0.00,0.00
wood deck vs composite cost,AI Max,None,Deck Repair - Loudoun County,Deck Repair - Loudoun County,USD,0.00,0,4,0.00%,0,0.00,Search,0.00%,0.00,0.00
loudoun county deck details,AI Max,None,Deck Repair - Loudoun County,Deck Restoration - Refinishing,USD,0.00,0,1,0.00%,0,0.00,Search,0.00%,0.00,0.00
replace part of deck board,Broad match,None,Deck Repair - Loudoun County,Deck Replacement,USD,0.00,0,1,0.00%,0,0.00,Search,0.00%,0.00,0.00
decks near me,AI Max,None,Deck Repair - Loudoun County,Composite - Trex Repair,USD,0.00,0,2,0.00%,0,0.00,Search,0.00%,0.00,0.00
under deck roof,AI Max,None,Deck Repair - Loudoun County,Deck Replacement,USD,0.00,0,1,0.00%,0,0.00,Search,0.00%,0.00,0.00
deckorators,AI Max,None,Deck Repair - Loudoun County,Deck Repair - Loudoun County,USD,0.00,0,1,0.00%,0,0.00,Search,0.00%,0.00,0.00
installing deck boards,AI Max,None,Deck Repair - Loudoun County,Deck Repair - Loudoun County,USD,0.00,0,2,0.00%,0,0.00,Search,0.00%,0.00,0.00
king carpentry,AI Max,None,Deck Repair - Loudoun County,Deck Repair - Loudoun County,USD,0.00,0,1,0.00%,0,0.00,Search,0.00%,0.00,0.00
trex transcends decking,AI Max,None,Deck Repair - Loudoun County,Deck Restoration - Refinishing,USD,0.00,0,1,0.00%,0,0.00,Search,0.00%,0.00,0.00
